# This file uses centimeters as units for non-parametric coordinates.

mtllib coin2.mtl
g default
v 1.925404 -0.047102 -0.202368
v 1.893703 -0.047102 -0.402519
v 1.841255 -0.047102 -0.598260
v 1.768633 -0.047102 -0.787446
v 1.676634 -0.047102 -0.968004
v 1.566264 -0.047102 -1.137958
v 1.438735 -0.047102 -1.295444
v 1.295443 -0.047102 -1.438735
v 1.137957 -0.047102 -1.566264
v 0.968004 -0.047102 -1.676634
v 0.787446 -0.047102 -1.768633
v 0.598259 -0.047102 -1.841254
v 0.402519 -0.047102 -1.893703
v 0.202368 -0.047102 -1.925404
v -0.000000 -0.047102 -1.936009
v -0.202368 -0.047102 -1.925404
v -0.402519 -0.047102 -1.893703
v -0.598260 -0.047102 -1.841254
v -0.787446 -0.047102 -1.768633
v -0.968004 -0.047102 -1.676633
v -1.137958 -0.047102 -1.566264
v -1.295443 -0.047102 -1.438734
v -1.438734 -0.047102 -1.295443
v -1.566264 -0.047102 -1.137957
v -1.676633 -0.047102 -0.968004
v -1.768632 -0.047102 -0.787446
v -1.841254 -0.047102 -0.598259
v -1.893702 -0.047102 -0.402519
v -1.925403 -0.047102 -0.202368
v -1.936009 -0.047102 0.000000
v -1.925403 -0.047102 0.202368
v -1.893702 -0.047102 0.402519
v -1.841254 -0.047102 0.598259
v -1.768632 -0.047102 0.787446
v -1.676633 -0.047102 0.968004
v -1.566264 -0.047102 1.137957
v -1.438734 -0.047102 1.295443
v -1.295442 -0.047102 1.438734
v -1.137957 -0.047102 1.566264
v -0.968004 -0.047102 1.676633
v -0.787445 -0.047102 1.768632
v -0.598259 -0.047102 1.841253
v -0.402519 -0.047102 1.893702
v -0.202368 -0.047102 1.925403
v 0.000000 -0.047102 1.936009
v 0.202368 -0.047102 1.925403
v 0.402519 -0.047102 1.893702
v 0.598259 -0.047102 1.841253
v 0.787445 -0.047102 1.768632
v 0.968004 -0.047102 1.676632
v 1.137957 -0.047102 1.566264
v 1.295443 -0.047102 1.438734
v 1.438734 -0.047102 1.295442
v 1.566264 -0.047102 1.137956
v 1.676632 -0.047102 0.968004
v 1.768632 -0.047102 0.787445
v 1.841253 -0.047102 0.598259
v 1.893702 -0.047102 0.402519
v 1.925403 -0.047102 0.202368
v 1.936009 -0.047102 0.000000
v 1.925404 0.047102 -0.202368
v 1.893703 0.047102 -0.402519
v 1.841255 0.047102 -0.598260
v 1.768633 0.047102 -0.787446
v 1.676634 0.047102 -0.968004
v 1.566264 0.047102 -1.137958
v 1.438735 0.047102 -1.295444
v 1.295443 0.047102 -1.438735
v 1.137957 0.047102 -1.566264
v 0.968004 0.047102 -1.676634
v 0.787446 0.047102 -1.768633
v 0.598259 0.047102 -1.841254
v 0.402519 0.047102 -1.893703
v 0.202368 0.047102 -1.925404
v -0.000000 0.047102 -1.936009
v -0.202368 0.047102 -1.925404
v -0.402519 0.047102 -1.893703
v -0.598260 0.047102 -1.841254
v -0.787446 0.047102 -1.768633
v -0.968004 0.047102 -1.676633
v -1.137958 0.047102 -1.566264
v -1.295443 0.047102 -1.438734
v -1.438734 0.047102 -1.295443
v -1.566264 0.047102 -1.137957
v -1.676633 0.047102 -0.968004
v -1.768632 0.047102 -0.787446
v -1.841254 0.047102 -0.598259
v -1.893702 0.047102 -0.402519
v -1.925403 0.047102 -0.202368
v -1.936009 0.047102 0.000000
v -1.925403 0.047102 0.202368
v -1.893702 0.047102 0.402519
v -1.841254 0.047102 0.598259
v -1.768632 0.047102 0.787446
v -1.676633 0.047102 0.968004
v -1.566264 0.047102 1.137957
v -1.438734 0.047102 1.295443
v -1.295442 0.047102 1.438734
v -1.137957 0.047102 1.566264
v -0.968004 0.047102 1.676633
v -0.787445 0.047102 1.768632
v -0.598259 0.047102 1.841253
v -0.402519 0.047102 1.893702
v -0.202368 0.047102 1.925403
v 0.000000 0.047102 1.936009
v 0.202368 0.047102 1.925403
v 0.402519 0.047102 1.893702
v 0.598259 0.047102 1.841253
v 0.787445 0.047102 1.768632
v 0.968004 0.047102 1.676632
v 1.137957 0.047102 1.566264
v 1.295443 0.047102 1.438734
v 1.438734 0.047102 1.295442
v 1.566264 0.047102 1.137956
v 1.676632 0.047102 0.968004
v 1.768632 0.047102 0.787445
v 1.841253 0.047102 0.598259
v 1.893702 0.047102 0.402519
v 1.925403 0.047102 0.202368
v 1.936009 0.047102 0.000000
v 0.000000 -0.047102 0.000000
v 0.000000 0.047102 0.000000
v 2.024994 -0.047102 -0.212835
v 1.991653 -0.047102 -0.423339
v 1.991653 0.047102 -0.423339
v 2.024994 0.047102 -0.212835
v 1.936492 -0.047102 -0.629204
v 1.936492 0.047102 -0.629204
v 1.860113 -0.047102 -0.828176
v 1.860113 0.047102 -0.828176
v 1.763355 -0.047102 -1.018073
v 1.763355 0.047102 -1.018073
v 1.647277 -0.047102 -1.196818
v 1.647277 0.047102 -1.196818
v 1.513151 -0.047102 -1.362449
v 1.513151 0.047102 -1.362449
v 1.362448 -0.047102 -1.513152
v 1.362448 0.047102 -1.513152
v 1.196817 -0.047102 -1.647278
v 1.196817 0.047102 -1.647278
v 1.018073 -0.047102 -1.763355
v 1.018073 0.047102 -1.763355
v 0.828175 -0.047102 -1.860113
v 0.828175 0.047102 -1.860113
v 0.629204 -0.047102 -1.936490
v 0.629204 0.047102 -1.936490
v 0.423339 -0.047102 -1.991653
v 0.423339 0.047102 -1.991653
v 0.212835 -0.047102 -2.024993
v 0.212835 0.047102 -2.024993
v -0.000000 -0.047102 -2.036146
v -0.000000 0.047102 -2.036146
v -0.212835 -0.047102 -2.024993
v -0.212835 0.047102 -2.024993
v -0.423339 -0.047102 -1.991653
v -0.423339 0.047102 -1.991653
v -0.629204 -0.047102 -1.936489
v -0.629204 0.047102 -1.936489
v -0.828176 -0.047102 -1.860112
v -0.828176 0.047102 -1.860112
v -1.018073 -0.047102 -1.763355
v -1.018073 0.047102 -1.763355
v -1.196817 -0.047102 -1.647277
v -1.196817 0.047102 -1.647277
v -1.362448 -0.047102 -1.513151
v -1.362448 0.047102 -1.513151
v -1.513151 -0.047102 -1.362448
v -1.513151 0.047102 -1.362448
v -1.647277 -0.047102 -1.196817
v -1.647277 0.047102 -1.196817
v -1.763354 -0.047102 -1.018073
v -1.763354 0.047102 -1.018073
v -1.860112 -0.047102 -0.828175
v -1.860112 0.047102 -0.828175
v -1.936489 -0.047102 -0.629203
v -1.936489 0.047102 -0.629203
v -1.991650 -0.047102 -0.423339
v -1.991650 0.047102 -0.423339
v -2.024993 -0.047102 -0.212835
v -2.024993 0.047102 -0.212835
v -2.036145 -0.047102 0.000000
v -2.036145 0.047102 0.000000
v -2.024993 -0.047102 0.212835
v -2.024993 0.047102 0.212835
v -1.991650 -0.047102 0.423339
v -1.991650 0.047102 0.423339
v -1.936489 -0.047102 0.629204
v -1.936489 0.047102 0.629204
v -1.860112 -0.047102 0.828175
v -1.860112 0.047102 0.828175
v -1.763354 -0.047102 1.018073
v -1.763354 0.047102 1.018073
v -1.647277 -0.047102 1.196817
v -1.647277 0.047102 1.196817
v -1.513151 -0.047102 1.362448
v -1.513151 0.047102 1.362448
v -1.362447 -0.047102 1.513151
v -1.362447 0.047102 1.513151
v -1.196817 -0.047102 1.647277
v -1.196817 0.047102 1.647277
v -1.018073 -0.047102 1.763354
v -1.018073 0.047102 1.763354
v -0.828175 -0.047102 1.860112
v -0.828175 0.047102 1.860112
v -0.629203 -0.047102 1.936489
v -0.629203 0.047102 1.936489
v -0.423338 -0.047102 1.991650
v -0.423338 0.047102 1.991650
v -0.212835 -0.047102 2.024993
v -0.212835 0.047102 2.024993
v 0.000000 -0.047102 2.036145
v 0.000000 0.047102 2.036145
v 0.212835 -0.047102 2.024992
v 0.212835 0.047102 2.024992
v 0.423339 -0.047102 1.991650
v 0.423339 0.047102 1.991650
v 0.629204 -0.047102 1.936489
v 0.629204 0.047102 1.936489
v 0.828175 -0.047102 1.860112
v 0.828175 0.047102 1.860112
v 1.018073 -0.047102 1.763354
v 1.018073 0.047102 1.763354
v 1.196817 -0.047102 1.647276
v 1.196817 0.047102 1.647276
v 1.362448 -0.047102 1.513151
v 1.362448 0.047102 1.513151
v 1.513151 -0.047102 1.362446
v 1.513151 0.047102 1.362446
v 1.647277 -0.047102 1.196817
v 1.647277 0.047102 1.196817
v 1.763354 -0.047102 1.018073
v 1.763354 0.047102 1.018073
v 1.860112 -0.047102 0.828175
v 1.860112 0.047102 0.828175
v 1.936489 -0.047102 0.629203
v 1.936489 0.047102 0.629203
v 1.991650 -0.047102 0.423339
v 1.991650 0.047102 0.423339
v 2.024992 -0.047102 0.212835
v 2.024992 0.047102 0.212835
v 2.036145 -0.047102 0.000000
v 2.036145 0.047102 0.000000
v 1.926452 0.087102 -0.182370
v 1.924883 0.072346 -0.202314
v 1.922272 0.087102 -0.222147
v 1.925404 0.067104 -0.202368
v 2.026041 0.087102 -0.192837
v 2.024994 0.067104 -0.212835
v 2.021861 0.087102 -0.232614
v 2.024472 0.072346 -0.212780
v 1.888520 0.087102 -0.421862
v 1.893703 0.067104 -0.402519
v 1.896836 0.087102 -0.382740
v 1.893190 0.072346 -0.402410
v 1.986470 0.087102 -0.442682
v 1.991140 0.072346 -0.423230
v 1.994784 0.087102 -0.403560
v 1.991653 0.067104 -0.423339
v 1.834078 0.087102 -0.616955
v 1.841255 0.067104 -0.598260
v 1.846438 0.087102 -0.578917
v 1.840756 0.072346 -0.598098
v 1.929315 0.087102 -0.647900
v 1.935992 0.072346 -0.629042
v 1.941675 0.087102 -0.609861
v 1.936492 0.067104 -0.629204
v 1.759541 0.087102 -0.805289
v 1.768633 0.067104 -0.787446
v 1.775809 0.087102 -0.768751
v 1.768154 0.072346 -0.787233
v 1.851022 0.087102 -0.846019
v 1.859634 0.072346 -0.827963
v 1.867289 0.087102 -0.809481
v 1.860113 0.067104 -0.828176
v 1.665727 0.087102 -0.984800
v 1.676634 0.067104 -0.968004
v 1.685725 0.087102 -0.950162
v 1.676180 0.072346 -0.967743
v 1.752448 0.087102 -1.034868
v 1.762901 0.072346 -1.017812
v 1.772446 0.087102 -1.000231
v 1.763355 0.067104 -1.018073
v 1.553662 0.087102 -1.153521
v 1.566264 0.067104 -1.137958
v 1.577171 0.087102 -1.121164
v 1.565840 0.072346 -1.137650
v 1.634675 0.087102 -1.212380
v 1.646853 0.072346 -1.196509
v 1.658184 0.087102 -1.180022
v 1.647277 0.067104 -1.196818
v 1.424575 0.087102 -1.309604
v 1.438735 0.067104 -1.295444
v 1.451338 0.072346 -1.279881
v 1.438345 0.072346 -1.295093
v 1.498991 0.087102 -1.376609
v 1.512761 0.072346 -1.362098
v 1.525754 0.072346 -1.346886
v 1.513151 0.067104 -1.362449
v 1.279881 0.087102 -1.451338
v 1.295443 0.067104 -1.438735
v 1.309603 0.087102 -1.424575
v 1.295092 0.072346 -1.438345
v 1.346886 0.087102 -1.525755
v 1.362097 0.072346 -1.512763
v 1.376608 0.087102 -1.498992
v 1.362448 0.067104 -1.513152
v 1.121163 0.087102 -1.577171
v 1.137957 0.067104 -1.566264
v 1.153520 0.072346 -1.553662
v 1.137649 0.072346 -1.565840
v 1.180022 0.087102 -1.658184
v 1.196508 0.072346 -1.646853
v 1.212380 0.072346 -1.634675
v 1.196817 0.067104 -1.647278
v 0.950162 0.087102 -1.685725
v 0.968004 0.067104 -1.676634
v 0.984800 0.087102 -1.665727
v 0.967743 0.072346 -1.676180
v 1.000231 0.087102 -1.772446
v 1.017811 0.072346 -1.762901
v 1.034868 0.087102 -1.752448
v 1.018073 0.067104 -1.763355
v 0.768751 0.087102 -1.775809
v 0.787446 0.067104 -1.768633
v 0.805289 0.087102 -1.759541
v 0.787232 0.072346 -1.768154
v 0.809480 0.087102 -1.867289
v 0.827962 0.072346 -1.859634
v 0.846018 0.087102 -1.851021
v 0.828175 0.067104 -1.860113
v 0.578916 0.087102 -1.846437
v 0.598259 0.067104 -1.841254
v 0.616955 0.087102 -1.834078
v 0.598097 0.072346 -1.840756
v 0.609861 0.087102 -1.941674
v 0.629042 0.072346 -1.935992
v 0.647899 0.087102 -1.929314
v 0.629204 0.067104 -1.936490
v 0.382740 0.087102 -1.896836
v 0.402519 0.067104 -1.893703
v 0.421862 0.087102 -1.888520
v 0.402410 0.072346 -1.893190
v 0.403560 0.087102 -1.994784
v 0.423230 0.072346 -1.991139
v 0.442682 0.087102 -1.986470
v 0.423339 0.067104 -1.991653
v 0.182370 0.087102 -1.926452
v 0.202368 0.067104 -1.925404
v 0.222147 0.087102 -1.922271
v 0.202313 0.072346 -1.924882
v 0.192837 0.087102 -2.026040
v 0.212780 0.072346 -2.024472
v 0.232614 0.087102 -2.021861
v 0.212835 0.067104 -2.024993
v -0.019998 0.087102 -1.934962
v -0.000000 0.067104 -1.936009
v 0.019998 0.087102 -1.934962
v -0.000000 0.072346 -1.935485
v -0.019998 0.087102 -2.035099
v -0.000000 0.072346 -2.035621
v 0.019998 0.087102 -2.035099
v -0.000000 0.067104 -2.036146
v -0.222147 0.087102 -1.922271
v -0.202368 0.067104 -1.925404
v -0.182370 0.087102 -1.926452
v -0.202313 0.072346 -1.924882
v -0.232614 0.087102 -2.021861
v -0.212781 0.072346 -2.024472
v -0.192837 0.087102 -2.026040
v -0.212835 0.067104 -2.024993
v -0.421862 0.087102 -1.888520
v -0.402519 0.067104 -1.893703
v -0.382740 0.087102 -1.896836
v -0.402410 0.072346 -1.893190
v -0.442682 0.087102 -1.986470
v -0.423230 0.072346 -1.991139
v -0.403560 0.087102 -1.994784
v -0.423339 0.067104 -1.991653
v -0.616955 0.087102 -1.834078
v -0.598260 0.067104 -1.841254
v -0.578917 0.087102 -1.846437
v -0.598098 0.072346 -1.840756
v -0.647899 0.087102 -1.929314
v -0.629042 0.072346 -1.935992
v -0.609861 0.087102 -1.941674
v -0.629204 0.067104 -1.936489
v -0.805289 0.087102 -1.759541
v -0.787446 0.067104 -1.768633
v -0.768751 0.087102 -1.775809
v -0.787233 0.072346 -1.768153
v -0.846019 0.087102 -1.851021
v -0.827962 0.072346 -1.859633
v -0.809480 0.087102 -1.867289
v -0.828176 0.067104 -1.860112
v -0.984800 0.087102 -1.665727
v -0.968004 0.067104 -1.676633
v -0.950162 0.087102 -1.685725
v -0.967743 0.072346 -1.676179
v -1.034868 0.087102 -1.752448
v -1.017811 0.072346 -1.762901
v -1.000231 0.087102 -1.772446
v -1.018073 0.067104 -1.763355
v -1.153521 0.087102 -1.553662
v -1.137958 0.067104 -1.566264
v -1.121163 0.087102 -1.577171
v -1.137650 0.072346 -1.565840
v -1.212380 0.087102 -1.634675
v -1.196509 0.072346 -1.646853
v -1.180022 0.087102 -1.658184
v -1.196817 0.067104 -1.647277
v -1.309604 0.087102 -1.424575
v -1.295443 0.067104 -1.438734
v -1.279881 0.087102 -1.451337
v -1.295093 0.072346 -1.438345
v -1.376609 0.087102 -1.498991
v -1.362098 0.072346 -1.512761
v -1.346886 0.087102 -1.525754
v -1.362448 0.067104 -1.513151
v -1.451338 0.087102 -1.279881
v -1.438734 0.067104 -1.295443
v -1.424575 0.087102 -1.309603
v -1.438345 0.072346 -1.295092
v -1.525754 0.087102 -1.346885
v -1.512761 0.072346 -1.362096
v -1.498991 0.087102 -1.376608
v -1.513151 0.067104 -1.362448
v -1.577171 0.087102 -1.121163
v -1.566264 0.067104 -1.137957
v -1.553662 0.087102 -1.153520
v -1.565840 0.072346 -1.137649
v -1.658184 0.087102 -1.180022
v -1.646853 0.072346 -1.196508
v -1.634675 0.087102 -1.212380
v -1.647277 0.067104 -1.196817
v -1.685725 0.087102 -0.950162
v -1.676633 0.067104 -0.968004
v -1.665726 0.087102 -0.984800
v -1.676179 0.072346 -0.967742
v -1.772446 0.087102 -1.000230
v -1.762900 0.072346 -1.017810
v -1.752448 0.087102 -1.034868
v -1.763354 0.067104 -1.018073
v -1.775809 0.087102 -0.768750
v -1.768632 0.067104 -0.787446
v -1.759541 0.087102 -0.805288
v -1.768153 0.072346 -0.787232
v -1.867289 0.087102 -0.809480
v -1.859633 0.072346 -0.827962
v -1.851021 0.087102 -0.846018
v -1.860112 0.067104 -0.828175
v -1.846437 0.087102 -0.578916
v -1.841254 0.067104 -0.598259
v -1.834077 0.087102 -0.616955
v -1.840755 0.072346 -0.598097
v -1.941673 0.087102 -0.609861
v -1.935991 0.072346 -0.629042
v -1.929313 0.087102 -0.647899
v -1.936489 0.067104 -0.629203
v -1.896835 0.087102 -0.382740
v -1.893702 0.067104 -0.402519
v -1.888520 0.087102 -0.421862
v -1.893190 0.072346 -0.402410
v -1.994784 0.087102 -0.403560
v -1.991138 0.072346 -0.423230
v -1.986467 0.087102 -0.442682
v -1.991650 0.067104 -0.423339
v -1.926452 0.087102 -0.182370
v -1.925403 0.067104 -0.202368
v -1.922271 0.087102 -0.222147
v -1.924882 0.072346 -0.202313
v -2.026040 0.087102 -0.192837
v -2.024472 0.072346 -0.212780
v -2.021860 0.087102 -0.232614
v -2.024993 0.067104 -0.212835
v -1.934961 0.087102 0.019998
v -1.936009 0.067104 0.000000
v -1.934961 0.087102 -0.019998
v -1.935485 0.072346 0.000000
v -2.035098 0.087102 0.019998
v -2.035621 0.072346 0.000000
v -2.035098 0.087102 -0.019998
v -2.036145 0.067104 0.000000
v -1.922270 0.087102 0.222147
v -1.925403 0.067104 0.202368
v -1.926451 0.087102 0.182370
v -1.924882 0.072346 0.202313
v -2.021860 0.087102 0.232614
v -2.024472 0.072346 0.212781
v -2.026040 0.087102 0.192837
v -2.024993 0.067104 0.212835
v -1.888519 0.087102 0.421862
v -1.893702 0.067104 0.402519
v -1.896835 0.087102 0.382740
v -1.893190 0.072346 0.402410
v -1.986467 0.087102 0.442682
v -1.991138 0.072346 0.423230
v -1.994784 0.087102 0.403560
v -1.991650 0.067104 0.423339
v -1.834077 0.087102 0.616955
v -1.841254 0.067104 0.598259
v -1.846437 0.087102 0.578916
v -1.840755 0.072346 0.598097
v -1.929313 0.087102 0.647899
v -1.935991 0.072346 0.629042
v -1.941672 0.087102 0.609861
v -1.936489 0.067104 0.629204
v -1.759541 0.087102 0.805288
v -1.768632 0.067104 0.787446
v -1.775809 0.087102 0.768750
v -1.768153 0.072346 0.787232
v -1.851021 0.087102 0.846018
v -1.859633 0.072346 0.827962
v -1.867288 0.087102 0.809480
v -1.860112 0.067104 0.828175
v -1.665726 0.087102 0.984800
v -1.676633 0.067104 0.968004
v -1.685724 0.087102 0.950162
v -1.676179 0.072346 0.967742
v -1.752448 0.087102 1.034868
v -1.762900 0.072346 1.017810
v -1.772446 0.087102 1.000230
v -1.763354 0.067104 1.018073
v -1.553662 0.087102 1.153520
v -1.566264 0.067104 1.137957
v -1.577171 0.087102 1.121163
v -1.565840 0.072346 1.137649
v -1.634674 0.087102 1.212380
v -1.646852 0.072346 1.196508
v -1.658183 0.087102 1.180022
v -1.647277 0.067104 1.196817
v -1.424575 0.087102 1.309603
v -1.438734 0.067104 1.295443
v -1.451337 0.087102 1.279881
v -1.438345 0.072346 1.295092
v -1.498991 0.087102 1.376608
v -1.512761 0.072346 1.362097
v -1.525754 0.087102 1.346885
v -1.513151 0.067104 1.362448
v -1.279879 0.087102 1.451337
v -1.295442 0.067104 1.438734
v -1.309603 0.087102 1.424575
v -1.295091 0.072346 1.438345
v -1.346884 0.087102 1.525754
v -1.362096 0.072346 1.512761
v -1.376607 0.087102 1.498991
v -1.362447 0.067104 1.513151
v -1.121162 0.087102 1.577171
v -1.137957 0.067104 1.566264
v -1.153519 0.087102 1.553662
v -1.137649 0.072346 1.565840
v -1.180022 0.087102 1.658184
v -1.196508 0.072346 1.646853
v -1.212379 0.087102 1.634674
v -1.196817 0.067104 1.647277
v -0.950162 0.087102 1.685724
v -0.968004 0.067104 1.676633
v -0.984799 0.087102 1.665726
v -0.967742 0.072346 1.676178
v -1.000230 0.087102 1.772446
v -1.017810 0.072346 1.762900
v -1.034868 0.087102 1.752448
v -1.018073 0.067104 1.763354
v -0.768750 0.087102 1.775809
v -0.787445 0.067104 1.768632
v -0.805288 0.087102 1.759541
v -0.787232 0.072346 1.768153
v -0.809480 0.087102 1.867288
v -0.827962 0.072346 1.859633
v -0.846018 0.087102 1.851020
v -0.828175 0.067104 1.860112
v -0.578916 0.087102 1.846436
v -0.598259 0.067104 1.841253
v -0.616955 0.087102 1.834077
v -0.598097 0.072346 1.840755
v -0.609860 0.087102 1.941672
v -0.629041 0.072346 1.935991
v -0.647899 0.087102 1.929313
v -0.629203 0.067104 1.936489
v -0.382740 0.087102 1.896835
v -0.402519 0.067104 1.893702
v -0.421862 0.087102 1.888519
v -0.402410 0.072346 1.893189
v -0.403559 0.087102 1.994784
v -0.423229 0.072346 1.991138
v -0.442681 0.087102 1.986467
v -0.423338 0.067104 1.991650
v -0.182370 0.087102 1.926451
v -0.202368 0.067104 1.925403
v -0.222147 0.087102 1.922270
v -0.202313 0.072346 1.924882
v -0.192837 0.087102 2.026040
v -0.212780 0.072346 2.024470
v -0.232614 0.087102 2.021858
v -0.212835 0.067104 2.024993
v 0.019998 0.087102 1.934961
v 0.000000 0.067104 1.936009
v -0.019998 0.087102 1.934961
v 0.000000 0.072346 1.935484
v 0.019998 0.087102 2.035098
v 0.000000 0.072346 2.035621
v -0.019998 0.087102 2.035098
v 0.000000 0.067104 2.036145
v 0.222147 0.087102 1.922270
v 0.202368 0.067104 1.925403
v 0.182370 0.087102 1.926451
v 0.202313 0.072346 1.924881
v 0.232614 0.087102 2.021858
v 0.212781 0.072346 2.024470
v 0.192837 0.087102 2.026040
v 0.212835 0.067104 2.024992
v 0.421862 0.087102 1.888519
v 0.402519 0.067104 1.893702
v 0.382740 0.087102 1.896835
v 0.402410 0.072346 1.893189
v 0.442682 0.087102 1.986467
v 0.423230 0.072346 1.991138
v 0.403560 0.087102 1.994784
v 0.423339 0.067104 1.991650
v 0.616955 0.087102 1.834077
v 0.598259 0.067104 1.841253
v 0.578916 0.087102 1.846436
v 0.598097 0.072346 1.840755
v 0.647899 0.087102 1.929313
v 0.629042 0.072346 1.935991
v 0.609861 0.087102 1.941672
v 0.629204 0.067104 1.936489
v 0.805288 0.087102 1.759540
v 0.787445 0.067104 1.768632
v 0.768750 0.087102 1.775808
v 0.787232 0.072346 1.768153
v 0.846018 0.087102 1.851020
v 0.827962 0.072346 1.859632
v 0.809480 0.087102 1.867288
v 0.828175 0.067104 1.860112
v 0.984800 0.087102 1.665726
v 0.968004 0.067104 1.676632
v 0.950162 0.087102 1.685724
v 0.967742 0.072346 1.676178
v 1.034868 0.087102 1.752447
v 1.017810 0.072346 1.762900
v 1.000230 0.087102 1.772445
v 1.018073 0.067104 1.763354
v 1.153520 0.087102 1.553661
v 1.137957 0.067104 1.566264
v 1.121163 0.087102 1.577170
v 1.137649 0.072346 1.565840
v 1.212379 0.087102 1.634674
v 1.196508 0.072346 1.646852
v 1.180022 0.087102 1.658183
v 1.196817 0.067104 1.647276
v 1.309603 0.087102 1.424575
v 1.295443 0.067104 1.438734
v 1.279880 0.087102 1.451337
v 1.295091 0.072346 1.438345
v 1.376608 0.087102 1.498991
v 1.362096 0.072346 1.512761
v 1.346885 0.087102 1.525754
v 1.362448 0.067104 1.513151
v 1.451337 0.087102 1.279879
v 1.438734 0.067104 1.295442
v 1.424575 0.087102 1.309602
v 1.438345 0.072346 1.295091
v 1.525754 0.087102 1.346884
v 1.512761 0.072346 1.362096
v 1.498991 0.087102 1.376607
v 1.513151 0.067104 1.362446
v 1.577171 0.087102 1.121162
v 1.566264 0.067104 1.137956
v 1.553661 0.087102 1.153519
v 1.565840 0.072346 1.137649
v 1.658183 0.087102 1.180022
v 1.646852 0.072346 1.196508
v 1.634674 0.087102 1.212379
v 1.647277 0.067104 1.196817
v 1.685724 0.087102 0.950162
v 1.676632 0.067104 0.968004
v 1.665726 0.087102 0.984799
v 1.676178 0.072346 0.967742
v 1.772445 0.087102 1.000230
v 1.762900 0.072346 1.017810
v 1.752447 0.087102 1.034868
v 1.763354 0.067104 1.018073
v 1.775808 0.087102 0.768750
v 1.768632 0.067104 0.787445
v 1.759540 0.087102 0.805288
v 1.768153 0.072346 0.787232
v 1.867288 0.087102 0.809480
v 1.859632 0.072346 0.827962
v 1.851020 0.087102 0.846018
v 1.860112 0.067104 0.828175
v 1.846436 0.087102 0.578916
v 1.841253 0.067104 0.598259
v 1.834077 0.087102 0.616955
v 1.840755 0.072346 0.598097
v 1.941672 0.087102 0.609860
v 1.935991 0.072346 0.629041
v 1.929313 0.087102 0.647899
v 1.936489 0.067104 0.629203
v 1.896835 0.087102 0.382740
v 1.893702 0.067104 0.402519
v 1.888519 0.087102 0.421862
v 1.893189 0.072346 0.402410
v 1.994784 0.087102 0.403560
v 1.991138 0.072346 0.423230
v 1.986467 0.087102 0.442682
v 1.991650 0.067104 0.423339
v 1.926451 0.087102 0.182370
v 1.925403 0.067104 0.202368
v 1.922270 0.087102 0.222147
v 1.924881 0.072346 0.202313
v 2.026040 0.087102 0.192837
v 2.024469 0.072346 0.212780
v 2.021858 0.087102 0.232614
v 2.024992 0.067104 0.212835
v 1.934961 0.087102 -0.019998
v 1.936009 0.067104 0.000000
v 1.934960 0.087102 0.019998
v 1.935484 0.072346 -0.000000
v 2.035098 0.087102 -0.019998
v 2.035621 0.072346 0.000000
v 2.035098 0.087102 0.019998
v 2.036145 0.067104 0.000000
v 1.888520 -0.087102 -0.421862
v 1.893190 -0.064427 -0.402410
v 1.896836 -0.087102 -0.382740
v 1.893703 -0.067104 -0.402519
v 1.986470 -0.087102 -0.442682
v 1.991653 -0.067104 -0.423339
v 1.994785 -0.087102 -0.403560
v 1.991140 -0.064427 -0.423230
v 1.926452 -0.087102 -0.182370
v 1.925404 -0.067104 -0.202368
v 1.922272 -0.087102 -0.222147
v 1.924883 -0.064427 -0.202314
v 2.026041 -0.087102 -0.192837
v 2.024472 -0.064427 -0.212780
v 2.021861 -0.087102 -0.232614
v 2.024994 -0.067104 -0.212835
v 1.834078 -0.087102 -0.616955
v 1.840756 -0.064427 -0.598098
v 1.846438 -0.087102 -0.578917
v 1.841255 -0.067104 -0.598260
v 1.929315 -0.087102 -0.647900
v 1.936492 -0.067104 -0.629204
v 1.941675 -0.087102 -0.609861
v 1.935993 -0.064427 -0.629042
v 1.759541 -0.087102 -0.805289
v 1.768154 -0.087102 -0.787233
v 1.775809 -0.087102 -0.768751
v 1.768633 -0.067104 -0.787446
v 1.851022 -0.087102 -0.846019
v 1.860113 -0.067104 -0.828176
v 1.867289 -0.087102 -0.809481
v 1.859634 -0.087102 -0.827963
v 1.665727 -0.087102 -0.984800
v 1.676180 -0.064427 -0.967742
v 1.685725 -0.087102 -0.950162
v 1.676634 -0.067104 -0.968004
v 1.752448 -0.087102 -1.034868
v 1.763355 -0.067104 -1.018073
v 1.772446 -0.087102 -1.000231
v 1.762901 -0.064427 -1.017811
v 1.553662 -0.087102 -1.153521
v 1.565840 -0.064427 -1.137650
v 1.577171 -0.087102 -1.121164
v 1.566264 -0.067104 -1.137958
v 1.634675 -0.087102 -1.212380
v 1.647277 -0.067104 -1.196818
v 1.658184 -0.087102 -1.180023
v 1.646853 -0.064427 -1.196509
v 1.424575 -0.087102 -1.309604
v 1.438345 -0.064427 -1.295093
v 1.451337 -0.087102 -1.279881
v 1.438735 -0.067104 -1.295444
v 1.498991 -0.087102 -1.376609
v 1.513151 -0.067104 -1.362449
v 1.525754 -0.087102 -1.346886
v 1.512761 -0.064427 -1.362098
v 1.279881 -0.087102 -1.451338
v 1.295092 -0.064427 -1.438345
v 1.309603 -0.087102 -1.424575
v 1.295443 -0.067104 -1.438735
v 1.346886 -0.087102 -1.525755
v 1.362448 -0.067104 -1.513152
v 1.376608 -0.087102 -1.498992
v 1.362097 -0.064427 -1.512763
v 1.121163 -0.087102 -1.577171
v 1.137649 -0.064427 -1.565840
v 1.153520 -0.087102 -1.553662
v 1.137957 -0.067104 -1.566264
v 1.180022 -0.087102 -1.658184
v 1.196817 -0.067104 -1.647278
v 1.212380 -0.087102 -1.634675
v 1.196509 -0.064427 -1.646853
v 0.950162 -0.087102 -1.685725
v 0.967742 -0.064427 -1.676180
v 0.984800 -0.087102 -1.665727
v 0.968004 -0.067104 -1.676634
v 1.000230 -0.087102 -1.772446
v 1.018073 -0.067104 -1.763355
v 1.034868 -0.087102 -1.752448
v 1.017811 -0.064427 -1.762901
v 0.768751 -0.087102 -1.775809
v 0.787232 -0.064427 -1.768154
v 0.805289 -0.087102 -1.759541
v 0.787446 -0.067104 -1.768633
v 0.809480 -0.087102 -1.867289
v 0.828175 -0.067104 -1.860113
v 0.846018 -0.087102 -1.851021
v 0.827962 -0.064427 -1.859634
v 0.578916 -0.087102 -1.846437
v 0.598097 -0.064427 -1.840756
v 0.616955 -0.087102 -1.834078
v 0.598259 -0.067104 -1.841254
v 0.609861 -0.087102 -1.941674
v 0.629204 -0.067104 -1.936490
v 0.647899 -0.087102 -1.929314
v 0.629042 -0.064427 -1.935992
v 0.382740 -0.087102 -1.896836
v 0.402410 -0.064427 -1.893190
v 0.421862 -0.087102 -1.888520
v 0.402519 -0.067104 -1.893703
v 0.403560 -0.087102 -1.994785
v 0.423339 -0.067104 -1.991653
v 0.442682 -0.087102 -1.986470
v 0.423230 -0.064427 -1.991140
v 0.182370 -0.087102 -1.926452
v 0.202313 -0.087102 -1.924882
v 0.222147 -0.087102 -1.922271
v 0.202368 -0.067104 -1.925404
v 0.192837 -0.087102 -2.026040
v 0.212835 -0.067104 -2.024993
v 0.232614 -0.087102 -2.021861
v 0.212780 -0.087102 -2.024472
v -0.019998 -0.087102 -1.934961
v -0.000000 -0.087102 -1.935485
v 0.019998 -0.087102 -1.934961
v -0.000000 -0.067104 -1.936009
v -0.019998 -0.087102 -2.035098
v -0.000000 -0.067104 -2.036146
v 0.019998 -0.087102 -2.035098
v -0.000000 -0.087102 -2.035621
v -0.222147 -0.087102 -1.922271
v -0.202313 -0.064427 -1.924882
v -0.182370 -0.087102 -1.926452
v -0.202368 -0.067104 -1.925404
v -0.232614 -0.087102 -2.021861
v -0.212835 -0.067104 -2.024993
v -0.192837 -0.087102 -2.026040
v -0.212781 -0.064427 -2.024472
v -0.421862 -0.087102 -1.888520
v -0.402410 -0.064427 -1.893190
v -0.382740 -0.087102 -1.896836
v -0.402519 -0.067104 -1.893703
v -0.442682 -0.087102 -1.986470
v -0.423339 -0.067104 -1.991653
v -0.403560 -0.087102 -1.994785
v -0.423230 -0.064427 -1.991140
v -0.616955 -0.087102 -1.834078
v -0.598098 -0.064427 -1.840756
v -0.578917 -0.087102 -1.846437
v -0.598260 -0.067104 -1.841254
v -0.647900 -0.087102 -1.929313
v -0.629204 -0.067104 -1.936489
v -0.609861 -0.087102 -1.941673
v -0.629042 -0.064427 -1.935991
v -0.805289 -0.087102 -1.759541
v -0.787233 -0.087102 -1.768153
v -0.768751 -0.087102 -1.775809
v -0.787446 -0.067104 -1.768633
v -0.846019 -0.087102 -1.851021
v -0.828176 -0.067104 -1.860112
v -0.809480 -0.087102 -1.867289
v -0.827962 -0.087102 -1.859633
v -0.984800 -0.087102 -1.665727
v -0.967742 -0.064427 -1.676179
v -0.950162 -0.087102 -1.685725
v -0.968004 -0.067104 -1.676633
v -1.034868 -0.087102 -1.752448
v -1.018073 -0.067104 -1.763355
v -1.000231 -0.087102 -1.772446
v -1.017811 -0.064427 -1.762901
v -1.153521 -0.087102 -1.553662
v -1.137650 -0.064427 -1.565840
v -1.121164 -0.087102 -1.577171
v -1.137958 -0.067104 -1.566264
v -1.212380 -0.087102 -1.634675
v -1.196817 -0.067104 -1.647277
v -1.180022 -0.087102 -1.658184
v -1.196509 -0.064427 -1.646853
v -1.309604 -0.087102 -1.424575
v -1.295093 -0.064427 -1.438345
v -1.279881 -0.087102 -1.451337
v -1.295443 -0.067104 -1.438734
v -1.376609 -0.087102 -1.498991
v -1.362448 -0.067104 -1.513151
v -1.346886 -0.087102 -1.525754
v -1.362098 -0.064427 -1.512761
v -1.451337 -0.087102 -1.279881
v -1.438345 -0.087102 -1.295092
v -1.424575 -0.087102 -1.309603
v -1.438734 -0.067104 -1.295443
v -1.525754 -0.087102 -1.346885
v -1.513151 -0.067104 -1.362448
v -1.498991 -0.087102 -1.376608
v -1.512761 -0.087102 -1.362097
v -1.577171 -0.087102 -1.121163
v -1.565840 -0.087102 -1.137649
v -1.553662 -0.087102 -1.153520
v -1.566264 -0.067104 -1.137957
v -1.658184 -0.087102 -1.180022
v -1.647277 -0.067104 -1.196817
v -1.634675 -0.087102 -1.212380
v -1.646853 -0.087102 -1.196508
v -1.685725 -0.087102 -0.950162
v -1.676179 -0.064427 -0.967742
v -1.665726 -0.087102 -0.984800
v -1.676633 -0.067104 -0.968004
v -1.772446 -0.087102 -1.000230
v -1.763354 -0.067104 -1.018073
v -1.752448 -0.087102 -1.034868
v -1.762900 -0.064427 -1.017810
v -1.775809 -0.087102 -0.768750
v -1.768153 -0.064427 -0.787232
v -1.759541 -0.087102 -0.805289
v -1.768632 -0.067104 -0.787446
v -1.867289 -0.087102 -0.809480
v -1.860112 -0.067104 -0.828175
v -1.851021 -0.087102 -0.846018
v -1.859633 -0.064427 -0.827962
v -1.846437 -0.087102 -0.578916
v -1.840755 -0.064427 -0.598097
v -1.834078 -0.087102 -0.616955
v -1.841254 -0.067104 -0.598259
v -1.941673 -0.087102 -0.609860
v -1.936489 -0.067104 -0.629203
v -1.929313 -0.087102 -0.647899
v -1.935991 -0.064427 -0.629041
v -1.896835 -0.087102 -0.382740
v -1.893190 -0.064427 -0.402410
v -1.888520 -0.087102 -0.421862
v -1.893702 -0.067104 -0.402519
v -1.994784 -0.087102 -0.403560
v -1.991650 -0.067104 -0.423339
v -1.986467 -0.087102 -0.442682
v -1.991138 -0.064427 -0.423230
v -1.926452 -0.087102 -0.182370
v -1.924882 -0.064427 -0.202313
v -1.922271 -0.087102 -0.222147
v -1.925403 -0.067104 -0.202368
v -2.026040 -0.087102 -0.192837
v -2.024993 -0.067104 -0.212835
v -2.021860 -0.087102 -0.232614
v -2.024471 -0.064427 -0.212780
v -1.934961 -0.087102 0.019998
v -1.935485 -0.064427 0.000000
v -1.934961 -0.087102 -0.019998
v -1.936009 -0.067104 0.000000
v -2.035098 -0.087102 0.019998
v -2.036145 -0.067104 0.000000
v -2.035098 -0.087102 -0.019998
v -2.035621 -0.064427 0.000000
v -1.922270 -0.087102 0.222147
v -1.924882 -0.064427 0.202313
v -1.926451 -0.087102 0.182370
v -1.925403 -0.067104 0.202368
v -2.021860 -0.087102 0.232614
v -2.024993 -0.067104 0.212835
v -2.026040 -0.087102 0.192837
v -2.024471 -0.064427 0.212781
v -1.888519 -0.087102 0.421862
v -1.893189 -0.064427 0.402410
v -1.896835 -0.087102 0.382740
v -1.893702 -0.067104 0.402519
v -1.986467 -0.087102 0.442682
v -1.991650 -0.067104 0.423339
v -1.994784 -0.087102 0.403560
v -1.991138 -0.064427 0.423230
v -1.834077 -0.087102 0.616955
v -1.840755 -0.064427 0.598097
v -1.846437 -0.087102 0.578916
v -1.841254 -0.067104 0.598259
v -1.929313 -0.087102 0.647899
v -1.936489 -0.067104 0.629204
v -1.941672 -0.087102 0.609861
v -1.935991 -0.064427 0.629042
v -1.759541 -0.087102 0.805288
v -1.768153 -0.064427 0.787232
v -1.775809 -0.087102 0.768750
v -1.768632 -0.067104 0.787446
v -1.851021 -0.087102 0.846018
v -1.860112 -0.067104 0.828175
v -1.867288 -0.087102 0.809480
v -1.859633 -0.064427 0.827962
v -1.665726 -0.087102 0.984800
v -1.676179 -0.064427 0.967742
v -1.685724 -0.087102 0.950162
v -1.676633 -0.067104 0.968004
v -1.752448 -0.087102 1.034868
v -1.763354 -0.067104 1.018073
v -1.772446 -0.087102 1.000230
v -1.762900 -0.064427 1.017810
v -1.553662 -0.087102 1.153520
v -1.565840 -0.064427 1.137649
v -1.577171 -0.087102 1.121163
v -1.566264 -0.067104 1.137957
v -1.634674 -0.087102 1.212380
v -1.647277 -0.067104 1.196817
v -1.658183 -0.087102 1.180022
v -1.646852 -0.064427 1.196508
v -1.424575 -0.087102 1.309603
v -1.438345 -0.064427 1.295092
v -1.451337 -0.087102 1.279881
v -1.438734 -0.067104 1.295443
v -1.498991 -0.087102 1.376608
v -1.513151 -0.067104 1.362448
v -1.525754 -0.087102 1.346885
v -1.512761 -0.064427 1.362097
v -1.279879 -0.087102 1.451337
v -1.295091 -0.064427 1.438345
v -1.309602 -0.087102 1.424575
v -1.295442 -0.067104 1.438734
v -1.346884 -0.087102 1.525754
v -1.362447 -0.067104 1.513151
v -1.376607 -0.087102 1.498991
v -1.362096 -0.064427 1.512761
v -1.121162 -0.087102 1.577171
v -1.137649 -0.064427 1.565840
v -1.153519 -0.087102 1.553662
v -1.137957 -0.067104 1.566264
v -1.180022 -0.087102 1.658184
v -1.196817 -0.067104 1.647277
v -1.212379 -0.087102 1.634674
v -1.196508 -0.064427 1.646853
v -0.950162 -0.087102 1.685724
v -0.967742 -0.064427 1.676178
v -0.984799 -0.087102 1.665726
v -0.968004 -0.067104 1.676633
v -1.000230 -0.087102 1.772446
v -1.018073 -0.067104 1.763354
v -1.034868 -0.087102 1.752448
v -1.017810 -0.064427 1.762900
v -0.768750 -0.087102 1.775809
v -0.787232 -0.064427 1.768153
v -0.805288 -0.087102 1.759541
v -0.787445 -0.067104 1.768632
v -0.809480 -0.087102 1.867288
v -0.828175 -0.067104 1.860112
v -0.846018 -0.087102 1.851020
v -0.827962 -0.064427 1.859633
v -0.578916 -0.087102 1.846436
v -0.598097 -0.064427 1.840755
v -0.616955 -0.087102 1.834077
v -0.598259 -0.067104 1.841253
v -0.609860 -0.087102 1.941672
v -0.629203 -0.067104 1.936489
v -0.647899 -0.087102 1.929313
v -0.629041 -0.064427 1.935991
v -0.382740 -0.087102 1.896835
v -0.402410 -0.064427 1.893189
v -0.421862 -0.087102 1.888519
v -0.402519 -0.067104 1.893702
v -0.403559 -0.087102 1.994784
v -0.423338 -0.067104 1.991650
v -0.442681 -0.087102 1.986467
v -0.423229 -0.064427 1.991138
v -0.182370 -0.087102 1.926451
v -0.202313 -0.064427 1.924882
v -0.222147 -0.087102 1.922270
v -0.202368 -0.067104 1.925403
v -0.192837 -0.087102 2.026040
v -0.212835 -0.067104 2.024993
v -0.232614 -0.087102 2.021860
v -0.212780 -0.064427 2.024471
v 0.019998 -0.087102 1.934961
v 0.000000 -0.064427 1.935485
v -0.019998 -0.087102 1.934961
v 0.000000 -0.067104 1.936009
v 0.019998 -0.087102 2.035098
v 0.000000 -0.067104 2.036145
v -0.019998 -0.087102 2.035098
v 0.000000 -0.064427 2.035621
v 0.222147 -0.087102 1.922270
v 0.202313 -0.064427 1.924881
v 0.182370 -0.087102 1.926451
v 0.202368 -0.067104 1.925403
v 0.232614 -0.087102 2.021859
v 0.212835 -0.067104 2.024992
v 0.192837 -0.087102 2.026040
v 0.212781 -0.064427 2.024471
v 0.421862 -0.087102 1.888519
v 0.402410 -0.064427 1.893189
v 0.382740 -0.087102 1.896835
v 0.402519 -0.067104 1.893702
v 0.442682 -0.087102 1.986467
v 0.423339 -0.067104 1.991650
v 0.403560 -0.087102 1.994784
v 0.423230 -0.064427 1.991138
v 0.616955 -0.087102 1.834077
v 0.598097 -0.064427 1.840755
v 0.578916 -0.087102 1.846436
v 0.598259 -0.067104 1.841253
v 0.647899 -0.087102 1.929313
v 0.629204 -0.067104 1.936489
v 0.609861 -0.087102 1.941672
v 0.629042 -0.064427 1.935991
v 0.805288 -0.087102 1.759540
v 0.787232 -0.064427 1.768153
v 0.768750 -0.087102 1.775808
v 0.787445 -0.067104 1.768632
v 0.846018 -0.087102 1.851020
v 0.828175 -0.067104 1.860112
v 0.809480 -0.087102 1.867288
v 0.827962 -0.064427 1.859632
v 0.984800 -0.087102 1.665726
v 0.967742 -0.064427 1.676178
v 0.950162 -0.087102 1.685724
v 0.968004 -0.067104 1.676632
v 1.034868 -0.087102 1.752447
v 1.018073 -0.067104 1.763354
v 1.000230 -0.087102 1.772445
v 1.017810 -0.064427 1.762900
v 1.153520 -0.087102 1.553661
v 1.137649 -0.064427 1.565840
v 1.121162 -0.087102 1.577170
v 1.137957 -0.067104 1.566264
v 1.212379 -0.087102 1.634674
v 1.196817 -0.067104 1.647276
v 1.180022 -0.087102 1.658183
v 1.196508 -0.064427 1.646852
v 1.309603 -0.087102 1.424575
v 1.295092 -0.064427 1.438345
v 1.279880 -0.087102 1.451337
v 1.295443 -0.067104 1.438734
v 1.376608 -0.087102 1.498991
v 1.362448 -0.067104 1.513151
v 1.346885 -0.087102 1.525754
v 1.362096 -0.064427 1.512761
v 1.451337 -0.087102 1.279879
v 1.438345 -0.087102 1.295091
v 1.424575 -0.087102 1.309602
v 1.438734 -0.067104 1.295442
v 1.525754 -0.087102 1.346884
v 1.513151 -0.067104 1.362446
v 1.498991 -0.087102 1.376607
v 1.512761 -0.087102 1.362096
v 1.577171 -0.087102 1.121162
v 1.565840 -0.064427 1.137649
v 1.553661 -0.087102 1.153519
v 1.566264 -0.067104 1.137956
v 1.658183 -0.087102 1.180022
v 1.647277 -0.067104 1.196817
v 1.634674 -0.087102 1.212379
v 1.646852 -0.064427 1.196508
v 1.685724 -0.087102 0.950162
v 1.676178 -0.064427 0.967742
v 1.665726 -0.087102 0.984799
v 1.676632 -0.067104 0.968004
v 1.772445 -0.087102 1.000230
v 1.763354 -0.067104 1.018073
v 1.752447 -0.087102 1.034868
v 1.762900 -0.064427 1.017810
v 1.775808 -0.087102 0.768750
v 1.768153 -0.064427 0.787232
v 1.759540 -0.087102 0.805288
v 1.768632 -0.067104 0.787445
v 1.867288 -0.087102 0.809480
v 1.860112 -0.067104 0.828175
v 1.851020 -0.087102 0.846018
v 1.859632 -0.064427 0.827962
v 1.846436 -0.087102 0.578916
v 1.840755 -0.064427 0.598097
v 1.834077 -0.087102 0.616955
v 1.841253 -0.067104 0.598259
v 1.941672 -0.087102 0.609860
v 1.936489 -0.067104 0.629203
v 1.929313 -0.087102 0.647899
v 1.935991 -0.064427 0.629041
v 1.896835 -0.087102 0.382740
v 1.893189 -0.064427 0.402410
v 1.888519 -0.087102 0.421862
v 1.893702 -0.067104 0.402519
v 1.994784 -0.087102 0.403560
v 1.991650 -0.067104 0.423339
v 1.986467 -0.087102 0.442682
v 1.991138 -0.064427 0.423230
v 1.926451 -0.087102 0.182370
v 1.924881 -0.064427 0.202313
v 1.922270 -0.087102 0.222147
v 1.925403 -0.067104 0.202368
v 2.026040 -0.087102 0.192837
v 2.024992 -0.067104 0.212835
v 2.021858 -0.087102 0.232614
v 2.024470 -0.064427 0.212780
v 1.934961 -0.087102 -0.019998
v 1.935484 -0.064427 -0.000000
v 1.934961 -0.087102 0.019998
v 1.936009 -0.067104 0.000000
v 2.035098 -0.087102 -0.019998
v 2.036145 -0.067104 0.000000
v 2.035098 -0.087102 0.019998
v 2.035621 -0.064427 0.000000
vt 0.968513 0.340953
vt 0.947538 0.294776
vt 0.947538 0.274106
vt 0.968513 0.320283
vt 0.921661 0.250961
vt 0.921661 0.230292
vt 0.891163 0.209989
vt 0.891163 0.189319
vt 0.856380 0.172307
vt 0.856380 0.151637
vt 0.817693 0.138328
vt 0.817693 0.117658
vt 0.775524 0.108425
vt 0.775524 0.087755
vt 0.730337 0.082925
vt 0.730337 0.062256
vt 0.682626 0.062109
vt 0.682626 0.041439
vt 0.632915 0.046203
vt 0.632915 0.025533
vt 0.581747 0.035382
vt 0.581747 0.014713
vt 0.529684 0.029765
vt 0.529684 0.009096
vt 0.477295 0.029413
vt 0.477295 0.008744
vt 0.425155 0.034331
vt 0.425155 0.013661
vt 0.373835 0.044464
vt 0.373835 0.023794
vt 0.323898 0.059700
vt 0.323898 0.039030
vt 0.275889 0.079874
vt 0.275889 0.059204
vt 0.230337 0.104764
vt 0.230337 0.084095
vt 0.187738 0.134098
vt 0.187738 0.113428
vt 0.148561 0.167553
vt 0.148561 0.146884
vt 0.113235 0.204765
vt 0.113235 0.184095
vt 0.082146 0.245324
vt 0.082146 0.224655
vt 0.055635 0.288787
vt 0.055635 0.268117
vt 0.033992 0.334677
vt 0.033992 0.314007
vt 0.017455 0.382492
vt 0.017455 0.361822
vt 0.006205 0.431707
vt 0.006205 0.411038
vt 0.000366 0.481784
vt 0.000366 0.461114
vt -0.000000 0.532174
vt -0.000000 0.511504
vt 0.005112 0.582324
vt 0.005112 0.561654
vt 0.015647 0.631686
vt 0.015647 0.611016
vt 0.031487 0.679718
vt 0.031487 0.659048
vt 0.052462 0.725894
vt 0.052462 0.705224
vt 0.078340 0.769709
vt 0.078340 0.749039
vt 0.108837 0.810682
vt 0.108837 0.790012
vt 0.143620 0.848364
vt 0.143620 0.827694
vt 0.182308 0.882343
vt 0.182308 0.861673
vt 0.224476 0.912245
vt 0.224476 0.891576
vt 0.269663 0.937745
vt 0.269663 0.917075
vt 0.317373 0.958562
vt 0.317373 0.937892
vt 0.367085 0.974467
vt 0.367085 0.953798
vt 0.418253 0.985288
vt 0.418253 0.964618
vt 0.470316 0.990905
vt 0.470316 0.970235
vt 0.522705 0.991257
vt 0.522705 0.970587
vt 0.574845 0.986340
vt 0.574845 0.965670
vt 0.626165 0.976207
vt 0.626165 0.955537
vt 0.676102 0.960970
vt 0.676102 0.940301
vt 0.724110 0.940796
vt 0.724110 0.920126
vt 0.769663 0.915906
vt 0.769663 0.895236
vt 0.812261 0.886572
vt 0.812261 0.865903
vt 0.851438 0.853117
vt 0.851438 0.832447
vt 0.886765 0.815905
vt 0.886765 0.795236
vt 0.917854 0.775346
vt 0.917854 0.754676
vt 0.944365 0.731883
vt 0.944365 0.711213
vt 0.966008 0.685993
vt 0.966008 0.665323
vt 0.982544 0.638178
vt 0.982544 0.617509
vt 0.993794 0.588963
vt 0.993794 0.568293
vt 0.999634 0.538886
vt 0.999634 0.518217
vt 1.000000 0.488497
vt 1.000000 0.467827
vt 0.994888 0.438346
vt 0.994888 0.417677
vt 0.984353 0.388985
vt 0.984353 0.368315
vt 0.925528 0.305377
vt 0.945471 0.349283
vt 0.500000 0.510335
vt 0.900923 0.263717
vt 0.871926 0.224760
vt 0.838853 0.188931
vt 0.802068 0.156623
vt 0.761974 0.128191
vt 0.719009 0.103946
vt 0.673645 0.084153
vt 0.626378 0.069029
vt 0.577727 0.058740
vt 0.528224 0.053400
vt 0.478412 0.053065
vt 0.428836 0.057741
vt 0.380040 0.067375
vt 0.332558 0.081862
vt 0.286911 0.101044
vt 0.243599 0.124710
vt 0.203095 0.152601
vt 0.165845 0.184411
vt 0.132256 0.219793
vt 0.102696 0.258358
vt 0.077488 0.299683
vt 0.056910 0.343316
vt 0.041187 0.388779
vt 0.030490 0.435574
vt 0.024937 0.483188
vt 0.024590 0.531100
vt 0.029451 0.578784
vt 0.039467 0.625718
vt 0.054529 0.671388
vt 0.074472 0.715293
vt 0.099077 0.756953
vt 0.128074 0.795911
vt 0.161147 0.831740
vt 0.197932 0.864047
vt 0.238026 0.892480
vt 0.280991 0.916725
vt 0.326355 0.936518
vt 0.373622 0.951641
vt 0.422273 0.961930
vt 0.471776 0.967271
vt 0.521588 0.967605
vt 0.571164 0.962930
vt 0.619960 0.953296
vt 0.667441 0.938808
vt 0.713089 0.919626
vt 0.756401 0.895960
vt 0.796904 0.868069
vt 0.834155 0.836259
vt 0.867744 0.800878
vt 0.897304 0.762313
vt 0.922511 0.720987
vt 0.943089 0.677354
vt 0.958813 0.631891
vt 0.969510 0.585096
vt 0.975062 0.537482
vt 0.975410 0.489571
vt 0.970549 0.441887
vt 0.960533 0.394953
vt 0.945471 0.328613
vt 0.925528 0.284708
vt 0.500000 0.489666
vt 0.900923 0.243048
vt 0.871926 0.204090
vt 0.838853 0.168261
vt 0.802068 0.135953
vt 0.761974 0.107521
vt 0.719009 0.083276
vt 0.673645 0.063483
vt 0.626378 0.048359
vt 0.577727 0.038071
vt 0.528224 0.032730
vt 0.478412 0.032395
vt 0.428836 0.037071
vt 0.380040 0.046705
vt 0.332558 0.061192
vt 0.286911 0.080374
vt 0.243599 0.104040
vt 0.203095 0.131931
vt 0.165845 0.163742
vt 0.132256 0.199123
vt 0.102696 0.237688
vt 0.077488 0.279013
vt 0.056910 0.322646
vt 0.041187 0.368110
vt 0.030490 0.414904
vt 0.024937 0.462519
vt 0.024590 0.510430
vt 0.029451 0.558114
vt 0.039467 0.605048
vt 0.054529 0.650718
vt 0.074472 0.694623
vt 0.099077 0.736283
vt 0.128074 0.775241
vt 0.161147 0.811070
vt 0.197932 0.843377
vt 0.238026 0.871810
vt 0.280991 0.896055
vt 0.326355 0.915848
vt 0.373622 0.930972
vt 0.422273 0.941260
vt 0.471776 0.946601
vt 0.521588 0.946935
vt 0.571164 0.942260
vt 0.619960 0.932626
vt 0.667441 0.918139
vt 0.713089 0.898957
vt 0.756401 0.875291
vt 0.796904 0.847400
vt 0.834155 0.815589
vt 0.867744 0.780208
vt 0.897304 0.741643
vt 0.922511 0.700318
vt 0.943089 0.656684
vt 0.958813 0.611222
vt 0.969510 0.564426
vt 0.975062 0.516812
vt 0.975410 0.468901
vt 0.970549 0.421217
vt 0.960533 0.374283
vt 0.966542 0.345390
vt 0.943500 0.353721
vt 0.927499 0.318493
vt 0.949509 0.307891
vt 0.949509 0.269669
vt 0.927499 0.280270
vt 0.943500 0.315498
vt 0.966542 0.307167
vt 0.945107 0.299436
vt 0.923097 0.310037
vt 0.903355 0.276611
vt 0.924092 0.263855
vt 0.924092 0.225632
vt 0.903355 0.238388
vt 0.923097 0.271814
vt 0.945107 0.261213
vt 0.918795 0.255888
vt 0.898058 0.268644
vt 0.874791 0.237386
vt 0.894029 0.222615
vt 0.894029 0.184392
vt 0.874791 0.199163
vt 0.898058 0.230421
vt 0.918795 0.217665
vt 0.887895 0.215225
vt 0.868658 0.229996
vt 0.842122 0.201248
vt 0.859648 0.184624
vt 0.859648 0.146401
vt 0.842122 0.163025
vt 0.868658 0.191773
vt 0.887895 0.177002
vt 0.852745 0.177891
vt 0.835218 0.194515
vt 0.805703 0.168592
vt 0.821328 0.150297
vt 0.821328 0.112074
vt 0.805703 0.130369
vt 0.835218 0.156292
vt 0.852745 0.139668
vt 0.813730 0.144295
vt 0.798106 0.162590
vt 0.765936 0.139777
vt 0.779486 0.120011
vt 0.779486 0.085026
vt 0.765936 0.104792
vt 0.798106 0.124367
vt 0.813730 0.106072
vt 0.771278 0.114806
vt 0.757728 0.134571
vt 0.723255 0.115118
vt 0.734583 0.094098
vt 0.734583 0.055875
vt 0.723255 0.076895
vt 0.757728 0.096349
vt 0.771278 0.076583
vt 0.725854 0.089746
vt 0.714526 0.110766
vt 0.678128 0.094885
vt 0.687109 0.072841
vt 0.687109 0.037856
vt 0.678128 0.059900
vt 0.714526 0.072543
vt 0.725854 0.051523
vt 0.677956 0.069391
vt 0.668974 0.091435
vt 0.631049 0.079300
vt 0.637586 0.056474
vt 0.637586 0.018251
vt 0.631049 0.041077
vt 0.668974 0.053212
vt 0.677956 0.031168
vt 0.628107 0.053963
vt 0.621570 0.076789
vt 0.582535 0.068534
vt 0.586555 0.045176
vt 0.586555 0.006953
vt 0.582535 0.030311
vt 0.621570 0.038566
vt 0.628107 0.015740
vt 0.576855 0.043631
vt 0.572835 0.066989
vt 0.533116 0.062704
vt 0.534576 0.039070
vt 0.534576 0.000847
vt 0.533116 0.024481
vt 0.572835 0.028766
vt 0.576855 0.005408
vt 0.524761 0.038509
vt 0.523301 0.062143
vt 0.483334 0.061875
vt 0.482217 0.038223
vt 0.482217 0.000000
vt 0.483334 0.023652
vt 0.523301 0.023920
vt 0.524761 0.000286
vt 0.472396 0.038652
vt 0.473513 0.062304
vt 0.433735 0.066055
vt 0.430054 0.042645
vt 0.430054 0.004422
vt 0.433735 0.027832
vt 0.473513 0.024081
vt 0.472396 0.000429
vt 0.420333 0.044059
vt 0.424014 0.067469
vt 0.384862 0.075199
vt 0.378657 0.052288
vt 0.378657 0.014065
vt 0.384862 0.036976
vt 0.424014 0.029246
vt 0.420333 0.005837
vt 0.369143 0.054672
vt 0.375348 0.077583
vt 0.337250 0.089207
vt 0.328590 0.067045
vt 0.328590 0.028822
vt 0.337250 0.050984
vt 0.375348 0.039360
vt 0.369143 0.016449
vt 0.319387 0.070372
vt 0.328048 0.092534
vt 0.291422 0.107925
vt 0.280400 0.086755
vt 0.280400 0.048532
vt 0.291422 0.069702
vt 0.328048 0.054311
vt 0.319387 0.032149
vt 0.271609 0.090989
vt 0.282631 0.112159
vt 0.247879 0.131148
vt 0.234617 0.111202
vt 0.234617 0.072979
vt 0.247879 0.092925
vt 0.282631 0.073936
vt 0.271609 0.052766
vt 0.226334 0.116297
vt 0.239596 0.136243
vt 0.207098 0.158621
vt 0.191741 0.140118
vt 0.191741 0.101895
vt 0.207098 0.120399
vt 0.239596 0.098020
vt 0.226334 0.078074
vt 0.184057 0.146018
vt 0.199414 0.164521
vt 0.169526 0.190045
vt 0.152242 0.173187
vt 0.152242 0.134964
vt 0.169526 0.151822
vt 0.199414 0.126298
vt 0.184057 0.107795
vt 0.145242 0.179826
vt 0.162526 0.196684
vt 0.135575 0.225073
vt 0.116554 0.210045
vt 0.116554 0.171822
vt 0.135575 0.186850
vt 0.162526 0.158462
vt 0.145242 0.141604
vt 0.110314 0.217353
vt 0.129335 0.232381
vt 0.105617 0.263323
vt 0.085067 0.250290
vt 0.085067 0.212067
vt 0.105617 0.225100
vt 0.129335 0.194158
vt 0.110314 0.179130
vt 0.079655 0.258185
vt 0.100205 0.271218
vt 0.079979 0.304376
vt 0.058126 0.293480
vt 0.058126 0.255257
vt 0.079979 0.266153
vt 0.100204 0.232995
vt 0.079655 0.219962
vt 0.053601 0.301875
vt 0.075455 0.312771
vt 0.058944 0.347781
vt 0.036026 0.339142
vt 0.036026 0.300919
vt 0.058944 0.309558
vt 0.075455 0.274548
vt 0.053601 0.263653
vt 0.032438 0.347946
vt 0.055356 0.356585
vt 0.042740 0.393063
vt 0.019009 0.386776
vt 0.019009 0.348553
vt 0.042740 0.354840
vt 0.055356 0.318362
vt 0.032438 0.309724
vt 0.016398 0.395893
vt 0.040130 0.402180
vt 0.031547 0.439726
vt 0.007262 0.435860
vt 0.007262 0.397637
vt 0.031547 0.401504
vt 0.040130 0.363957
vt 0.016398 0.357670
vt 0.005657 0.445189
vt 0.029941 0.449056
vt 0.025486 0.487260
vt 0.000914 0.485856
vt 0.000914 0.447633
vt 0.025486 0.449037
vt 0.029941 0.410833
vt 0.005657 0.406966
vt 0.000331 0.495295
vt 0.024903 0.496700
vt 0.024624 0.535142
vt 0.000034 0.536216
vt 0.000034 0.497993
vt 0.024624 0.496919
vt 0.024903 0.458477
vt 0.000331 0.457072
vt 0.000480 0.545662
vt 0.025070 0.544588
vt 0.028970 0.582848
vt 0.004632 0.586389
vt 0.004632 0.548166
vt 0.028970 0.544625
vt 0.025070 0.506366
vt 0.000480 0.507440
vt 0.006102 0.595739
vt 0.030440 0.592198
vt 0.038477 0.629856
vt 0.014657 0.635824
vt 0.014657 0.597601
vt 0.038477 0.591633
vt 0.030440 0.553975
vt 0.006102 0.557516
vt 0.017135 0.644975
vt 0.040955 0.639007
vt 0.053041 0.675651
vt 0.029999 0.683981
vt 0.029999 0.645758
vt 0.053041 0.637428
vt 0.040955 0.600785
vt 0.017135 0.606753
vt 0.033458 0.692833
vt 0.056500 0.684503
vt 0.072501 0.719731
vt 0.050491 0.730332
vt 0.050491 0.692109
vt 0.072501 0.681508
vt 0.056500 0.646280
vt 0.033458 0.654610
vt 0.054894 0.738788
vt 0.076903 0.728186
vt 0.096645 0.761612
vt 0.075908 0.774369
vt 0.075908 0.736146
vt 0.096645 0.723390
vt 0.076903 0.689964
vt 0.054894 0.700565
vt 0.081205 0.782335
vt 0.101942 0.769579
vt 0.125209 0.800837
vt 0.105971 0.815608
vt 0.105971 0.777385
vt 0.125209 0.762614
vt 0.101942 0.731356
vt 0.081205 0.744112
vt 0.112105 0.822999
vt 0.131342 0.808228
vt 0.157878 0.836976
vt 0.140352 0.853600
vt 0.140352 0.815377
vt 0.157878 0.798753
vt 0.131342 0.770005
vt 0.112105 0.784776
vt 0.147255 0.860333
vt 0.164782 0.843709
vt 0.194296 0.869631
vt 0.178672 0.887926
vt 0.178672 0.849704
vt 0.194296 0.831408
vt 0.164782 0.805486
vt 0.147255 0.822110
vt 0.186270 0.893929
vt 0.201894 0.875633
vt 0.234064 0.898446
vt 0.220514 0.918212
vt 0.220514 0.879989
vt 0.234064 0.860224
vt 0.201894 0.837411
vt 0.186270 0.855706
vt 0.228722 0.923418
vt 0.242272 0.903652
vt 0.276745 0.923105
vt 0.265417 0.944125
vt 0.265417 0.905903
vt 0.276745 0.884883
vt 0.242272 0.865429
vt 0.228722 0.885195
vt 0.274146 0.948477
vt 0.285474 0.927457
vt 0.321872 0.943338
vt 0.312891 0.965382
vt 0.312891 0.927159
vt 0.321872 0.905116
vt 0.285474 0.889235
vt 0.274146 0.910254
vt 0.322044 0.968833
vt 0.331026 0.946789
vt 0.368951 0.958923
vt 0.362414 0.981749
vt 0.362414 0.943527
vt 0.368951 0.920701
vt 0.331026 0.908566
vt 0.322044 0.930610
vt 0.371893 0.984261
vt 0.378429 0.961435
vt 0.417465 0.969690
vt 0.413445 0.993048
vt 0.413445 0.954825
vt 0.417465 0.931467
vt 0.378429 0.923212
vt 0.371893 0.946038
vt 0.423145 0.994592
vt 0.427165 0.971234
vt 0.466884 0.975519
vt 0.465424 0.999154
vt 0.465424 0.960931
vt 0.466884 0.937297
vt 0.427165 0.933011
vt 0.423145 0.956369
vt 0.475239 0.999714
vt 0.476699 0.976080
vt 0.516666 0.976349
vt 0.517782 1.000000
vt 0.517782 0.961777
vt 0.516666 0.938126
vt 0.476699 0.937857
vt 0.475239 0.961492
vt 0.527604 0.999571
vt 0.526487 0.975920
vt 0.566265 0.972168
vt 0.569946 0.995578
vt 0.569946 0.957355
vt 0.566265 0.933945
vt 0.526487 0.937697
vt 0.527604 0.961348
vt 0.579667 0.994164
vt 0.575986 0.970754
vt 0.615138 0.963024
vt 0.621343 0.985936
vt 0.621343 0.947713
vt 0.615138 0.924801
vt 0.575986 0.932531
vt 0.579667 0.955941
vt 0.630857 0.983552
vt 0.624652 0.960641
vt 0.662749 0.949016
vt 0.671410 0.971179
vt 0.671410 0.932956
vt 0.662749 0.910794
vt 0.624652 0.922418
vt 0.630857 0.945329
vt 0.680613 0.967851
vt 0.671952 0.945689
vt 0.708578 0.930298
vt 0.719599 0.951468
vt 0.719599 0.913246
vt 0.708578 0.892076
vt 0.671952 0.907466
vt 0.680613 0.929628
vt 0.728390 0.947234
vt 0.717369 0.926064
vt 0.752121 0.907076
vt 0.765383 0.927021
vt 0.765383 0.888798
vt 0.752121 0.868853
vt 0.717369 0.887841
vt 0.728390 0.909011
vt 0.773666 0.921926
vt 0.760404 0.901981
vt 0.792902 0.879602
vt 0.808259 0.898105
vt 0.808259 0.859882
vt 0.792902 0.841379
vt 0.760404 0.863758
vt 0.773666 0.883704
vt 0.815942 0.892206
vt 0.800585 0.873702
vt 0.830474 0.848179
vt 0.847757 0.865037
vt 0.847757 0.826814
vt 0.830474 0.809956
vt 0.800585 0.835479
vt 0.815942 0.853983
vt 0.854758 0.858397
vt 0.837474 0.841539
vt 0.864425 0.813150
vt 0.883446 0.828178
vt 0.883446 0.789955
vt 0.864425 0.774927
vt 0.837474 0.803316
vt 0.854758 0.820174
vt 0.889686 0.820871
vt 0.870665 0.805843
vt 0.894383 0.774900
vt 0.914933 0.787934
vt 0.914933 0.749711
vt 0.894383 0.736678
vt 0.870665 0.767620
vt 0.889686 0.782648
vt 0.920345 0.780039
vt 0.899795 0.767006
vt 0.920020 0.733848
vt 0.941874 0.744743
vt 0.941874 0.706521
vt 0.920020 0.695625
vt 0.899795 0.728783
vt 0.920345 0.741816
vt 0.946399 0.736348
vt 0.924545 0.725452
vt 0.941056 0.690443
vt 0.963974 0.699082
vt 0.963974 0.660859
vt 0.941056 0.652220
vt 0.924545 0.687229
vt 0.946399 0.698125
vt 0.967561 0.690277
vt 0.944643 0.681638
vt 0.957259 0.645160
vt 0.980991 0.651448
vt 0.980991 0.613225
vt 0.957259 0.606938
vt 0.944643 0.643415
vt 0.967561 0.652054
vt 0.983602 0.642331
vt 0.959870 0.636044
vt 0.968453 0.598497
vt 0.992737 0.602364
vt 0.992737 0.564141
vt 0.968453 0.560274
vt 0.959870 0.597821
vt 0.983602 0.604108
vt 0.994343 0.593035
vt 0.970058 0.589168
vt 0.974514 0.550964
vt 0.999086 0.552368
vt 0.999086 0.514145
vt 0.974514 0.512741
vt 0.970058 0.550945
vt 0.994343 0.554812
vt 0.999669 0.542928
vt 0.975097 0.541524
vt 0.975376 0.503082
vt 0.999966 0.502008
vt 0.999966 0.463785
vt 0.975376 0.464859
vt 0.975097 0.503301
vt 0.999669 0.504705
vt 0.999520 0.492561
vt 0.974930 0.493635
vt 0.971030 0.455375
vt 0.995368 0.451835
vt 0.995368 0.413612
vt 0.971030 0.417153
vt 0.974930 0.455412
vt 0.999520 0.454338
vt 0.993898 0.442485
vt 0.969559 0.446025
vt 0.961523 0.408367
vt 0.985343 0.402399
vt 0.985343 0.364177
vt 0.961523 0.370144
vt 0.969559 0.407802
vt 0.993898 0.404262
vt 0.982865 0.393248
vt 0.959045 0.399216
vt 0.946959 0.362572
vt 0.970001 0.354242
vt 0.970001 0.316019
vt 0.946959 0.324349
vt 0.959044 0.360993
vt 0.982865 0.355025
vt 0.925528 0.309766
vt 0.945471 0.353671
vt 0.968513 0.345341
vt 0.947538 0.299165
vt 0.900923 0.268106
vt 0.921661 0.255350
vt 0.871926 0.229148
vt 0.891163 0.214377
vt 0.838853 0.193319
vt 0.856380 0.176695
vt 0.802068 0.161012
vt 0.817693 0.142716
vt 0.761974 0.132580
vt 0.775524 0.112814
vt 0.719009 0.108334
vt 0.730337 0.087314
vt 0.673645 0.088541
vt 0.682626 0.066497
vt 0.626378 0.073418
vt 0.632915 0.050592
vt 0.577727 0.063129
vt 0.581747 0.039771
vt 0.528224 0.057788
vt 0.529684 0.034154
vt 0.478412 0.057454
vt 0.477295 0.033802
vt 0.428836 0.062129
vt 0.425155 0.038719
vt 0.380040 0.071764
vt 0.373835 0.048852
vt 0.332558 0.086251
vt 0.323898 0.064088
vt 0.286911 0.105433
vt 0.275889 0.084262
vt 0.243599 0.129099
vt 0.230337 0.109153
vt 0.203095 0.156990
vt 0.187738 0.138487
vt 0.165845 0.188800
vt 0.148561 0.171942
vt 0.132256 0.224182
vt 0.113235 0.209154
vt 0.102696 0.262746
vt 0.082146 0.249713
vt 0.077488 0.304071
vt 0.055635 0.293176
vt 0.056910 0.347705
vt 0.033992 0.339066
vt 0.041187 0.393168
vt 0.017455 0.386881
vt 0.030490 0.439963
vt 0.006205 0.436096
vt 0.024937 0.487577
vt 0.000366 0.486173
vt 0.024590 0.535488
vt -0.000000 0.536562
vt 0.029451 0.583172
vt 0.005112 0.586713
vt 0.039467 0.630106
vt 0.015647 0.636074
vt 0.054529 0.675776
vt 0.031487 0.684107
vt 0.074472 0.719682
vt 0.052462 0.730283
vt 0.099077 0.761341
vt 0.078340 0.774097
vt 0.128074 0.800299
vt 0.108837 0.815070
vt 0.161147 0.836128
vt 0.143620 0.852752
vt 0.197932 0.868436
vt 0.182308 0.886731
vt 0.238026 0.896868
vt 0.224476 0.916634
vt 0.280991 0.921113
vt 0.269663 0.942133
vt 0.326355 0.940906
vt 0.317373 0.962950
vt 0.373622 0.956030
vt 0.367085 0.978856
vt 0.422273 0.966319
vt 0.418253 0.989677
vt 0.471776 0.971659
vt 0.470316 0.995293
vt 0.521588 0.971994
vt 0.522705 0.995645
vt 0.571164 0.967318
vt 0.574845 0.990728
vt 0.619960 0.957684
vt 0.626165 0.980596
vt 0.667441 0.943197
vt 0.676102 0.965359
vt 0.713089 0.924015
vt 0.724110 0.945185
vt 0.756401 0.900349
vt 0.769663 0.920295
vt 0.796904 0.872458
vt 0.812261 0.890961
vt 0.834155 0.840647
vt 0.851438 0.857506
vt 0.867744 0.805266
vt 0.886765 0.820294
vt 0.897304 0.766701
vt 0.917854 0.779735
vt 0.922511 0.725376
vt 0.944365 0.736272
vt 0.943089 0.681743
vt 0.966008 0.690382
vt 0.958813 0.636280
vt 0.982544 0.642567
vt 0.969510 0.589485
vt 0.993794 0.593352
vt 0.975062 0.541871
vt 0.999634 0.543275
vt 0.975410 0.493959
vt 1.000000 0.492885
vt 0.970549 0.446275
vt 0.994888 0.442735
vt 0.960533 0.399341
vt 0.984353 0.393374
vt 0.945471 0.324224
vt 0.925528 0.280319
vt 0.947538 0.269718
vt 0.968513 0.315894
vt 0.900923 0.238659
vt 0.921661 0.225903
vt 0.871926 0.199701
vt 0.891163 0.184930
vt 0.838853 0.163872
vt 0.856380 0.147248
vt 0.802068 0.131565
vt 0.817693 0.113269
vt 0.761974 0.103132
vt 0.775524 0.083366
vt 0.719009 0.078887
vt 0.730337 0.057867
vt 0.673645 0.059094
vt 0.682626 0.037050
vt 0.626378 0.043970
vt 0.632915 0.021144
vt 0.577727 0.033682
vt 0.581747 0.010324
vt 0.528224 0.028341
vt 0.529684 0.004707
vt 0.478412 0.028007
vt 0.477295 0.004355
vt 0.428836 0.032682
vt 0.425155 0.009272
vt 0.380040 0.042316
vt 0.373835 0.019405
vt 0.332558 0.056804
vt 0.323898 0.034641
vt 0.286911 0.075985
vt 0.275889 0.054815
vt 0.243599 0.099651
vt 0.230337 0.079706
vt 0.203095 0.127543
vt 0.187738 0.109039
vt 0.165845 0.159353
vt 0.148561 0.142495
vt 0.132256 0.194735
vt 0.113235 0.179707
vt 0.102696 0.233299
vt 0.082146 0.220266
vt 0.077488 0.274624
vt 0.055635 0.263729
vt 0.056910 0.318258
vt 0.033992 0.309619
vt 0.041187 0.363721
vt 0.017455 0.357434
vt 0.030490 0.410516
vt 0.006205 0.406649
vt 0.024937 0.458130
vt 0.000366 0.456726
vt 0.024590 0.506041
vt -0.000000 0.507115
vt 0.029451 0.553725
vt 0.005112 0.557266
vt 0.039467 0.600659
vt 0.015647 0.606627
vt 0.054529 0.646329
vt 0.031487 0.654660
vt 0.074472 0.690235
vt 0.052462 0.700836
vt 0.099077 0.731894
vt 0.078340 0.744650
vt 0.128074 0.770852
vt 0.108837 0.785623
vt 0.161147 0.806681
vt 0.143620 0.823305
vt 0.197932 0.838989
vt 0.182308 0.857284
vt 0.238026 0.867421
vt 0.224476 0.887187
vt 0.280991 0.891666
vt 0.269663 0.912686
vt 0.326355 0.911459
vt 0.317373 0.933503
vt 0.373622 0.926583
vt 0.367085 0.949409
vt 0.422273 0.936871
vt 0.418253 0.960230
vt 0.471776 0.942212
vt 0.470316 0.965846
vt 0.521588 0.942547
vt 0.522705 0.966198
vt 0.571164 0.937871
vt 0.574845 0.961281
vt 0.619960 0.928237
vt 0.626165 0.951148
vt 0.667441 0.913750
vt 0.676102 0.935912
vt 0.713089 0.894568
vt 0.724110 0.915738
vt 0.756401 0.870902
vt 0.769663 0.890848
vt 0.796904 0.843011
vt 0.812261 0.861514
vt 0.834155 0.811200
vt 0.851438 0.828058
vt 0.867744 0.775819
vt 0.886765 0.790847
vt 0.897304 0.737254
vt 0.917854 0.750288
vt 0.922511 0.695929
vt 0.944365 0.706825
vt 0.943089 0.652296
vt 0.966008 0.660935
vt 0.958813 0.606833
vt 0.982544 0.613120
vt 0.969510 0.560038
vt 0.993794 0.563905
vt 0.975062 0.512424
vt 0.999634 0.513828
vt 0.975410 0.464512
vt 1.000000 0.463438
vt 0.970549 0.416828
vt 0.994888 0.413288
vt 0.960533 0.369894
vt 0.984353 0.363926
vt 0.945351 0.323118
vt 0.968392 0.314788
vt 0.925413 0.279224
vt 0.947423 0.268623
vt 0.900815 0.237576
vt 0.921552 0.224820
vt 0.871825 0.198628
vt 0.891062 0.183857
vt 0.838762 0.162809
vt 0.856288 0.146185
vt 0.801987 0.130510
vt 0.817611 0.112215
vt 0.761903 0.102086
vt 0.775453 0.082320
vt 0.718950 0.077847
vt 0.730278 0.056827
vt 0.673598 0.058059
vt 0.682579 0.036016
vt 0.626344 0.042940
vt 0.632881 0.020114
vt 0.577706 0.032654
vt 0.581726 0.009296
vt 0.528216 0.027315
vt 0.529676 0.003680
vt 0.478418 0.026980
vt 0.477301 0.003329
vt 0.428855 0.031655
vt 0.425174 0.008245
vt 0.380072 0.041286
vt 0.373868 0.018375
vt 0.332604 0.055770
vt 0.323943 0.033607
vt 0.286969 0.074946
vt 0.275947 0.053776
vt 0.243668 0.098606
vt 0.230406 0.078660
vt 0.203176 0.126489
vt 0.187819 0.107986
vt 0.165936 0.158291
vt 0.148652 0.141433
vt 0.132355 0.193663
vt 0.113334 0.178635
vt 0.102803 0.232217
vt 0.082253 0.219184
vt 0.077603 0.273531
vt 0.055749 0.262636
vt 0.057030 0.317153
vt 0.034112 0.308514
vt 0.041311 0.362604
vt 0.017579 0.356316
vt 0.030617 0.409386
vt 0.006332 0.405519
vt 0.025066 0.456987
vt 0.000494 0.455583
vt 0.024718 0.504886
vt 0.000129 0.505960
vt 0.029578 0.552557
vt 0.005239 0.556097
vt 0.039592 0.599478
vt 0.015772 0.605446
vt 0.054650 0.645135
vt 0.031608 0.653466
vt 0.074587 0.689029
vt 0.052577 0.699630
vt 0.099185 0.730677
vt 0.078448 0.743433
vt 0.128175 0.769625
vt 0.108938 0.784396
vt 0.161238 0.805444
vt 0.143712 0.822068
vt 0.198013 0.837743
vt 0.182389 0.856038
vt 0.238097 0.866167
vt 0.224547 0.885933
vt 0.281050 0.890406
vt 0.269722 0.911426
vt 0.326402 0.910194
vt 0.317421 0.932237
vt 0.373656 0.925313
vt 0.367119 0.948139
vt 0.422294 0.935599
vt 0.418274 0.958957
vt 0.471784 0.940938
vt 0.470324 0.964573
vt 0.521582 0.941273
vt 0.522699 0.964924
vt 0.571145 0.936599
vt 0.574825 0.960008
vt 0.619927 0.926967
vt 0.626132 0.949878
vt 0.667396 0.912483
vt 0.676057 0.934646
vt 0.713031 0.893307
vt 0.724053 0.914477
vt 0.756332 0.869647
vt 0.769594 0.889593
vt 0.796824 0.841764
vt 0.812181 0.860267
vt 0.834064 0.809962
vt 0.851348 0.826820
vt 0.867644 0.774590
vt 0.886665 0.789618
vt 0.897197 0.736036
vt 0.917747 0.749069
vt 0.922397 0.694722
vt 0.944251 0.705618
vt 0.942970 0.651100
vt 0.965888 0.659739
vt 0.958689 0.605650
vt 0.982420 0.611937
vt 0.969383 0.558867
vt 0.993667 0.562734
vt 0.974934 0.511266
vt 0.999506 0.512670
vt 0.975281 0.463368
vt 0.999871 0.462294
vt 0.970422 0.415697
vt 0.994760 0.412156
vt 0.960408 0.368775
vt 0.984228 0.362808
vt 0.925413 0.309234
vt 0.947423 0.298633
vt 0.945351 0.353128
vt 0.968392 0.344797
vt 0.900815 0.267586
vt 0.921552 0.254830
vt 0.871825 0.233614
vt 0.891062 0.218843
vt 0.838762 0.192819
vt 0.856288 0.176195
vt 0.801986 0.160520
vt 0.817611 0.142225
vt 0.761903 0.132096
vt 0.775453 0.112330
vt 0.718950 0.107857
vt 0.730278 0.086837
vt 0.673598 0.088069
vt 0.682580 0.066026
vt 0.626344 0.072950
vt 0.632881 0.050124
vt 0.577706 0.062664
vt 0.581726 0.039306
vt 0.528216 0.057325
vt 0.529676 0.033690
vt 0.478418 0.056990
vt 0.477301 0.033339
vt 0.428855 0.066640
vt 0.425174 0.043230
vt 0.380072 0.076271
vt 0.373868 0.053360
vt 0.332604 0.085780
vt 0.323943 0.063617
vt 0.286969 0.104956
vt 0.275947 0.083786
vt 0.243668 0.128616
vt 0.230406 0.108670
vt 0.203176 0.161475
vt 0.187819 0.142971
vt 0.165936 0.188301
vt 0.148652 0.171443
vt 0.132355 0.223673
vt 0.113334 0.208645
vt 0.102803 0.262227
vt 0.082253 0.249194
vt 0.077603 0.308516
vt 0.055749 0.297621
vt 0.057030 0.352138
vt 0.034112 0.343499
vt 0.041311 0.392613
vt 0.017579 0.386326
vt 0.030617 0.439396
vt 0.006332 0.435529
vt 0.025066 0.486997
vt 0.000494 0.485593
vt 0.024718 0.534896
vt 0.000129 0.535969
vt 0.029578 0.582566
vt 0.005239 0.586107
vt 0.039592 0.629488
vt 0.015771 0.635456
vt 0.054650 0.675145
vt 0.031608 0.683476
vt 0.074587 0.719039
vt 0.052577 0.729640
vt 0.099185 0.760687
vt 0.078448 0.773443
vt 0.128175 0.799635
vt 0.108938 0.814406
vt 0.161238 0.835454
vt 0.143712 0.852078
vt 0.198013 0.867753
vt 0.182389 0.886048
vt 0.238097 0.896177
vt 0.224547 0.915943
vt 0.281050 0.920416
vt 0.269722 0.941436
vt 0.326402 0.940204
vt 0.317421 0.962247
vt 0.373656 0.955323
vt 0.367119 0.978149
vt 0.422294 0.965609
vt 0.418274 0.988967
vt 0.471784 0.970948
vt 0.470324 0.994583
vt 0.521582 0.971283
vt 0.522699 0.994934
vt 0.571145 0.966609
vt 0.574826 0.990018
vt 0.619927 0.956977
vt 0.626132 0.979888
vt 0.667396 0.942493
vt 0.676057 0.964656
vt 0.713031 0.923317
vt 0.724053 0.944487
vt 0.756332 0.899657
vt 0.769594 0.919603
vt 0.796824 0.871774
vt 0.812181 0.890277
vt 0.834064 0.839972
vt 0.851348 0.856830
vt 0.867644 0.804600
vt 0.886665 0.819628
vt 0.897197 0.766046
vt 0.917747 0.779079
vt 0.922397 0.729707
vt 0.944251 0.740603
vt 0.942970 0.681110
vt 0.965888 0.689749
vt 0.958689 0.635660
vt 0.982420 0.641947
vt 0.969383 0.588877
vt 0.993667 0.592744
vt 0.974934 0.541276
vt 0.999506 0.542680
vt 0.975281 0.493378
vt 0.999871 0.492304
vt 0.970422 0.445707
vt 0.994760 0.442166
vt 0.960408 0.398785
vt 0.984228 0.392817
vn 0.994523 -0.000002 -0.104523
vn 0.978148 -0.000003 -0.207912
vn 0.978148 0.000003 -0.207912
vn 0.994522 0.000003 -0.104523
vn 0.951056 -0.000002 -0.309019
vn 0.951056 0.000002 -0.309019
vn 0.913545 -0.000001 -0.406739
vn 0.913545 0.000001 -0.406738
vn 0.866025 0.000000 -0.500000
vn 0.866026 0.000001 -0.500000
vn 0.809016 -0.000000 -0.587787
vn 0.809814 0.000001 -0.586687
vn 0.743144 0.000000 -0.669131
vn 0.742235 -0.000000 -0.670140
vn 0.669132 -0.000000 -0.743144
vn 0.670140 -0.000000 -0.742235
vn 0.587785 -0.000000 -0.809017
vn 0.586686 0.000000 -0.809815
vn 0.499999 0.000000 -0.866026
vn 0.499999 -0.000000 -0.866026
vn 0.406734 0.000001 -0.913546
vn 0.406734 -0.000001 -0.913546
vn 0.309018 0.000002 -0.951056
vn 0.309019 -0.000003 -0.951056
vn 0.207916 0.000000 -0.978147
vn 0.207916 0.000000 -0.978147
vn 0.104524 -0.000001 -0.994522
vn 0.104524 0.000002 -0.994522
vn -0.000000 0.000000 -1.000000
vn -0.000000 0.000000 -1.000000
vn -0.104524 -0.000001 -0.994522
vn -0.104524 0.000002 -0.994522
vn -0.207916 0.000000 -0.978147
vn -0.207916 0.000000 -0.978147
vn -0.309019 0.000002 -0.951056
vn -0.309019 -0.000003 -0.951056
vn -0.406735 0.000001 -0.913546
vn -0.406735 -0.000002 -0.913546
vn -0.499999 0.000000 -0.866026
vn -0.499999 -0.000001 -0.866026
vn -0.587786 0.000001 -0.809016
vn -0.587786 -0.000001 -0.809016
vn -0.669132 0.000001 -0.743143
vn -0.669132 -0.000002 -0.743143
vn -0.743144 0.000001 -0.669131
vn -0.743144 -0.000001 -0.669131
vn -0.809017 0.000000 -0.587786
vn -0.809017 -0.000000 -0.587786
vn -0.866026 0.000000 -0.499999
vn -0.866026 -0.000000 -0.499999
vn -0.913546 0.000001 -0.406735
vn -0.913546 -0.000001 -0.406735
vn -0.951057 0.000002 -0.309014
vn -0.951057 -0.000004 -0.309014
vn -0.978147 0.000003 -0.207916
vn -0.978147 -0.000004 -0.207916
vn -0.994522 0.000002 -0.104529
vn -0.994522 -0.000002 -0.104529
vn -1.000000 0.000001 0.000000
vn -1.000000 -0.000000 0.000000
vn -0.994522 0.000002 0.104529
vn -0.994522 -0.000001 0.104529
vn -0.978147 0.000001 0.207916
vn -0.978147 -0.000001 0.207916
vn -0.951057 0.000001 0.309015
vn -0.951057 -0.000001 0.309015
vn -0.913546 0.000001 0.406735
vn -0.913546 -0.000002 0.406735
vn -0.866025 0.000001 0.500000
vn -0.866025 -0.000001 0.500000
vn -0.809017 0.000001 0.587785
vn -0.809017 -0.000001 0.587785
vn -0.743143 0.000002 0.669133
vn -0.743143 -0.000002 0.669133
vn -0.669131 0.000002 0.743144
vn -0.669131 -0.000003 0.743144
vn -0.587787 0.000000 0.809016
vn -0.587787 -0.000001 0.809016
vn -0.499999 0.000000 0.866026
vn -0.499999 -0.000001 0.866026
vn -0.406734 0.000001 0.913547
vn -0.406734 -0.000002 0.913547
vn -0.309015 0.000002 0.951057
vn -0.309015 -0.000002 0.951057
vn -0.207916 0.000002 0.978147
vn -0.207916 -0.000001 0.978147
vn -0.104530 0.000002 0.994522
vn -0.104530 -0.000000 0.994522
vn 0.000001 0.000000 1.000000
vn 0.000000 -0.000002 1.000000
vn 0.104530 0.000000 0.994522
vn 0.104529 -0.000001 0.994522
vn 0.207915 0.000000 0.978147
vn 0.207915 -0.000000 0.978147
vn 0.309015 0.000001 0.951057
vn 0.309015 -0.000002 0.951057
vn 0.406735 0.000001 0.913546
vn 0.406735 -0.000001 0.913546
vn 0.500000 0.000001 0.866025
vn 0.500000 -0.000001 0.866025
vn 0.587785 0.000001 0.809017
vn 0.587785 -0.000001 0.809017
vn 0.669132 0.000002 0.743143
vn 0.669132 -0.000002 0.743143
vn 0.743145 0.000002 0.669131
vn 0.743145 -0.000004 0.669131
vn 0.809016 0.000001 0.587786
vn 0.809016 -0.000002 0.587786
vn 0.866026 0.000000 0.500000
vn 0.866026 -0.000001 0.500000
vn 0.913546 0.000001 0.406735
vn 0.913546 -0.000002 0.406735
vn 0.951057 0.000003 0.309015
vn 0.951057 -0.000003 0.309015
vn 0.978147 0.000002 0.207915
vn 0.978147 -0.000002 0.207915
vn 0.994522 0.000001 0.104530
vn 0.994522 -0.000002 0.104530
vn 1.000000 0.000001 0.000004
vn 1.000000 -0.000002 0.000004
vn -0.000000 -1.000000 0.000000
vn -0.000000 -1.000000 0.000000
vn -0.000000 -1.000000 -0.000000
vn -0.000000 -1.000000 0.000000
vn -0.000000 -1.000000 0.000000
vn -0.000000 -1.000000 0.000000
vn -0.000000 -1.000000 -0.000000
vn -0.000000 -1.000000 -0.000000
vn -0.000000 -1.000000 0.000000
vn -0.000000 -1.000000 0.000000
vn -0.000000 -1.000000 0.000000
vn -0.000000 -1.000000 0.000000
vn -0.000000 -1.000000 0.000000
vn -0.000000 -1.000000 0.000000
vn -0.000000 -1.000000 0.000000
vn 0.000000 -1.000000 0.000000
vn 0.000000 -1.000000 0.000000
vn 0.000000 -1.000000 0.000000
vn 0.000000 -1.000000 0.000000
vn 0.000000 -1.000000 0.000000
vn 0.000000 -1.000000 0.000000
vn 0.000000 -1.000000 0.000000
vn 0.000000 -1.000000 0.000000
vn 0.000000 -1.000000 -0.000000
vn 0.000000 -1.000000 -0.000000
vn 0.000000 -1.000000 0.000000
vn 0.000000 -1.000000 0.000000
vn 0.000000 -1.000000 0.000000
vn 0.000000 -1.000000 0.000000
vn 0.000000 -1.000000 0.000000
vn 0.000000 -1.000000 0.000000
vn 0.000000 -1.000000 0.000000
vn 0.000000 -1.000000 0.000000
vn 0.000000 -1.000000 0.000000
vn 0.000000 -1.000000 0.000000
vn 0.000000 -1.000000 0.000000
vn 0.000000 -1.000000 0.000000
vn 0.000000 -1.000000 0.000000
vn 0.000000 -1.000000 0.000000
vn 0.000000 -1.000000 0.000000
vn 0.000000 -1.000000 -0.000000
vn 0.000000 -1.000000 -0.000000
vn 0.000000 -1.000000 -0.000000
vn 0.000000 -1.000000 -0.000000
vn 0.000000 -1.000000 -0.000000
vn -0.000000 -1.000000 -0.000000
vn -0.000000 -1.000000 -0.000000
vn -0.000000 -1.000000 -0.000000
vn -0.000000 -1.000000 -0.000000
vn -0.000000 -1.000000 0.000000
vn -0.000000 -1.000000 0.000000
vn -0.000000 -1.000000 0.000000
vn -0.000000 -1.000000 0.000000
vn -0.000000 -1.000000 0.000000
vn -0.000000 -1.000000 0.000000
vn -0.000000 -1.000000 0.000000
vn -0.000000 -1.000000 0.000000
vn -0.000000 -1.000000 0.000000
vn -0.000000 -1.000000 0.000000
vn -0.000000 -1.000000 0.000000
vn -0.000000 -1.000000 0.000000
vn 0.000000 1.000000 0.000000
vn 0.000000 1.000000 0.000000
vn 0.000000 1.000000 0.000000
vn 0.000000 1.000000 0.000000
vn 0.000000 1.000000 0.000000
vn 0.000000 1.000000 0.000000
vn 0.000000 1.000000 0.000000
vn 0.000000 1.000000 0.000000
vn 0.000000 1.000000 0.000000
vn 0.000000 1.000000 0.000000
vn 0.000000 1.000000 0.000000
vn 0.000000 1.000000 0.000000
vn 0.000000 1.000000 -0.000000
vn 0.000000 1.000000 -0.000000
vn 0.000000 1.000000 -0.000000
vn -0.000000 1.000000 -0.000000
vn -0.000000 1.000000 -0.000000
vn -0.000000 1.000000 -0.000000
vn -0.000000 1.000000 -0.000000
vn -0.000000 1.000000 -0.000000
vn -0.000000 1.000000 -0.000000
vn -0.000000 1.000000 0.000000
vn -0.000000 1.000000 0.000000
vn -0.000000 1.000000 0.000000
vn -0.000000 1.000000 0.000000
vn -0.000000 1.000000 0.000000
vn -0.000000 1.000000 0.000000
vn -0.000000 1.000000 0.000000
vn -0.000000 1.000000 0.000000
vn -0.000000 1.000000 0.000000
vn -0.000000 1.000000 0.000000
vn -0.000000 1.000000 0.000000
vn -0.000000 1.000000 0.000000
vn -0.000000 1.000000 0.000000
vn -0.000000 1.000000 0.000000
vn -0.000000 1.000000 0.000000
vn -0.000000 1.000000 -0.000000
vn -0.000000 1.000000 -0.000000
vn -0.000000 1.000000 0.000000
vn -0.000000 1.000000 0.000000
vn -0.000000 1.000000 0.000000
vn -0.000000 1.000000 0.000000
vn -0.000000 1.000000 0.000000
vn -0.000000 1.000000 0.000000
vn -0.000000 1.000000 0.000000
vn 0.000000 1.000000 0.000000
vn 0.000000 1.000000 0.000000
vn 0.000000 1.000000 0.000000
vn 0.000000 1.000000 0.000000
vn 0.000000 1.000000 0.000000
vn 0.000000 1.000000 0.000000
vn 0.000000 1.000000 0.000000
vn 0.000000 1.000000 0.000000
vn 0.000000 1.000000 -0.000000
vn 0.000000 1.000000 -0.000000
vn 0.000000 1.000000 0.000000
vn 0.000000 1.000000 0.000000
vn 0.000000 1.000000 0.000000
vn 0.000000 1.000000 0.000000
vn 0.000000 1.000000 0.000000
vn 0.000000 1.000000 0.000000
vn 0.012925 -0.992325 0.122983
vn 0.012181 -0.993187 0.115895
vn -0.024229 -0.993187 -0.113987
vn -0.025710 -0.992325 -0.120956
vn -0.016808 0.996727 -0.079077
vn -0.015827 0.997099 -0.074459
vn 0.007957 0.997099 0.075705
vn 0.008450 0.996727 0.080402
vn 0.025710 -0.992325 0.120957
vn 0.024229 -0.993187 0.113987
vn -0.036011 -0.993187 -0.110830
vn -0.038212 -0.992325 -0.117607
vn -0.024982 0.996727 -0.076887
vn -0.023523 0.997098 -0.072396
vn 0.015827 0.997098 0.074459
vn 0.016808 0.996727 0.079078
vn 0.038213 -0.992325 0.117607
vn 0.036011 -0.993187 0.110830
vn 0.000000 -1.000000 0.000000
vn 0.000000 -1.000000 0.000000
vn -0.032882 0.996727 -0.073855
vn -0.030962 0.997098 -0.069541
vn 0.023523 0.997098 0.072397
vn 0.024982 0.996727 0.076887
vn -0.000000 -1.000000 -0.000000
vn -0.000000 -1.000000 -0.000000
vn -0.058267 -0.993187 -0.100921
vn -0.061830 -0.992325 -0.107092
vn -0.040422 0.996727 -0.070013
vn -0.038061 0.997098 -0.065924
vn 0.030962 0.997098 0.069541
vn 0.032882 0.996727 0.073855
vn 0.061829 -0.992325 0.107092
vn 0.058266 -0.993187 0.100921
vn -0.068497 -0.993187 -0.094278
vn -0.072684 -0.992325 -0.100042
vn -0.047519 0.996727 -0.065404
vn -0.044744 0.997098 -0.061585
vn 0.038061 0.997099 0.065924
vn 0.040422 0.996727 0.070014
vn 0.072685 -0.992325 0.100043
vn 0.068496 -0.993187 0.094278
vn -0.077976 -0.993187 -0.086601
vn -0.082744 -0.992325 -0.091896
vn -0.049144 0.996946 -0.060688
vn -0.049411 0.996913 -0.061018
vn -0.003623 0.999991 0.002014
vn -0.002744 0.999991 0.003210
vn 0.082745 -0.992325 0.091897
vn 0.077977 -0.993187 0.086602
vn -0.086602 -0.993187 -0.077976
vn -0.091898 -0.992325 -0.082744
vn -0.060079 0.996727 -0.054095
vn -0.056570 0.997098 -0.050936
vn 0.050936 0.997098 0.056570
vn 0.054096 0.996727 0.060079
vn 0.091897 -0.992325 0.082744
vn 0.086602 -0.993187 0.077976
vn -0.094278 -0.993187 -0.068497
vn -0.100042 -0.992325 -0.072685
vn -0.060688 0.996946 -0.049144
vn -0.061018 0.996913 -0.049411
vn -0.003125 0.999991 0.002723
vn -0.002017 0.999991 0.003710
vn 0.100043 -0.992325 0.072685
vn 0.094278 -0.993187 0.068497
vn -0.100920 -0.993187 -0.058266
vn -0.107092 -0.992325 -0.061829
vn -0.070013 0.996727 -0.040422
vn -0.065923 0.997099 -0.038061
vn 0.061584 0.997098 0.044744
vn 0.065405 0.996727 0.047519
vn 0.107092 -0.992325 0.061830
vn 0.100921 -0.993187 0.058267
vn -0.106459 -0.993187 -0.047398
vn -0.112968 -0.992325 -0.050297
vn -0.073855 0.996727 -0.032882
vn -0.069541 0.997098 -0.030962
vn 0.065924 0.997099 0.038061
vn 0.070013 0.996727 0.040422
vn 0.112969 -0.992325 0.050297
vn 0.106459 -0.993187 0.047399
vn -0.110830 -0.993187 -0.036011
vn -0.117606 -0.992325 -0.038213
vn -0.076887 0.996727 -0.024982
vn -0.072396 0.997098 -0.023523
vn 0.069541 0.997099 0.030962
vn 0.073855 0.996727 0.032882
vn 0.117606 -0.992325 0.038213
vn 0.110829 -0.993187 0.036011
vn -0.113987 -0.993187 -0.024229
vn -0.120958 -0.992325 -0.025710
vn -0.079078 0.996727 -0.016808
vn -0.074458 0.997098 -0.015827
vn 0.072396 0.997098 0.023523
vn 0.076887 0.996727 0.024982
vn 0.120957 -0.992325 0.025710
vn 0.113987 -0.993187 0.024229
vn 0.000000 -1.000000 -0.000000
vn 0.000000 -1.000000 -0.000000
vn -0.080402 0.996727 -0.008450
vn -0.075706 0.997098 -0.007957
vn 0.074458 0.997099 0.015827
vn 0.079077 0.996727 0.016808
vn -0.000000 -1.000000 -0.000000
vn -0.000000 -1.000000 -0.000000
vn 0.000000 -1.000000 -0.000000
vn 0.000000 -1.000000 -0.000000
vn -0.080844 0.996727 -0.000000
vn -0.076122 0.997098 -0.000000
vn 0.075706 0.997099 0.007957
vn 0.080402 0.996727 0.008451
vn -0.000000 -1.000000 -0.000000
vn -0.000000 -1.000000 -0.000000
vn -0.115896 -0.993187 0.012181
vn -0.122983 -0.992325 0.012926
vn -0.080402 0.996727 0.008451
vn -0.075706 0.997098 0.007957
vn 0.076122 0.997098 0.000000
vn 0.080844 0.996727 0.000000
vn 0.122983 -0.992325 -0.012926
vn 0.115896 -0.993187 -0.012181
vn -0.113987 -0.993187 0.024229
vn -0.120957 -0.992325 0.025710
vn -0.079077 0.996727 0.016808
vn -0.074458 0.997099 0.015827
vn 0.075706 0.997098 -0.007957
vn 0.080402 0.996727 -0.008451
vn 0.120958 -0.992325 -0.025710
vn 0.113987 -0.993187 -0.024229
vn -0.110829 -0.993187 0.036011
vn -0.117606 -0.992325 0.038213
vn -0.076887 0.996727 0.024982
vn -0.072396 0.997099 0.023523
vn 0.074458 0.997099 -0.015827
vn 0.079078 0.996727 -0.016809
vn 0.117606 -0.992325 -0.038213
vn 0.110830 -0.993187 -0.036012
vn 0.000000 -1.000000 0.000000
vn 0.000000 -1.000000 0.000000
vn -0.073855 0.996727 0.032882
vn -0.069541 0.997099 0.030962
vn 0.072396 0.997098 -0.023523
vn 0.076887 0.996727 -0.024982
vn 0.000000 -1.000000 0.000000
vn 0.000000 -1.000000 0.000000
vn -0.100922 -0.993187 0.058267
vn -0.107093 -0.992325 0.061830
vn -0.070014 0.996727 0.040422
vn -0.065924 0.997098 0.038061
vn 0.069541 0.997098 -0.030962
vn 0.073855 0.996727 -0.032882
vn 0.107092 -0.992325 -0.061829
vn 0.100921 -0.993187 -0.058266
vn -0.094278 -0.993187 0.068497
vn -0.100042 -0.992325 0.072685
vn -0.065405 0.996727 0.047519
vn -0.061584 0.997098 0.044743
vn 0.065924 0.997098 -0.038061
vn 0.070014 0.996727 -0.040422
vn 0.100043 -0.992325 -0.072685
vn 0.094278 -0.993187 -0.068496
vn -0.086601 -0.993187 0.077976
vn -0.091896 -0.992325 0.082744
vn -0.060079 0.996727 0.054095
vn -0.056570 0.997099 0.050936
vn 0.061584 0.997099 -0.044743
vn 0.065404 0.996727 -0.047519
vn 0.091897 -0.992325 -0.082745
vn 0.086602 -0.993187 -0.077977
vn 0.000000 -1.000000 0.000000
vn 0.000000 -1.000000 0.000000
vn -0.054096 0.996727 0.060079
vn -0.050936 0.997098 0.056570
vn 0.056570 0.997098 -0.050936
vn 0.060080 0.996727 -0.054096
vn 0.000000 -1.000000 0.000000
vn 0.000000 -1.000000 0.000000
vn 0.000000 -1.000000 0.000000
vn 0.000000 -1.000000 0.000000
vn -0.047519 0.996727 0.065405
vn -0.044743 0.997098 0.061584
vn 0.050936 0.997098 -0.056570
vn 0.054095 0.996727 -0.060079
vn 0.000000 -1.000000 0.000000
vn 0.000000 -1.000000 0.000000
vn -0.058266 -0.993187 0.100921
vn -0.061829 -0.992325 0.107092
vn -0.040422 0.996727 0.070013
vn -0.038061 0.997098 0.065924
vn 0.044744 0.997099 -0.061584
vn 0.047519 0.996727 -0.065405
vn 0.061829 -0.992325 -0.107092
vn 0.058266 -0.993187 -0.100921
vn -0.047398 -0.993187 0.106459
vn -0.050297 -0.992325 0.112968
vn -0.032882 0.996727 0.073855
vn -0.030962 0.997098 0.069541
vn 0.038061 0.997099 -0.065924
vn 0.040422 0.996727 -0.070013
vn 0.050297 -0.992325 -0.112969
vn 0.047399 -0.993187 -0.106459
vn -0.036011 -0.993187 0.110830
vn -0.038213 -0.992325 0.117606
vn -0.024982 0.996727 0.076888
vn -0.023523 0.997098 0.072397
vn 0.030962 0.997098 -0.069541
vn 0.032882 0.996727 -0.073855
vn 0.038213 -0.992325 -0.117608
vn 0.036011 -0.993187 -0.110830
vn -0.024229 -0.993187 0.113987
vn -0.025710 -0.992325 0.120956
vn -0.016809 0.996727 0.079077
vn -0.015827 0.997099 0.074459
vn 0.023523 0.997099 -0.072397
vn 0.024983 0.996727 -0.076888
vn 0.025710 -0.992325 -0.120956
vn 0.024229 -0.993187 -0.113986
vn -0.012181 -0.993187 0.115896
vn -0.012926 -0.992325 0.122983
vn -0.008451 0.996727 0.080402
vn -0.007957 0.997098 0.075706
vn 0.015827 0.997099 -0.074458
vn 0.016808 0.996727 -0.079077
vn 0.012926 -0.992325 -0.122982
vn 0.012181 -0.993187 -0.115896
vn 0.000000 -0.993187 0.116533
vn 0.000000 -0.992325 0.123658
vn 0.000000 0.996727 0.080844
vn 0.000000 0.997099 0.076122
vn 0.007957 0.997098 -0.075706
vn 0.008451 0.996727 -0.080402
vn -0.000000 -0.992325 -0.123658
vn -0.000000 -0.993187 -0.116533
vn 0.012181 -0.993187 0.115896
vn 0.012926 -0.992325 0.122983
vn 0.008451 0.996727 0.080402
vn 0.007957 0.997098 0.075706
vn -0.000000 0.997099 -0.076122
vn -0.000000 0.996727 -0.080844
vn -0.012926 -0.992325 -0.122983
vn -0.012181 -0.993187 -0.115896
vn 0.024229 -0.993187 0.113986
vn 0.025710 -0.992325 0.120956
vn 0.016809 0.996727 0.079077
vn 0.015827 0.997099 0.074458
vn -0.007957 0.997098 -0.075706
vn -0.008451 0.996727 -0.080402
vn -0.025711 -0.992325 -0.120957
vn -0.024229 -0.993187 -0.113988
vn 0.036012 -0.993187 0.110830
vn 0.038214 -0.992325 0.117608
vn 0.024983 0.996727 0.076888
vn 0.023524 0.997099 0.072397
vn -0.015827 0.997098 -0.074459
vn -0.016809 0.996727 -0.079078
vn -0.038213 -0.992325 -0.117606
vn -0.036011 -0.993187 -0.110830
vn 0.047399 -0.993187 0.106459
vn 0.050297 -0.992325 0.112969
vn 0.032883 0.996727 0.073855
vn 0.030962 0.997099 0.069541
vn -0.023523 0.997099 -0.072397
vn -0.024982 0.996727 -0.076888
vn -0.050297 -0.992325 -0.112968
vn -0.047399 -0.993187 -0.106459
vn 0.058267 -0.993187 0.100922
vn 0.061829 -0.992325 0.107092
vn 0.040422 0.996727 0.070013
vn 0.038061 0.997098 0.065924
vn -0.030962 0.997099 -0.069541
vn -0.032882 0.996727 -0.073855
vn -0.061829 -0.992325 -0.107093
vn -0.058266 -0.993187 -0.100921
vn 0.068497 -0.993187 0.094278
vn 0.072686 -0.992325 0.100043
vn 0.047519 0.996727 0.065405
vn 0.044744 0.997098 0.061584
vn -0.038061 0.997098 -0.065924
vn -0.040422 0.996727 -0.070013
vn -0.072685 -0.992325 -0.100042
vn -0.068497 -0.993187 -0.094278
vn 0.077976 -0.993187 0.086601
vn 0.082744 -0.992325 0.091897
vn 0.054096 0.996727 0.060079
vn 0.050936 0.997099 0.056570
vn -0.044743 0.997098 -0.061584
vn -0.047519 0.996727 -0.065404
vn -0.082744 -0.992325 -0.091897
vn -0.077976 -0.993187 -0.086601
vn 0.086602 -0.993187 0.077976
vn 0.091897 -0.992325 0.082744
vn 0.060079 0.996727 0.054096
vn 0.056570 0.997099 0.050936
vn -0.050936 0.997098 -0.056570
vn -0.054095 0.996727 -0.060079
vn -0.091896 -0.992325 -0.082744
vn -0.086601 -0.993187 -0.077976
vn 0.094278 -0.993187 0.068498
vn 0.100042 -0.992325 0.072686
vn 0.065404 0.996727 0.047519
vn 0.061584 0.997098 0.044744
vn -0.056570 0.997099 -0.050936
vn -0.060079 0.996727 -0.054095
vn -0.100043 -0.992325 -0.072686
vn -0.094278 -0.993187 -0.068497
vn 0.100921 -0.993187 0.058267
vn 0.107092 -0.992325 0.061829
vn 0.070013 0.996727 0.040422
vn 0.065924 0.997099 0.038061
vn -0.061584 0.997098 -0.044744
vn -0.065405 0.996727 -0.047520
vn -0.107092 -0.992325 -0.061830
vn -0.100921 -0.993187 -0.058267
vn 0.106459 -0.993187 0.047399
vn 0.112968 -0.992325 0.050297
vn 0.073855 0.996727 0.032882
vn 0.069541 0.997099 0.030962
vn -0.065924 0.997098 -0.038061
vn -0.070014 0.996727 -0.040422
vn -0.112969 -0.992325 -0.050297
vn -0.106459 -0.993187 -0.047399
vn 0.110830 -0.993187 0.036011
vn 0.117607 -0.992325 0.038213
vn 0.076888 0.996727 0.024982
vn 0.072397 0.997098 0.023523
vn -0.069541 0.997099 -0.030962
vn -0.073855 0.996727 -0.032883
vn -0.117607 -0.992325 -0.038213
vn -0.110830 -0.993187 -0.036011
vn 0.113987 -0.993187 0.024229
vn 0.120957 -0.992325 0.025710
vn 0.079078 0.996727 0.016809
vn 0.074459 0.997098 0.015827
vn -0.072397 0.997098 -0.023523
vn -0.076888 0.996727 -0.024983
vn -0.120956 -0.992325 -0.025710
vn -0.113987 -0.993187 -0.024229
vn 0.115896 -0.993187 0.012181
vn 0.122983 -0.992325 0.012926
vn 0.080401 0.996727 0.008451
vn 0.075705 0.997098 0.007957
vn -0.074459 0.997098 -0.015827
vn -0.079078 0.996727 -0.016809
vn -0.122983 -0.992325 -0.012926
vn -0.115896 -0.993187 -0.012181
vn 0.116533 -0.993187 0.000000
vn 0.123659 -0.992325 0.000000
vn 0.080844 0.996727 0.000000
vn 0.076122 0.997098 0.000000
vn -0.075705 0.997099 -0.007957
vn -0.080401 0.996727 -0.008450
vn -0.123659 -0.992325 -0.000000
vn -0.116533 -0.993187 -0.000000
vn 0.115896 -0.993187 -0.012181
vn 0.122983 -0.992325 -0.012926
vn 0.080401 0.996727 -0.008451
vn 0.075705 0.997099 -0.007957
vn -0.076122 0.997098 0.000000
vn -0.080844 0.996727 0.000000
vn -0.122983 -0.992325 0.012926
vn -0.115896 -0.993187 0.012181
vn 0.113987 -0.993187 -0.024229
vn 0.120957 -0.992325 -0.025711
vn 0.079078 0.996727 -0.016809
vn 0.074459 0.997098 -0.015827
vn -0.075705 0.997098 0.007957
vn -0.080401 0.996727 0.008450
vn -0.120957 -0.992325 0.025710
vn -0.113987 -0.993187 0.024229
vn 0.110830 -0.993187 -0.036012
vn 0.117608 -0.992325 -0.038214
vn 0.076888 0.996727 -0.024983
vn 0.072397 0.997099 -0.023524
vn -0.074459 0.997098 0.015827
vn -0.079078 0.996727 0.016809
vn -0.117607 -0.992325 0.038213
vn -0.110831 -0.993187 0.036011
vn 0.106459 -0.993187 -0.047399
vn 0.112969 -0.992325 -0.050297
vn 0.073855 0.996727 -0.032883
vn 0.069541 0.997098 -0.030962
vn -0.072397 0.997099 0.023523
vn -0.076888 0.996727 0.024982
vn -0.112968 -0.992325 0.050297
vn -0.106459 -0.993187 0.047399
vn 0.100921 -0.993187 -0.058266
vn 0.107092 -0.992325 -0.061829
vn 0.070014 0.996727 -0.040422
vn 0.065924 0.997098 -0.038061
vn -0.069541 0.997099 0.030962
vn -0.073855 0.996727 0.032882
vn -0.107092 -0.992325 0.061829
vn -0.100921 -0.993187 0.058266
vn 0.094278 -0.993187 -0.068497
vn 0.100043 -0.992325 -0.072686
vn 0.065405 0.996727 -0.047519
vn 0.061585 0.997098 -0.044744
vn -0.065923 0.997099 0.038061
vn -0.070013 0.996727 0.040422
vn -0.100041 -0.992325 0.072685
vn -0.094277 -0.993187 0.068497
vn 0.086601 -0.993187 -0.077976
vn 0.091897 -0.992325 -0.082745
vn 0.060079 0.996727 -0.054095
vn 0.056570 0.997098 -0.050936
vn -0.061584 0.997099 0.044744
vn -0.065404 0.996727 0.047519
vn -0.091897 -0.992325 0.082744
vn -0.086601 -0.993187 0.077976
vn 0.000000 -1.000000 -0.000000
vn 0.000000 -1.000000 -0.000000
vn 0.054096 0.996727 -0.060079
vn 0.050936 0.997098 -0.056570
vn -0.056570 0.997098 0.050936
vn -0.060079 0.996727 0.054095
vn 0.000000 -1.000000 0.000000
vn 0.000000 -1.000000 0.000000
vn 0.068498 -0.993187 -0.094278
vn 0.072686 -0.992325 -0.100042
vn 0.047519 0.996727 -0.065404
vn 0.044744 0.997098 -0.061584
vn -0.050936 0.997098 0.056569
vn -0.054096 0.996727 0.060079
vn -0.072686 -0.992325 0.100043
vn -0.068497 -0.993187 0.094277
vn 0.058267 -0.993187 -0.100921
vn 0.061830 -0.992325 -0.107092
vn 0.040422 0.996727 -0.070013
vn 0.038061 0.997099 -0.065924
vn -0.044744 0.997098 0.061584
vn -0.047520 0.996727 0.065405
vn -0.061829 -0.992325 0.107092
vn -0.058267 -0.993187 0.100921
vn 0.047399 -0.993187 -0.106459
vn 0.050297 -0.992325 -0.112968
vn 0.032882 0.996727 -0.073855
vn 0.030962 0.997099 -0.069541
vn -0.038061 0.997098 0.065924
vn -0.040422 0.996727 0.070013
vn -0.050297 -0.992325 0.112969
vn -0.047399 -0.993187 0.106459
vn 0.036011 -0.993187 -0.110830
vn 0.038213 -0.992325 -0.117607
vn 0.024982 0.996727 -0.076888
vn 0.023523 0.997098 -0.072396
vn -0.030962 0.997099 0.069541
vn -0.032882 0.996727 0.073855
vn -0.038213 -0.992325 0.117607
vn -0.036011 -0.993187 0.110830
vn 0.024229 -0.993187 -0.113987
vn 0.025710 -0.992325 -0.120957
vn 0.016809 0.996727 -0.079078
vn 0.015827 0.997098 -0.074459
vn -0.023523 0.997099 0.072397
vn -0.024983 0.996727 0.076888
vn -0.025710 -0.992325 0.120957
vn -0.024229 -0.993187 0.113987
vn 0.012181 -0.993187 -0.115896
vn 0.012926 -0.992325 -0.122982
vn 0.008451 0.996727 -0.080401
vn 0.007957 0.997098 -0.075705
vn -0.015827 0.997099 0.074459
vn -0.016809 0.996727 0.079078
vn -0.012926 -0.992325 0.122982
vn -0.012181 -0.993187 0.115895
vn 0.000000 -0.993187 -0.116533
vn 0.000000 -0.992325 -0.123658
vn 0.000000 0.996727 -0.080844
vn 0.000000 0.997099 -0.076122
vn -0.007957 0.997099 0.075705
vn -0.008450 0.996727 0.080401
vn -0.000000 -0.992325 0.123658
vn -0.000000 -0.993187 0.116533
vn -0.012181 -0.993187 -0.115895
vn -0.012925 -0.992325 -0.122982
vn -0.008450 0.996727 -0.080401
vn -0.007957 0.997099 -0.075705
vn -0.000000 0.997098 0.076122
vn -0.000000 0.996727 0.080844
vn -0.994522 0.000002 0.104526
vn -0.978148 -0.000003 0.207912
vn -0.978147 0.000681 0.207912
vn -0.987688 0.000002 0.156436
vn -0.987689 0.000002 0.156434
vn -0.994522 0.000685 0.104526
vn 0.994522 -0.000655 -0.104524
vn 0.987688 -0.000014 -0.156436
vn 0.987688 -0.000014 -0.156438
vn 0.978147 -0.000659 -0.207913
vn -0.951057 -0.000003 0.309017
vn -0.951056 0.000681 0.309017
vn -0.965926 -0.000005 0.258820
vn -0.965926 -0.000005 0.258818
vn 0.965926 -0.000009 -0.258817
vn 0.965926 -0.000009 -0.258820
vn 0.951056 -0.000656 -0.309018
vn -0.913545 0.000000 0.406737
vn -0.913545 0.000006 0.406737
vn -0.933350 0.000644 0.358968
vn -0.933581 0.000002 0.358367
vn 0.933580 -0.000007 -0.358370
vn 0.933360 -0.000617 -0.358941
vn 0.913545 -0.000008 -0.406739
vn -0.866025 -0.000002 0.500001
vn -0.866024 0.000681 0.500001
vn -0.891006 0.000002 0.453992
vn -0.891298 0.000644 0.453418
vn 0.891283 -0.000611 -0.453447
vn 0.891006 -0.000001 -0.453992
vn 0.866025 -0.000648 -0.500000
vn -0.809017 -0.000006 0.587786
vn -0.809016 0.000677 0.587786
vn -0.838669 -0.000004 0.544642
vn -0.838670 -0.000004 0.544640
vn 0.838672 -0.000001 -0.544638
vn 0.838670 -0.000001 -0.544640
vn 0.809016 -0.000648 -0.587786
vn -0.743145 -0.000007 0.669131
vn -0.743145 0.000677 0.669130
vn -0.777145 -0.000005 0.629321
vn -0.777147 -0.000005 0.629319
vn 0.777145 -0.000002 -0.629322
vn 0.777143 -0.000002 -0.629324
vn 0.743144 -0.000647 -0.669131
vn -0.669129 -0.000010 0.743146
vn -0.669129 0.000674 0.743146
vn -0.707106 -0.000006 0.707108
vn -0.707107 -0.000006 0.707106
vn 0.707109 0.000002 -0.707104
vn 0.707107 0.000002 -0.707106
vn 0.669131 -0.000649 -0.743144
vn -0.587786 -0.000011 0.809016
vn -0.587786 0.000672 0.809016
vn -0.629317 -0.000011 0.777148
vn -0.629319 -0.000011 0.777147
vn 0.629322 -0.000005 -0.777145
vn 0.629320 -0.000005 -0.777147
vn 0.587785 -0.000650 -0.809017
vn -0.500002 -0.000004 0.866024
vn -0.500002 0.000679 0.866024
vn -0.544642 -0.000008 0.838668
vn -0.544645 -0.000008 0.838667
vn 0.544639 0.000000 -0.838671
vn 0.544637 0.000000 -0.838672
vn 0.499999 -0.000647 -0.866026
vn -0.406735 -0.000000 0.913546
vn -0.406735 0.000684 0.913546
vn -0.453988 0.000002 0.891008
vn -0.453991 0.000002 0.891006
vn 0.453991 -0.000001 -0.891006
vn 0.453989 -0.000001 -0.891007
vn 0.406734 -0.000646 -0.913546
vn -0.309016 -0.000000 0.951057
vn -0.309016 0.000683 0.951057
vn -0.358365 0.000001 0.933582
vn -0.358368 0.000001 0.933581
vn 0.358365 0.000003 -0.933582
vn 0.358363 0.000003 -0.933582
vn 0.309018 -0.000640 -0.951056
vn -0.207911 -0.000000 0.978148
vn -0.207911 0.000683 0.978148
vn -0.258817 0.000001 0.965926
vn -0.258820 0.000001 0.965926
vn 0.258827 0.000009 -0.965924
vn 0.258825 0.000009 -0.965924
vn 0.207916 -0.000647 -0.978146
vn -0.104527 -0.000003 0.994522
vn -0.104527 0.000002 0.994522
vn -0.155799 0.000644 0.987789
vn -0.156435 0.000001 0.987688
vn 0.156437 -0.000009 -0.987688
vn 0.155833 -0.000619 -0.987783
vn 0.104526 -0.000009 -0.994522
vn 0.000000 -0.000007 1.000000
vn 0.000000 -0.000002 1.000000
vn -0.051692 0.000636 0.998663
vn -0.052976 0.000637 0.998596
vn 0.052937 -0.000611 -0.998598
vn 0.051718 -0.000611 -0.998662
vn -0.000000 -0.000005 -1.000000
vn 0.104527 -0.000003 0.994522
vn 0.104527 0.000680 0.994522
vn 0.052336 -0.000006 0.998630
vn 0.051693 0.000636 0.998663
vn -0.051719 -0.000611 -0.998662
vn -0.052330 -0.000001 -0.998630
vn -0.104526 -0.000652 -0.994522
vn 0.207912 -0.000000 0.978148
vn 0.207912 0.000683 0.978147
vn 0.156435 0.000001 0.987688
vn 0.156433 0.000001 0.987689
vn -0.156435 -0.000010 -0.987688
vn -0.156437 -0.000010 -0.987688
vn -0.207916 -0.000647 -0.978146
vn 0.309017 -0.000001 0.951056
vn 0.309017 0.000683 0.951056
vn 0.258822 0.000001 0.965925
vn 0.258819 0.000001 0.965926
vn -0.258825 0.000009 -0.965924
vn -0.258828 0.000009 -0.965924
vn -0.309018 -0.000640 -0.951056
vn 0.406736 -0.000001 0.913546
vn 0.406737 0.000004 0.913546
vn 0.358967 0.000643 0.933350
vn 0.358366 0.000000 0.933581
vn -0.358363 0.000004 -0.933582
vn -0.358934 -0.000606 -0.933363
vn -0.406735 -0.000001 -0.913546
vn 0.500001 -0.000003 0.866025
vn 0.500001 0.000680 0.866025
vn 0.453992 0.000000 0.891006
vn 0.453418 0.000643 0.891298
vn -0.453446 -0.000608 -0.891283
vn -0.453991 0.000002 -0.891006
vn -0.499999 -0.000647 -0.866026
vn 0.587786 -0.000007 0.809017
vn 0.587786 0.000677 0.809016
vn 0.544641 -0.000005 0.838669
vn 0.544639 -0.000005 0.838671
vn -0.544637 -0.000002 -0.838672
vn -0.544639 -0.000002 -0.838671
vn -0.587786 -0.000647 -0.809016
vn 0.669131 -0.000007 0.743144
vn 0.669131 0.000676 0.743144
vn 0.629322 -0.000006 0.777145
vn 0.629320 -0.000006 0.777146
vn -0.629322 0.000003 -0.777145
vn -0.629324 0.000003 -0.777143
vn -0.669132 -0.000644 -0.743143
vn 0.743146 -0.000009 0.669129
vn 0.743146 -0.000004 0.669129
vn 0.707562 0.000637 0.706651
vn 0.707107 -0.000006 0.707107
vn -0.707107 0.000003 -0.707107
vn -0.707539 -0.000607 -0.706674
vn -0.743144 -0.000002 -0.669131
vn 0.809016 -0.000011 0.587786
vn 0.809017 -0.000006 0.587786
vn 0.777552 0.000632 0.628819
vn 0.776742 0.000633 0.629818
vn -0.776759 -0.000610 -0.629797
vn -0.777528 -0.000610 -0.628848
vn -0.809017 -0.000005 -0.587786
vn 0.866024 -0.000006 0.500002
vn 0.866024 0.000677 0.500002
vn 0.838669 -0.000010 0.544641
vn 0.838318 0.000632 0.545181
vn -0.838339 -0.000612 -0.545149
vn -0.838673 -0.000002 -0.544636
vn -0.866026 -0.000647 -0.499999
vn 0.913546 -0.000001 0.406736
vn 0.913546 0.000683 0.406736
vn 0.891007 0.000000 0.453989
vn 0.891006 0.000000 0.453992
vn -0.891006 0.000001 -0.453992
vn -0.891007 0.000001 -0.453990
vn -0.913546 -0.000644 -0.406735
vn 0.951057 -0.000000 0.309016
vn 0.951056 0.000683 0.309016
vn 0.933581 0.000001 0.358365
vn 0.933581 0.000001 0.358368
vn -0.933582 0.000005 -0.358365
vn -0.933583 0.000005 -0.358362
vn -0.951057 -0.000640 -0.309014
vn 0.978148 -0.000001 0.207912
vn 0.978147 0.000682 0.207912
vn 0.965926 0.000001 0.258818
vn 0.965926 0.000001 0.258821
vn -0.965926 0.000009 -0.258819
vn -0.965927 0.000009 -0.258816
vn -0.978147 -0.000637 -0.207915
vn 0.994522 -0.000006 0.104528
vn 0.994522 0.000678 0.104528
vn 0.987689 -0.000001 0.156433
vn 0.987688 -0.000001 0.156436
vn -0.987687 0.000011 -0.156445
vn -0.987687 0.000011 -0.156443
vn -0.994522 -0.000640 -0.104530
vn 1.000000 -0.000010 -0.000000
vn 1.000000 0.000673 -0.000000
vn 0.998630 -0.000009 0.052335
vn 0.998629 -0.000009 0.052337
vn -0.998630 0.000002 -0.052330
vn -0.998630 0.000002 -0.052327
vn -1.000000 -0.000645 -0.000000
vn 0.994522 -0.000005 -0.104529
vn 0.994522 0.000679 -0.104529
vn 0.998629 -0.000008 -0.052338
vn 0.998630 -0.000008 -0.052335
vn -0.998630 0.000003 0.052327
vn -0.998630 0.000003 0.052330
vn -0.994522 -0.000641 0.104530
vn 0.978148 -0.000000 -0.207912
vn 0.978147 0.000683 -0.207912
vn 0.987688 0.000000 -0.156436
vn 0.987689 0.000000 -0.156433
vn -0.987687 0.000010 0.156443
vn -0.987687 0.000010 0.156445
vn -0.978146 -0.000643 0.207916
vn 0.951057 0.000000 -0.309016
vn 0.951056 0.000684 -0.309016
vn 0.965926 0.000002 -0.258820
vn 0.965926 0.000002 -0.258818
vn -0.965926 -0.000002 0.258818
vn -0.965926 -0.000002 0.258820
vn -0.951057 -0.000644 0.309015
vn 0.913546 0.000000 -0.406736
vn 0.913545 0.000684 -0.406736
vn 0.933581 0.000002 -0.358368
vn 0.933581 0.000002 -0.358365
vn -0.933582 0.000005 0.358363
vn -0.933581 0.000005 0.358365
vn -0.913546 -0.000644 0.406735
vn 0.866025 -0.000006 -0.500001
vn 0.866024 0.000678 -0.500001
vn 0.891006 0.000002 -0.453992
vn 0.891007 0.000002 -0.453990
vn -0.891007 0.000000 0.453990
vn -0.891006 0.000000 0.453993
vn -0.866025 -0.000645 0.500000
vn 0.809017 -0.000012 -0.587786
vn 0.809017 0.000671 -0.587785
vn 0.838669 -0.000011 -0.544642
vn 0.838670 -0.000011 -0.544640
vn -0.838672 0.000003 0.544637
vn -0.838671 0.000003 0.544639
vn -0.809017 -0.000644 0.587785
vn 0.743144 -0.000012 -0.669132
vn 0.743144 0.000672 -0.669131
vn 0.777146 -0.000010 -0.629320
vn 0.777148 -0.000010 -0.629318
vn -0.777146 0.000004 0.629320
vn -0.777145 0.000004 0.629322
vn -0.743143 -0.000642 0.669133
vn 0.669129 -0.000010 -0.743146
vn 0.669129 0.000673 -0.743146
vn 0.707103 -0.000011 -0.707111
vn 0.707104 -0.000011 -0.707109
vn -0.707104 0.000007 0.707109
vn -0.707103 0.000007 0.707111
vn -0.669131 -0.000642 0.743144
vn 0.587787 -0.000008 -0.809016
vn 0.587787 0.000675 -0.809016
vn 0.629320 -0.000006 -0.777146
vn 0.629322 -0.000006 -0.777145
vn -0.629326 0.000001 0.777142
vn -0.629324 0.000001 0.777143
vn -0.587787 -0.000647 0.809016
vn 0.500001 -0.000005 -0.866025
vn 0.500001 0.000679 -0.866025
vn 0.544641 -0.000008 -0.838669
vn 0.544643 -0.000008 -0.838668
vn -0.544638 -0.000000 0.838671
vn -0.544636 -0.000000 0.838673
vn -0.499999 -0.000647 0.866026
vn 0.406736 -0.000002 -0.913546
vn 0.406736 0.000682 -0.913546
vn 0.453988 0.000001 -0.891008
vn 0.453991 0.000001 -0.891006
vn -0.453991 0.000001 0.891006
vn -0.453989 0.000001 0.891007
vn -0.406734 -0.000644 0.913546
vn 0.309017 -0.000001 -0.951057
vn 0.309017 0.000682 -0.951056
vn 0.358366 -0.000002 -0.933581
vn 0.358368 -0.000002 -0.933580
vn -0.358365 0.000005 0.933582
vn -0.358363 0.000005 0.933583
vn -0.309015 -0.000641 0.951057
vn 0.207913 -0.000001 -0.978147
vn 0.207912 0.000683 -0.978147
vn 0.258818 0.000001 -0.965926
vn 0.258821 0.000001 -0.965925
vn -0.258820 0.000005 0.965925
vn -0.258818 0.000005 0.965926
vn -0.207915 -0.000639 0.978147
vn 0.104530 -0.000001 -0.994522
vn 0.104530 0.000682 -0.994521
vn 0.156435 -0.000000 -0.987688
vn 0.156437 -0.000000 -0.987688
vn -0.156444 0.000009 0.987687
vn -0.156441 0.000009 0.987687
vn -0.104530 -0.000643 0.994522
vn -0.000000 -0.000001 -1.000000
vn -0.000000 0.000683 -1.000000
vn 0.052336 -0.000000 -0.998630
vn 0.052338 -0.000000 -0.998629
vn -0.052331 -0.000001 0.998630
vn -0.052329 -0.000001 0.998630
vn 0.000000 -0.000647 1.000000
vn -0.104530 -0.000000 -0.994522
vn -0.104530 0.000684 -0.994521
vn -0.052339 0.000001 -0.998629
vn -0.052336 0.000001 -0.998630
vn 0.052330 0.000002 0.998630
vn 0.052332 0.000002 0.998630
vn 0.104530 -0.000648 0.994522
vn -0.207913 -0.000000 -0.978147
vn -0.207912 0.000683 -0.978147
vn -0.156437 0.000001 -0.987688
vn -0.156434 0.000001 -0.987688
vn 0.156440 -0.000004 0.987687
vn 0.156442 -0.000004 0.987687
vn 0.207914 -0.000646 0.978147
vn -0.309017 -0.000000 -0.951056
vn -0.309017 0.000683 -0.951056
vn -0.258821 0.000001 -0.965925
vn -0.258819 0.000001 -0.965926
vn 0.258818 0.000004 0.965926
vn 0.258820 0.000004 0.965926
vn 0.309016 -0.000643 0.951057
vn -0.406737 -0.000001 -0.913545
vn -0.406736 0.000683 -0.913545
vn -0.358369 0.000001 -0.933580
vn -0.358367 0.000001 -0.933581
vn 0.358364 0.000003 0.933582
vn 0.358367 0.000003 0.933581
vn 0.406736 -0.000645 0.913546
vn -0.500001 -0.000003 -0.866025
vn -0.500001 0.000680 -0.866025
vn -0.453991 0.000000 -0.891006
vn -0.453989 0.000000 -0.891007
vn 0.453990 0.000001 0.891007
vn 0.453992 0.000001 0.891006
vn 0.500000 -0.000645 0.866025
vn -0.587785 -0.000005 -0.809017
vn -0.587785 0.000678 -0.809017
vn -0.544642 -0.000005 -0.838669
vn -0.544640 -0.000005 -0.838670
vn 0.544637 0.000003 0.838672
vn 0.544639 0.000003 0.838670
vn 0.587784 -0.000645 0.809017
vn -0.669131 -0.000007 -0.743144
vn -0.669131 0.000677 -0.743144
vn -0.629320 -0.000002 -0.777147
vn -0.629318 -0.000002 -0.777148
vn 0.629319 0.000002 0.777147
vn 0.629321 0.000002 0.777146
vn 0.669132 -0.000642 0.743144
vn -0.743146 -0.000009 -0.669130
vn -0.743146 -0.000004 -0.669130
vn -0.707564 0.000634 -0.706649
vn -0.707109 -0.000008 -0.707105
vn 0.707109 0.000008 0.707105
vn 0.707541 -0.000602 0.706672
vn 0.743145 0.000001 0.669131
vn -0.809016 -0.000004 -0.587787
vn -0.809016 0.000679 -0.587787
vn -0.777146 -0.000008 -0.629321
vn -0.776740 0.000634 -0.629821
vn 0.776759 -0.000609 0.629798
vn 0.777144 0.000001 0.629322
vn 0.809016 -0.000647 0.587786
vn -0.866025 0.000002 -0.500001
vn -0.866025 0.000685 -0.500001
vn -0.838670 0.000001 -0.544640
vn -0.838669 0.000001 -0.544642
vn 0.838671 0.000001 0.544639
vn 0.838672 0.000001 0.544637
vn 0.866026 -0.000647 0.499999
vn -0.913546 0.000003 -0.406736
vn -0.913546 0.000687 -0.406736
vn -0.891007 0.000004 -0.453989
vn -0.891006 0.000004 -0.453991
vn 0.891006 -0.000001 0.453992
vn 0.891007 -0.000001 0.453990
vn 0.913546 -0.000644 0.406735
vn -0.951057 0.000002 -0.309017
vn -0.951056 0.000686 -0.309017
vn -0.933581 0.000005 -0.358366
vn -0.933581 0.000005 -0.358368
vn 0.933581 0.000007 0.358366
vn 0.933582 0.000007 0.358363
vn 0.951057 -0.000637 0.309016
vn -0.978147 0.000001 -0.207912
vn -0.978147 0.000684 -0.207912
vn -0.965926 0.000003 -0.258819
vn -0.965925 0.000003 -0.258822
vn 0.965925 0.000012 0.258821
vn 0.965926 0.000012 0.258819
vn 0.978147 -0.000640 0.207914
vn -0.994522 0.000001 -0.104530
vn -0.994522 0.000685 -0.104530
vn -0.987689 0.000001 -0.156434
vn -0.987688 0.000001 -0.156436
vn 0.987687 0.000001 0.156441
vn 0.987688 0.000001 0.156439
vn 0.994522 -0.000644 0.104529
vn -1.000000 0.000002 -0.000003
vn -1.000000 0.000686 -0.000003
vn -0.998629 0.000004 -0.052337
vn -0.998629 0.000004 -0.052339
vn 0.998630 0.000007 0.052333
vn 0.998630 0.000007 0.052331
vn 1.000000 -0.000644 0.000004
vn -0.998630 0.000004 0.052333
vn -0.998630 0.000004 0.052330
vn 0.998630 -0.000002 -0.052323
vn 0.998630 -0.000002 -0.052325
vn -0.978148 0.000003 0.207912
vn -0.994522 -0.000001 0.104526
vn -0.994522 -0.000007 0.104526
vn -0.987689 -0.000004 0.156431
vn -0.987688 -0.000004 0.156439
vn -0.978148 -0.000003 0.207912
vn 0.978147 0.000017 -0.207913
vn 0.987687 0.000020 -0.156441
vn 0.987688 0.000020 -0.156434
vn 0.994522 0.000014 -0.104524
vn -0.951057 0.000003 0.309017
vn -0.965927 0.000002 0.258815
vn -0.965925 0.000002 0.258822
vn -0.951057 -0.000002 0.309017
vn 0.951056 0.000012 -0.309018
vn 0.965925 0.000011 -0.258822
vn 0.965927 0.000011 -0.258815
vn -0.913545 0.000000 0.406737
vn -0.933582 -0.000003 0.358365
vn -0.933579 -0.000003 0.358372
vn -0.913545 -0.000005 0.406737
vn 0.913545 0.000009 -0.406738
vn 0.933578 0.000010 -0.358374
vn 0.933580 0.000010 -0.358368
vn -0.866025 0.000006 0.500001
vn -0.891008 -0.000003 0.453988
vn -0.891005 -0.000003 0.453994
vn -0.866025 0.000001 0.500001
vn 0.866026 0.000007 -0.500000
vn 0.891005 0.000004 -0.453994
vn 0.891008 0.000004 -0.453988
vn -0.811958 0.000013 0.583716
vn -0.838671 0.000008 0.544638
vn -0.838667 0.000008 0.544644
vn -0.811958 0.000007 0.583717
vn 0.811967 0.000009 -0.583704
vn 0.838669 0.000008 -0.544641
vn 0.838673 0.000008 -0.544635
vn -0.739776 0.000012 0.672854
vn -0.777162 -0.000011 0.629301
vn -0.777079 -0.000395 0.629403
vn -0.739392 -0.000002 0.673275
vn 0.739382 0.000012 -0.673287
vn 0.777080 0.000392 -0.629402
vn 0.777158 0.000025 -0.629305
vn -0.672852 0.000014 0.739777
vn -0.707109 0.000006 0.707105
vn -0.707104 0.000006 0.707110
vn -0.672852 0.000008 0.739777
vn 0.672865 0.000004 -0.739765
vn 0.707105 -0.000001 -0.707108
vn 0.707110 -0.000001 -0.707103
vn -0.583717 0.000016 0.811957
vn -0.629338 -0.000006 0.777132
vn -0.629236 -0.000389 0.777214
vn -0.583255 0.000002 0.812289
vn 0.583239 0.000014 -0.812300
vn 0.629241 0.000393 -0.777210
vn 0.629337 0.000026 -0.777132
vn -0.500002 0.000008 0.866024
vn -0.544646 0.000011 0.838666
vn -0.544640 0.000011 0.838670
vn -0.500002 0.000003 0.866025
vn 0.499999 0.000004 -0.866026
vn 0.544635 0.000003 -0.838673
vn 0.544641 0.000003 -0.838669
vn -0.406735 0.000001 0.913546
vn -0.453993 -0.000002 0.891006
vn -0.453986 -0.000002 0.891009
vn -0.406735 -0.000004 0.913546
vn 0.406735 0.000001 -0.913546
vn 0.453987 0.000002 -0.891009
vn 0.453993 0.000002 -0.891005
vn -0.309017 0.000001 0.951057
vn -0.358370 -0.000003 0.933580
vn -0.358363 -0.000003 0.933582
vn -0.309017 -0.000005 0.951057
vn 0.309018 -0.000005 -0.951056
vn 0.358361 -0.000003 -0.933583
vn 0.358368 -0.000003 -0.933581
vn -0.207911 0.000001 0.978148
vn -0.258823 -0.000003 0.965925
vn -0.258815 -0.000003 0.965927
vn -0.207911 -0.000004 0.978148
vn 0.207916 0.000005 -0.978147
vn 0.258823 -0.000010 -0.965925
vn 0.258829 -0.000010 -0.965923
vn -0.104528 0.000006 0.994522
vn -0.156437 -0.000002 0.987688
vn -0.156430 -0.000002 0.987689
vn -0.104528 0.000001 0.994522
vn 0.104526 0.000012 -0.994522
vn 0.156433 0.000017 -0.987689
vn 0.156439 0.000017 -0.987688
vn 0.000000 0.000011 1.000000
vn -0.052338 0.000007 0.998629
vn -0.052331 0.000007 0.998630
vn -0.000000 0.000006 1.000000
vn -0.000000 0.000005 -1.000000
vn 0.052325 0.000004 -0.998630
vn 0.052332 0.000004 -0.998630
vn 0.104528 0.000006 0.994522
vn 0.052331 0.000007 0.998630
vn 0.052338 0.000007 0.998629
vn 0.104528 0.000001 0.994522
vn -0.104526 0.000012 -0.994522
vn -0.052333 0.000004 -0.998630
vn -0.052326 0.000004 -0.998630
vn 0.207912 0.000001 0.978148
vn 0.156430 -0.000002 0.987689
vn 0.156437 -0.000002 0.987688
vn 0.207912 -0.000004 0.978148
vn -0.207916 0.000005 -0.978147
vn -0.156440 0.000017 -0.987687
vn -0.156433 0.000017 -0.987689
vn 0.309017 0.000001 0.951056
vn 0.258816 -0.000002 0.965927
vn 0.258823 -0.000002 0.965925
vn 0.309017 -0.000004 0.951056
vn -0.309019 -0.000006 -0.951056
vn -0.258830 -0.000010 -0.965923
vn -0.258823 -0.000010 -0.965925
vn 0.406737 0.000001 0.913546
vn 0.358364 -0.000003 0.933582
vn 0.358371 -0.000003 0.933579
vn 0.406737 -0.000004 0.913545
vn -0.406735 -0.000001 -0.913546
vn -0.358368 -0.000005 -0.933580
vn -0.358362 -0.000005 -0.933583
vn 0.500001 0.000005 0.866025
vn 0.453987 -0.000003 0.891008
vn 0.453994 -0.000003 0.891005
vn 0.500001 -0.000000 0.866025
vn -0.499999 0.000003 -0.866026
vn -0.453993 -0.000000 -0.891005
vn -0.453987 -0.000000 -0.891008
vn 0.587786 0.000010 0.809016
vn 0.544637 0.000006 0.838672
vn 0.544643 0.000006 0.838668
vn 0.587786 0.000005 0.809016
vn -0.587786 0.000002 -0.809016
vn -0.544641 0.000003 -0.838669
vn -0.544635 0.000003 -0.838673
vn 0.669131 0.000011 0.743144
vn 0.629319 0.000007 0.777148
vn 0.629324 0.000007 0.777143
vn 0.669131 0.000006 0.743144
vn -0.669132 -0.000002 -0.743143
vn -0.629326 -0.000001 -0.777142
vn -0.629320 -0.000001 -0.777146
vn 0.743146 0.000013 0.669129
vn 0.707105 0.000007 0.707109
vn 0.707110 0.000007 0.707104
vn 0.743146 0.000008 0.669129
vn -0.743144 0.000000 -0.669131
vn -0.707110 -0.000006 -0.707103
vn -0.707105 -0.000006 -0.707108
vn 0.809016 0.000017 0.587786
vn 0.777145 0.000013 0.629322
vn 0.777149 0.000013 0.629316
vn 0.809016 0.000011 0.587786
vn -0.809017 0.000004 -0.587786
vn -0.777146 0.000003 -0.629320
vn -0.777142 0.000003 -0.629326
vn 0.866025 0.000010 0.500001
vn 0.838667 0.000013 0.544645
vn 0.838671 0.000013 0.544639
vn 0.866025 0.000005 0.500001
vn -0.866026 0.000005 -0.499999
vn -0.838674 0.000002 -0.544634
vn -0.838670 0.000002 -0.544640
vn 0.913546 0.000003 0.406736
vn 0.891005 -0.000000 0.453994
vn 0.891008 -0.000000 0.453987
vn 0.913546 -0.000003 0.406736
vn -0.913546 0.000000 -0.406735
vn -0.891008 0.000004 -0.453988
vn -0.891005 0.000004 -0.453994
vn 0.951057 0.000001 0.309016
vn 0.933580 -0.000002 0.358370
vn 0.933582 -0.000002 0.358363
vn 0.951057 -0.000004 0.309016
vn -0.951058 -0.000007 -0.309014
vn -0.933583 -0.000007 -0.358360
vn -0.933581 -0.000007 -0.358367
vn 0.978148 0.000002 0.207912
vn 0.965925 -0.000003 0.258823
vn 0.965927 -0.000003 0.258816
vn 0.978148 -0.000003 0.207912
vn -0.978147 -0.000009 -0.207915
vn -0.965927 -0.000011 -0.258813
vn -0.965926 -0.000011 -0.258820
vn 0.994522 0.000007 0.104528
vn 0.987688 0.000001 0.156438
vn 0.987689 0.000001 0.156431
vn 0.994522 0.000002 0.104528
vn -0.994522 -0.000002 -0.104530
vn -0.987687 -0.000011 -0.156440
vn -0.987686 -0.000011 -0.156447
vn 1.000000 0.000008 -0.000000
vn 0.998629 0.000007 0.052339
vn 0.998630 0.000007 0.052332
vn 1.000000 0.000003 -0.000000
vn -1.000000 0.000005 -0.000000
vn -0.998630 0.000003 -0.052326
vn -0.998630 0.000003 -0.052333
vn 0.994522 0.000004 -0.104529
vn 0.998630 0.000003 -0.052333
vn 0.998629 0.000003 -0.052340
vn 0.994522 -0.000001 -0.104529
vn -0.994522 0.000000 0.104530
vn -0.998630 0.000003 0.052333
vn -0.998630 0.000003 0.052326
vn 0.978148 0.000000 -0.207912
vn 0.987689 -0.000002 -0.156431
vn 0.987688 -0.000002 -0.156438
vn 0.978148 -0.000005 -0.207912
vn -0.978147 0.000001 0.207916
vn -0.987686 -0.000005 0.156447
vn -0.987687 -0.000005 0.156441
vn 0.951057 -0.000000 -0.309016
vn 0.965927 -0.000004 -0.258816
vn 0.965925 -0.000004 -0.258823
vn 0.951057 -0.000005 -0.309016
vn -0.951057 0.000001 0.309015
vn -0.965925 0.000003 0.258822
vn -0.965927 0.000003 0.258815
vn 0.913546 -0.000000 -0.406736
vn 0.933582 -0.000003 -0.358363
vn 0.933580 -0.000003 -0.358370
vn 0.913546 -0.000005 -0.406736
vn -0.913546 -0.000000 0.406735
vn -0.933581 -0.000006 0.358368
vn -0.933583 -0.000006 0.358361
vn 0.866025 0.000005 -0.500001
vn 0.891008 -0.000004 -0.453988
vn 0.891004 -0.000004 -0.453995
vn 0.866025 -0.000001 -0.500001
vn -0.866026 0.000002 0.500000
vn -0.891005 0.000002 0.453994
vn -0.891008 0.000002 0.453988
vn 0.809017 0.000012 -0.587786
vn 0.838671 0.000006 -0.544638
vn 0.838667 0.000006 -0.544644
vn 0.809017 0.000007 -0.587786
vn -0.809017 0.000002 0.587785
vn -0.838670 -0.000001 0.544641
vn -0.838673 -0.000001 0.544635
vn 0.743144 0.000016 -0.669131
vn 0.777149 0.000011 -0.629316
vn 0.777145 0.000011 -0.629322
vn 0.743144 0.000010 -0.669131
vn -0.743143 -0.000003 0.669133
vn -0.777143 0.000001 0.629324
vn -0.777147 0.000001 0.629319
vn 0.669130 0.000014 -0.743146
vn 0.707107 0.000013 -0.707107
vn 0.707102 0.000013 -0.707112
vn 0.669130 0.000008 -0.743146
vn -0.669131 -0.000004 0.743144
vn -0.707101 -0.000011 0.707112
vn -0.707106 -0.000011 0.707107
vn 0.587787 0.000008 -0.809016
vn 0.629324 0.000007 -0.777143
vn 0.629318 0.000007 -0.777148
vn 0.587787 0.000003 -0.809016
vn -0.587787 0.000002 0.809016
vn -0.629322 -0.000001 0.777145
vn -0.629328 -0.000001 0.777140
vn 0.500001 0.000002 -0.866025
vn 0.544644 0.000002 -0.838667
vn 0.544638 0.000002 -0.838671
vn 0.500001 -0.000003 -0.866025
vn -0.499999 0.000002 0.866026
vn -0.544634 0.000001 0.838674
vn -0.544640 0.000001 0.838670
vn 0.406735 0.000001 -0.913546
vn 0.453993 -0.000004 -0.891005
vn 0.453986 -0.000004 -0.891009
vn 0.406735 -0.000004 -0.913546
vn -0.406734 -0.000001 0.913546
vn -0.453987 0.000000 0.891008
vn -0.453993 0.000000 0.891005
vn 0.309016 0.000001 -0.951057
vn 0.358370 -0.000001 -0.933580
vn 0.358363 -0.000001 -0.933582
vn 0.309016 -0.000004 -0.951057
vn -0.309015 -0.000003 0.951057
vn -0.358361 -0.000006 0.933583
vn -0.358367 -0.000006 0.933581
vn 0.207912 0.000001 -0.978147
vn 0.258823 -0.000004 -0.965925
vn 0.258816 -0.000004 -0.965927
vn 0.207912 -0.000005 -0.978147
vn -0.207915 0.000003 0.978147
vn -0.258816 -0.000003 0.965927
vn -0.258823 -0.000003 0.965925
vn 0.104530 -0.000000 -0.994522
vn 0.156439 -0.000002 -0.987688
vn 0.156432 -0.000002 -0.987689
vn 0.104530 -0.000005 -0.994522
vn -0.104529 0.000004 0.994522
vn -0.156437 0.000006 0.987688
vn -0.156444 0.000006 0.987687
vn -0.000000 -0.000002 -1.000000
vn 0.052341 -0.000005 -0.998629
vn 0.052334 -0.000005 -0.998630
vn -0.000000 -0.000007 -1.000000
vn 0.000000 -0.000002 1.000000
vn -0.052327 -0.000002 0.998630
vn -0.052334 -0.000002 0.998630
vn -0.104530 -0.000001 -0.994522
vn -0.052334 -0.000006 -0.998630
vn -0.052342 -0.000006 -0.998629
vn -0.104530 -0.000007 -0.994522
vn 0.104529 0.000002 0.994522
vn 0.052335 -0.000005 0.998630
vn 0.052328 -0.000005 0.998630
vn -0.207913 0.000001 -0.978147
vn -0.156431 -0.000004 -0.987689
vn -0.156439 -0.000004 -0.987688
vn -0.207913 -0.000004 -0.978147
vn 0.207914 0.000004 0.978147
vn 0.156443 0.000006 0.987687
vn 0.156436 0.000006 0.987688
vn -0.309017 0.000001 -0.951056
vn -0.258817 -0.000002 -0.965926
vn -0.258824 -0.000002 -0.965924
vn -0.309017 -0.000004 -0.951056
vn 0.309015 -0.000001 0.951057
vn 0.258822 -0.000002 0.965925
vn 0.258815 -0.000002 0.965927
vn -0.406736 0.000001 -0.913546
vn -0.358364 -0.000003 -0.933582
vn -0.358370 -0.000003 -0.933580
vn -0.406736 -0.000005 -0.913546
vn 0.406735 0.000000 0.913546
vn 0.358368 -0.000003 0.933580
vn 0.358362 -0.000003 0.933583
vn -0.500001 0.000001 -0.866025
vn -0.453987 -0.000003 -0.891009
vn -0.453993 -0.000003 -0.891005
vn -0.500000 -0.000005 -0.866025
vn 0.500000 0.000001 0.866026
vn 0.453994 0.000000 0.891005
vn 0.453988 0.000000 0.891008
vn -0.587786 0.000002 -0.809017
vn -0.544638 -0.000003 -0.838672
vn -0.544644 -0.000003 -0.838668
vn -0.587786 -0.000003 -0.809017
vn 0.587785 0.000003 0.809017
vn 0.544641 -0.000002 0.838669
vn 0.544636 -0.000002 0.838673
vn -0.669132 0.000008 -0.743144
vn -0.629316 -0.000000 -0.777149
vn -0.629322 -0.000000 -0.777145
vn -0.669132 0.000002 -0.743144
vn 0.669132 -0.000002 0.743143
vn 0.629323 0.000005 0.777144
vn 0.629318 0.000005 0.777148
vn -0.743146 0.000012 -0.669129
vn -0.707107 0.000008 -0.707106
vn -0.707112 0.000008 -0.707101
vn -0.743146 0.000006 -0.669129
vn 0.743145 -0.000007 0.669130
vn 0.707112 -0.000011 0.707101
vn 0.707107 -0.000011 0.707106
vn -0.809016 0.000005 -0.587787
vn -0.777143 0.000008 -0.629324
vn -0.777148 0.000008 -0.629318
vn -0.809016 -0.000000 -0.587787
vn 0.809016 -0.000002 0.587786
vn 0.777146 -0.000007 0.629320
vn 0.777142 -0.000007 0.629326
vn -0.866025 -0.000003 -0.500001
vn -0.838667 -0.000005 -0.544645
vn -0.838671 -0.000005 -0.544638
vn -0.866025 -0.000008 -0.500001
vn 0.866026 0.000002 0.499999
vn 0.838673 0.000000 0.544635
vn 0.838669 0.000000 0.544641
vn -0.913546 -0.000002 -0.406736
vn -0.891005 -0.000007 -0.453993
vn -0.891009 -0.000007 -0.453986
vn -0.913546 -0.000007 -0.406736
vn 0.913546 -0.000001 0.406735
vn 0.891008 0.000001 0.453988
vn 0.891005 0.000001 0.453994
vn -0.951056 -0.000000 -0.309017
vn -0.933580 -0.000004 -0.358370
vn -0.933582 -0.000004 -0.358363
vn -0.951057 -0.000006 -0.309017
vn 0.951057 -0.000006 0.309016
vn 0.933583 -0.000006 0.358361
vn 0.933580 -0.000006 0.358368
vn -0.978147 -0.000000 -0.207913
vn -0.965925 -0.000004 -0.258824
vn -0.965926 -0.000004 -0.258817
vn -0.978147 -0.000006 -0.207913
vn 0.978147 -0.000003 0.207914
vn 0.965927 -0.000009 0.258816
vn 0.965925 -0.000009 0.258823
vn -0.994522 -0.000004 -0.104529
vn -0.987688 -0.000004 -0.156438
vn -0.987689 -0.000004 -0.156431
vn -0.994522 -0.000009 -0.104529
vn 0.994522 -0.000003 0.104529
vn 0.987688 -0.000000 0.156435
vn 0.987687 -0.000000 0.156442
vn -1.000000 -0.000005 -0.000003
vn -0.998629 -0.000012 -0.052341
vn -0.998630 -0.000012 -0.052334
vn -1.000000 -0.000011 -0.000003
vn 1.000000 -0.000000 0.000004
vn 0.998630 -0.000009 0.052329
vn 0.998630 -0.000009 0.052336
vn -0.998630 -0.000006 0.052327
vn -0.998630 -0.000006 0.052335
vn 0.998630 0.000005 -0.052328
vn 0.998630 0.000005 -0.052321
vn -0.000000 1.000000 0.000002
vn 0.000000 1.000000 0.000003
vn 0.000000 1.000000 0.000002
vn 0.000000 1.000000 0.000003
vn 0.000000 1.000000 -0.000001
vn 0.000000 1.000000 -0.000001
vn -0.000000 1.000000 0.000000
vn 0.000000 1.000000 0.000000
vn -0.000001 1.000000 0.000000
vn -0.000001 1.000000 0.000000
vn 0.000000 1.000000 0.000000
vn 0.000000 1.000000 0.000000
vn 0.229980 0.939080 0.255418
vn 0.233263 0.937269 0.259064
vn 0.000000 1.000000 -0.000000
vn 0.000001 1.000000 0.000000
vn 0.278056 0.939081 0.202019
vn 0.282028 0.937269 0.204905
vn 0.000000 1.000000 0.000001
vn 0.000000 1.000000 0.000001
vn 0.000000 1.000000 0.000000
vn -0.000000 1.000000 0.000000
vn 0.000001 1.000000 0.000001
vn 0.000002 1.000000 0.000001
vn -0.000002 1.000000 0.000000
vn -0.000003 1.000000 -0.000000
vn -0.000003 1.000000 -0.000000
vn -0.000003 1.000000 -0.000000
vn 0.000000 1.000000 -0.000000
vn 0.000000 1.000000 -0.000000
vn 0.000004 1.000000 -0.000000
vn 0.000004 1.000000 -0.000000
vn 0.000002 1.000000 -0.000000
vn 0.000002 1.000000 -0.000000
vn -0.000001 1.000000 0.000001
vn -0.000001 1.000000 0.000001
vn -0.000001 1.000000 0.000000
vn -0.000001 1.000000 0.000000
vn 0.000000 1.000000 0.000001
vn -0.000000 1.000000 0.000001
vn 0.000000 1.000000 -0.000000
vn -0.000000 1.000000 0.000000
vn -0.000000 1.000000 -0.000000
vn -0.000000 1.000000 -0.000000
vn -0.000001 1.000000 0.000000
vn -0.000001 1.000000 0.000000
vn 0.000000 1.000000 0.000000
vn 0.000000 1.000000 0.000000
vn 0.000001 1.000000 0.000000
vn 0.000001 1.000000 0.000000
vn -0.000001 1.000000 0.000000
vn -0.000001 1.000000 0.000000
vn 0.000000 1.000000 -0.000001
vn 0.000000 1.000000 -0.000001
vn -0.000000 1.000000 -0.000001
vn 0.000000 1.000000 -0.000001
vn 0.000000 1.000000 0.000003
vn 0.000000 1.000000 0.000003
vn 0.000000 1.000000 0.000000
vn 0.000000 1.000000 0.000000
vn -0.000000 1.000000 -0.000003
vn -0.000000 1.000000 -0.000003
vn -0.000000 1.000000 0.000001
vn 0.000000 1.000000 0.000001
vn 0.000001 1.000000 -0.000001
vn 0.000001 1.000000 -0.000002
vn -0.000000 1.000000 -0.000001
vn -0.000000 1.000000 -0.000001
vn 0.000000 1.000000 -0.000000
vn 0.000000 1.000000 0.000000
vn 0.000001 1.000000 -0.000000
vn 0.000001 1.000000 0.000000
vn 0.000000 1.000000 -0.000000
vn 0.000000 1.000000 -0.000000
vn -0.000001 1.000000 -0.000000
vn -0.000001 1.000000 -0.000000
vn 0.000001 1.000000 0.000000
vn 0.000001 1.000000 0.000000
vn -0.000000 1.000000 -0.000000
vn -0.000000 1.000000 -0.000000
vn 0.000001 1.000000 0.000000
vn 0.000001 1.000000 0.000000
vn 0.000001 1.000000 -0.000001
vn 0.000001 1.000000 -0.000001
vn -0.000001 1.000000 0.000000
vn -0.000001 1.000000 0.000000
vn -0.000001 1.000000 0.000000
vn -0.000002 1.000000 0.000000
vn 0.000000 1.000000 0.000000
vn 0.000000 1.000000 0.000000
vn 0.000001 1.000000 0.000000
vn 0.000002 1.000000 0.000000
vn 0.000001 1.000000 -0.000000
vn 0.000002 1.000000 -0.000000
vn -0.000001 1.000000 -0.000001
vn -0.000001 1.000000 -0.000001
vn 0.000000 1.000000 0.000000
vn 0.000000 1.000000 -0.000000
vn 0.000001 1.000000 -0.000001
vn 0.000001 1.000000 -0.000001
vn 0.000001 1.000000 0.000000
vn 0.000001 1.000000 0.000000
vn 0.000000 1.000000 -0.000000
vn -0.000000 1.000000 0.000000
vn -0.000001 1.000000 0.000000
vn -0.000001 1.000000 -0.000000
vn -0.000001 1.000000 -0.000000
vn -0.000001 1.000000 0.000000
vn 0.000000 1.000000 -0.000000
vn 0.000000 1.000000 0.000000
vn 0.000000 1.000000 -0.000000
vn 0.000000 1.000000 -0.000000
vn -0.000001 1.000000 -0.000001
vn -0.000001 1.000000 -0.000001
vn 0.000000 1.000000 0.000002
vn -0.000000 1.000000 0.000002
vn 0.000000 1.000000 0.000002
vn -0.000000 1.000000 0.000002
vn 0.000000 1.000000 0.000000
vn 0.000000 1.000000 0.000000
vn -0.989588 -0.099489 0.104008
vn 0.989583 0.099576 -0.103976
vn -0.973294 -0.099489 0.206883
vn 0.973293 0.099566 -0.206850
vn -0.946330 -0.099565 0.307483
vn 0.946319 0.099662 -0.307487
vn -0.909006 -0.099557 0.404717
vn 0.909013 0.099501 -0.404716
vn -0.861731 -0.099530 0.497508
vn 0.861723 0.099468 -0.497534
vn -0.804997 -0.099500 0.584876
vn 0.804991 0.099545 -0.584876
vn -0.765745 -0.099442 0.635410
vn 0.765755 0.099413 -0.635402
vn -0.665828 -0.099617 0.739425
vn 0.665811 0.099620 -0.739440
vn -0.616853 -0.099281 0.780792
vn 0.616960 0.099538 -0.780675
vn -0.497525 -0.099524 0.861722
vn 0.497529 0.099475 -0.861725
vn -0.404730 -0.099579 0.908998
vn 0.404721 0.099549 -0.909006
vn -0.307492 -0.099548 0.946329
vn 0.307465 0.099401 -0.946353
vn -0.206875 -0.099546 0.973290
vn 0.206828 0.099778 -0.973276
vn -0.104037 -0.099555 0.989578
vn 0.103974 0.099511 -0.989589
vn -0.000006 -0.099427 0.995045
vn 0.000013 0.099579 -0.995030
vn 0.104037 -0.099556 0.989578
vn -0.103999 0.099511 -0.989587
vn 0.206900 -0.099542 0.973285
vn -0.206840 0.099775 -0.973274
vn 0.307453 -0.099528 0.946344
vn -0.307500 0.099400 -0.946342
vn 0.404721 -0.099551 0.909006
vn -0.404704 0.099546 -0.909013
vn 0.497510 -0.099530 0.861729
vn -0.497531 0.099446 -0.861727
vn 0.584860 -0.099499 0.805009
vn -0.584865 0.099624 -0.804989
vn 0.665830 -0.099496 0.739440
vn -0.665804 0.099501 -0.739463
vn 0.739453 -0.099604 0.665799
vn -0.739465 0.099586 -0.665788
vn 0.805016 -0.099375 0.584870
vn -0.804996 0.099636 -0.584854
vn 0.861720 -0.099527 0.497527
vn -0.861729 0.099487 -0.497520
vn 0.909007 -0.099537 0.404720
vn -0.909007 0.099548 -0.404717
vn 0.946332 -0.099569 0.307476
vn -0.946350 0.099313 -0.307504
vn 0.973288 -0.099538 0.206887
vn -0.973292 0.099476 -0.206901
vn 0.989578 -0.099580 0.104018
vn -0.989588 0.099517 -0.103982
vn 0.995041 -0.099466 0.000000
vn -0.995027 0.099603 -0.000000
vn 0.989580 -0.099557 -0.104016
vn -0.989589 0.099510 0.103982
vn 0.973289 -0.099534 -0.206887
vn -0.973296 0.099431 0.206903
vn 0.946332 -0.099535 -0.307487
vn -0.946357 0.099334 0.307474
vn 0.909003 -0.099568 -0.404721
vn -0.909013 0.099522 0.404711
vn 0.861726 -0.099498 -0.497522
vn -0.861722 0.099551 0.497519
vn 0.805010 -0.099400 -0.584876
vn -0.804991 0.099614 0.584864
vn 0.739439 -0.099598 -0.665816
vn -0.739440 0.099582 0.665817
vn 0.665817 -0.099462 -0.739456
vn -0.665803 0.099434 0.739472
vn 0.584873 -0.099415 -0.805009
vn -0.584889 0.099639 0.804970
vn 0.497524 -0.099574 -0.861716
vn -0.497509 0.099538 0.861729
vn 0.404716 -0.099544 -0.909008
vn -0.404716 0.099551 0.909007
vn 0.307521 -0.099544 -0.946320
vn -0.307447 0.099344 0.946365
vn 0.206870 -0.099503 -0.973295
vn -0.206946 0.099390 0.973291
vn 0.103986 -0.099555 -0.989584
vn -0.103990 0.099771 0.989561
vn -0.000006 -0.099578 -0.995030
vn 0.000013 0.099578 0.995030
vn -0.104018 -0.099555 -0.989580
vn 0.104054 0.099770 0.989555
vn -0.206857 -0.099496 -0.973299
vn 0.206934 0.099394 0.973293
vn -0.307445 -0.099528 -0.946347
vn 0.307425 0.099377 0.946369
vn -0.404731 -0.099556 -0.909000
vn 0.404715 0.099560 0.909007
vn -0.497505 -0.099554 -0.861730
vn 0.497502 0.099555 0.861731
vn -0.584889 -0.099454 -0.804993
vn 0.584870 0.099612 0.804987
vn -0.665780 -0.099578 -0.739474
vn 0.665797 0.099584 0.739457
vn -0.739471 -0.099437 -0.665804
vn 0.739467 0.099413 0.665812
vn -0.805007 -0.099441 -0.584873
vn 0.805002 0.099620 0.584848
vn -0.861726 -0.099563 -0.497509
vn 0.861714 0.099579 0.497526
vn -0.909010 -0.099508 -0.404722
vn 0.909009 0.099540 0.404715
vn -0.946333 -0.099537 -0.307484
vn 0.946354 0.099348 0.307481
vn -0.973295 -0.099484 -0.206881
vn 0.973296 0.099428 0.206902
vn -0.989582 -0.099547 -0.104010
vn 0.989553 0.099813 0.104030
vn -0.995027 -0.099603 -0.000003
vn 0.995031 0.099568 0.000006
vn -0.000000 -1.000000 0.000002
vn -0.000000 -1.000000 0.000003
vn 0.000000 -1.000000 0.000002
vn 0.000000 -1.000000 0.000002
vn 0.000001 -1.000000 -0.000000
vn 0.000001 -1.000000 -0.000001
vn 0.000000 -1.000000 0.000000
vn 0.000000 -1.000000 0.000000
vn -0.000001 -1.000000 0.000000
vn -0.000001 -1.000000 0.000000
vn 0.000000 -1.000000 0.000000
vn 0.000000 -1.000000 0.000000
vn 0.000001 -1.000000 0.000000
vn 0.000001 -1.000000 -0.000000
vn 0.000001 -1.000000 0.000000
vn 0.000001 -1.000000 0.000001
vn 0.000001 -1.000000 -0.000000
vn 0.000001 -1.000000 -0.000000
vn 0.000000 -1.000000 0.000001
vn 0.000000 -1.000000 0.000001
vn -0.000001 -1.000000 0.000000
vn -0.000001 -1.000000 0.000000
vn 0.000003 -1.000000 0.000001
vn 0.000003 -1.000000 0.000001
vn -0.000002 -1.000000 0.000000
vn -0.000002 -1.000000 0.000000
vn 0.000000 -1.000000 -0.000000
vn 0.000000 -1.000000 -0.000000
vn -0.000000 -1.000000 0.000000
vn -0.000000 -1.000000 0.000000
vn 0.000004 -1.000000 -0.000000
vn 0.000004 -1.000000 -0.000000
vn 0.000002 -1.000000 -0.000000
vn 0.000002 -1.000000 -0.000000
vn -0.000001 -1.000000 -0.000000
vn -0.000001 -1.000000 -0.000000
vn 0.000000 -1.000000 0.000000
vn 0.000000 -1.000000 0.000000
vn 0.000001 -1.000000 0.000001
vn 0.000001 -1.000000 0.000001
vn 0.000001 -1.000000 -0.000000
vn 0.000001 -1.000000 -0.000000
vn -0.000001 -1.000000 -0.000000
vn -0.000001 -1.000000 0.000000
vn 0.000000 -1.000000 0.000000
vn 0.000000 -1.000000 0.000000
vn 0.000000 -1.000000 0.000000
vn 0.000000 -1.000000 0.000000
vn 0.000000 -1.000000 0.000000
vn 0.000000 -1.000000 0.000000
vn -0.000000 -1.000000 0.000000
vn -0.000000 -1.000000 0.000000
vn 0.000000 -1.000000 -0.000001
vn 0.000000 -1.000000 -0.000001
vn -0.000000 -1.000000 -0.000002
vn 0.000000 -1.000000 -0.000002
vn 0.000000 -1.000000 0.000004
vn 0.000000 -1.000000 0.000004
vn 0.000000 -1.000000 0.000000
vn 0.000000 -1.000000 0.000000
vn -0.000000 -1.000000 -0.000003
vn -0.000000 -1.000000 -0.000004
vn 0.000000 -1.000000 0.000002
vn 0.000000 -1.000000 0.000002
vn 0.000001 -1.000000 -0.000001
vn 0.000001 -1.000000 -0.000001
vn -0.000000 -1.000000 0.000000
vn -0.000000 -1.000000 0.000000
vn 0.000000 -1.000000 -0.000000
vn 0.000000 -1.000000 -0.000000
vn -0.000001 -1.000000 -0.000000
vn -0.000001 -1.000000 -0.000000
vn -0.000001 -1.000000 -0.000000
vn -0.000001 -1.000000 0.000000
vn -0.000000 -1.000000 -0.000001
vn -0.000000 -1.000000 -0.000001
vn 0.000001 -1.000000 0.000002
vn 0.000001 -1.000000 0.000002
vn 0.000000 -1.000000 -0.000000
vn -0.000000 -1.000000 -0.000000
vn 0.000001 -1.000000 0.000000
vn 0.000001 -1.000000 0.000000
vn 0.000001 -1.000000 -0.000001
vn 0.000002 -1.000000 -0.000001
vn -0.000003 -1.000000 0.000000
vn -0.000003 -1.000000 0.000000
vn 0.000002 -1.000000 0.000000
vn 0.000002 -1.000000 0.000000
vn 0.000000 -1.000000 -0.000000
vn 0.000000 -1.000000 -0.000000
vn 0.000001 -1.000000 0.000000
vn 0.000001 -1.000000 0.000000
vn 0.000002 -1.000000 -0.000000
vn 0.000002 -1.000000 -0.000000
vn -0.000002 -1.000000 -0.000001
vn -0.000002 -1.000000 -0.000001
vn -0.000001 -1.000000 -0.000000
vn -0.000001 -1.000000 -0.000000
vn -0.000000 -1.000000 -0.000000
vn 0.000000 -1.000000 -0.000000
vn 0.000001 -1.000000 0.000000
vn 0.000001 -1.000000 0.000000
vn 0.000001 -1.000000 -0.000002
vn 0.000001 -1.000000 -0.000002
vn 0.000000 -1.000000 0.000000
vn 0.000000 -1.000000 0.000000
vn 0.000002 -1.000000 -0.000000
vn 0.000002 -1.000000 -0.000000
vn 0.000000 -1.000000 -0.000000
vn -0.000000 -1.000000 -0.000000
vn 0.000001 -1.000000 -0.000000
vn 0.000001 -1.000000 -0.000000
vn -0.000001 -1.000000 -0.000001
vn -0.000001 -1.000000 -0.000002
vn -0.000000 -1.000000 0.000001
vn -0.000000 -1.000000 0.000001
vn -0.000000 -1.000000 0.000002
vn -0.000000 -1.000000 0.000002
vn 0.000000 -1.000000 0.000000
vn 0.000000 -1.000000 0.000000
vn 0.959921 0.192150 -0.204037
vn -0.959884 -0.192358 0.204013
vn 0.975971 0.192256 -0.102559
vn -0.975957 -0.192336 0.102540
vn 0.933302 0.192301 -0.303262
vn -0.933281 -0.192420 0.303251
vn -0.913231 0.026223 0.406597
vn 0.913232 -0.026203 -0.406596
vn 0.849865 0.192228 -0.490691
vn -0.849858 -0.192140 0.490739
vn 0.793986 0.192166 -0.576766
vn -0.793890 -0.192262 0.576866
vn 0.729255 0.192189 -0.656696
vn -0.729323 -0.192169 0.656627
vn 0.656639 0.192287 -0.729281
vn -0.656695 -0.192184 0.729258
vn 0.576857 0.191970 -0.793967
vn -0.576834 -0.192263 0.793913
vn 0.490694 0.192200 -0.849870
vn -0.490738 -0.192179 0.849849
vn 0.399153 0.192296 -0.896493
vn -0.399143 -0.192255 0.896506
vn 0.303155 0.192261 -0.933345
vn -0.303323 -0.192044 0.933335
vn 0.204045 0.192246 -0.959899
vn -0.204051 -0.192277 0.959892
vn -0.104500 0.026217 0.994179
vn 0.104453 -0.026205 -0.994185
vn 0.000000 0.026194 0.999657
vn 0.000000 -0.026211 -0.999656
vn -0.102531 0.192265 -0.975972
vn 0.102637 -0.192182 0.975977
vn -0.204069 0.192240 -0.959896
vn 0.204062 -0.192279 0.959889
vn -0.303366 0.192206 -0.933288
vn 0.303282 -0.192059 0.933345
vn 0.406598 0.026216 0.913231
vn -0.406599 -0.026213 -0.913231
vn -0.490748 0.192185 -0.849842
vn 0.490739 -0.192078 0.849871
vn -0.576753 0.192240 -0.793977
vn 0.576775 -0.192272 0.793953
vn -0.656672 0.192173 -0.729281
vn 0.656666 -0.192170 0.729288
vn 0.742888 0.026220 0.668902
vn -0.742888 -0.026219 -0.668902
vn 0.808737 0.026184 0.587587
vn -0.808737 -0.026234 -0.587585
vn -0.849868 0.192196 -0.490699
vn 0.849878 -0.192198 0.490681
vn -0.896509 0.192289 -0.399120
vn 0.896513 -0.192306 0.399102
vn -0.933309 0.192285 -0.303250
vn 0.933347 -0.192092 0.303254
vn -0.959905 0.192224 -0.204042
vn 0.959927 -0.192090 0.204064
vn -0.975969 0.192267 -0.102558
vn 0.975985 -0.192200 0.102527
vn -0.981397 0.191987 0.000000
vn 0.981351 -0.192225 0.000000
vn -0.975961 0.192310 0.102554
vn 0.975982 -0.192215 -0.102527
vn -0.959906 0.192216 0.204043
vn 0.959923 -0.192113 -0.204058
vn -0.933332 0.192168 0.303253
vn 0.933375 -0.191995 -0.303232
vn -0.896517 0.192231 0.399130
vn 0.896516 -0.192251 -0.399123
vn -0.849867 0.192220 0.490691
vn 0.849888 -0.192138 -0.490687
vn -0.793946 0.192056 0.576857
vn 0.793943 -0.192378 -0.576754
vn -0.729331 0.192285 0.656584
vn 0.729319 -0.192327 -0.656586
vn -0.656671 0.192081 0.729306
vn 0.656666 -0.192144 -0.729294
vn -0.576839 0.192057 0.793959
vn 0.576756 -0.192355 -0.793947
vn -0.490646 0.192307 0.849873
vn 0.490685 -0.192208 -0.849873
vn -0.399190 0.192232 0.896490
vn 0.399135 -0.192258 -0.896509
vn -0.303289 0.192208 0.933312
vn 0.303256 -0.191982 -0.933369
vn -0.204077 0.192201 0.959902
vn 0.204120 -0.191954 -0.959942
vn -0.102541 0.192263 0.975971
vn 0.102514 -0.192184 -0.975990
vn -0.000018 0.192226 0.981351
vn -0.000012 -0.192308 -0.981335
vn 0.102547 0.192264 0.975971
vn -0.102440 -0.192185 -0.975997
vn 0.204081 0.192191 0.959903
vn -0.204154 -0.191956 -0.959934
vn 0.303333 0.192246 0.933290
vn -0.303231 -0.192012 -0.933371
vn 0.399256 0.192268 0.896453
vn -0.399117 -0.192259 -0.896516
vn 0.490680 0.192241 0.849868
vn -0.490631 -0.192260 -0.849892
vn 0.576848 0.192112 0.793939
vn -0.576783 -0.192313 -0.793938
vn 0.656605 0.192299 0.729308
vn -0.656603 -0.192318 -0.729306
vn -0.742896 0.026189 -0.668894
vn 0.742893 -0.026192 0.668898
vn 0.793912 0.192074 0.576899
vn -0.793945 -0.192344 -0.576762
vn 0.849869 0.192294 0.490658
vn -0.849878 -0.192194 -0.490682
vn 0.896490 0.192195 0.399208
vn -0.896516 -0.192276 -0.399110
vn 0.933319 0.192225 0.303256
vn -0.933380 -0.191963 -0.303236
vn 0.959922 0.192142 0.204039
vn -0.959958 -0.191969 -0.204032
vn 0.975982 0.192206 0.102551
vn -0.975933 -0.192444 -0.102564
vn 0.981339 0.192287 0.000003
vn -0.981356 -0.192200 -0.000006
s 1
g pCylinder1
usemtl initialShadingGroup
f 123/1/1 124/2/2 125/3/3 126/4/4
f 124/2/2 127/5/5 128/6/6 125/3/3
f 127/5/5 129/7/7 130/8/8 128/6/6
f 129/7/7 131/9/9 132/10/10 130/8/8
f 131/9/9 133/11/11 134/12/12 132/10/10
f 133/11/11 135/13/13 136/14/14 134/12/12
f 135/13/13 137/15/15 138/16/16 136/14/14
f 137/15/15 139/17/17 140/18/18 138/16/16
f 139/17/17 141/19/19 142/20/20 140/18/18
f 141/19/19 143/21/21 144/22/22 142/20/20
f 143/21/21 145/23/23 146/24/24 144/22/22
f 145/23/23 147/25/25 148/26/26 146/24/24
f 147/25/25 149/27/27 150/28/28 148/26/26
f 149/27/27 151/29/29 152/30/30 150/28/28
f 151/29/29 153/31/31 154/32/32 152/30/30
f 153/31/31 155/33/33 156/34/34 154/32/32
f 155/33/33 157/35/35 158/36/36 156/34/34
f 157/35/35 159/37/37 160/38/38 158/36/36
f 159/37/37 161/39/39 162/40/40 160/38/38
f 161/39/39 163/41/41 164/42/42 162/40/40
f 163/41/41 165/43/43 166/44/44 164/42/42
f 165/43/43 167/45/45 168/46/46 166/44/44
f 167/45/45 169/47/47 170/48/48 168/46/46
f 169/47/47 171/49/49 172/50/50 170/48/48
f 171/49/49 173/51/51 174/52/52 172/50/50
f 173/51/51 175/53/53 176/54/54 174/52/52
f 175/53/53 177/55/55 178/56/56 176/54/54
f 177/55/55 179/57/57 180/58/58 178/56/56
f 179/57/57 181/59/59 182/60/60 180/58/58
f 181/59/59 183/61/61 184/62/62 182/60/60
f 183/61/61 185/63/63 186/64/64 184/62/62
f 185/63/63 187/65/65 188/66/66 186/64/64
f 187/65/65 189/67/67 190/68/68 188/66/66
f 189/67/67 191/69/69 192/70/70 190/68/68
f 191/69/69 193/71/71 194/72/72 192/70/70
f 193/71/71 195/73/73 196/74/74 194/72/72
f 195/73/73 197/75/75 198/76/76 196/74/74
f 197/75/75 199/77/77 200/78/78 198/76/76
f 199/77/77 201/79/79 202/80/80 200/78/78
f 201/79/79 203/81/81 204/82/82 202/80/80
f 203/81/81 205/83/83 206/84/84 204/82/82
f 205/83/83 207/85/85 208/86/86 206/84/84
f 207/85/85 209/87/87 210/88/88 208/86/86
f 209/87/87 211/89/89 212/90/90 210/88/88
f 211/89/89 213/91/91 214/92/92 212/90/90
f 213/91/91 215/93/93 216/94/94 214/92/92
f 215/93/93 217/95/95 218/96/96 216/94/94
f 217/95/95 219/97/97 220/98/98 218/96/96
f 219/97/97 221/99/99 222/100/100 220/98/98
f 221/99/99 223/101/101 224/102/102 222/100/100
f 223/101/101 225/103/103 226/104/104 224/102/102
f 225/103/103 227/105/105 228/106/106 226/104/104
f 227/105/105 229/107/107 230/108/108 228/106/106
f 229/107/107 231/109/109 232/110/110 230/108/108
f 231/109/109 233/111/111 234/112/112 232/110/110
f 233/111/111 235/113/113 236/114/114 234/112/112
f 235/113/113 237/115/115 238/116/116 236/114/114
f 237/115/115 239/117/117 240/118/118 238/116/116
f 239/117/117 241/119/119 242/120/120 240/118/118
f 241/119/119 123/1/1 126/4/4 242/120/120
s 2
f 2/121/121 1/122/122 121/123/123
f 3/124/124 2/121/121 121/123/123
f 4/125/125 3/124/124 121/123/123
f 5/126/126 4/125/125 121/123/123
f 6/127/127 5/126/126 121/123/123
f 7/128/128 6/127/127 121/123/123
f 8/129/129 7/128/128 121/123/123
f 9/130/130 8/129/129 121/123/123
f 10/131/131 9/130/130 121/123/123
f 11/132/132 10/131/131 121/123/123
f 12/133/133 11/132/132 121/123/123
f 13/134/134 12/133/133 121/123/123
f 14/135/135 13/134/134 121/123/123
f 15/136/136 14/135/135 121/123/123
f 16/137/137 15/136/136 121/123/123
f 17/138/138 16/137/137 121/123/123
f 18/139/139 17/138/138 121/123/123
f 19/140/140 18/139/139 121/123/123
f 20/141/141 19/140/140 121/123/123
f 21/142/142 20/141/141 121/123/123
f 22/143/143 21/142/142 121/123/123
f 23/144/144 22/143/143 121/123/123
f 24/145/145 23/144/144 121/123/123
f 25/146/146 24/145/145 121/123/123
f 26/147/147 25/146/146 121/123/123
f 27/148/148 26/147/147 121/123/123
f 28/149/149 27/148/148 121/123/123
f 29/150/150 28/149/149 121/123/123
f 30/151/151 29/150/150 121/123/123
f 31/152/152 30/151/151 121/123/123
f 32/153/153 31/152/152 121/123/123
f 33/154/154 32/153/153 121/123/123
f 34/155/155 33/154/154 121/123/123
f 35/156/156 34/155/155 121/123/123
f 36/157/157 35/156/156 121/123/123
f 37/158/158 36/157/157 121/123/123
f 38/159/159 37/158/158 121/123/123
f 39/160/160 38/159/159 121/123/123
f 40/161/161 39/160/160 121/123/123
f 41/162/162 40/161/161 121/123/123
f 42/163/163 41/162/162 121/123/123
f 43/164/164 42/163/163 121/123/123
f 44/165/165 43/164/164 121/123/123
f 45/166/166 44/165/165 121/123/123
f 46/167/167 45/166/166 121/123/123
f 47/168/168 46/167/167 121/123/123
f 48/169/169 47/168/168 121/123/123
f 49/170/170 48/169/169 121/123/123
f 50/171/171 49/170/170 121/123/123
f 51/172/172 50/171/171 121/123/123
f 52/173/173 51/172/172 121/123/123
f 53/174/174 52/173/173 121/123/123
f 54/175/175 53/174/174 121/123/123
f 55/176/176 54/175/175 121/123/123
f 56/177/177 55/176/176 121/123/123
f 57/178/178 56/177/177 121/123/123
f 58/179/179 57/178/178 121/123/123
f 59/180/180 58/179/179 121/123/123
f 60/181/181 59/180/180 121/123/123
f 1/122/122 60/181/181 121/123/123
s 3
f 61/182/182 62/183/183 122/184/184
f 62/183/183 63/185/185 122/184/184
f 63/185/185 64/186/186 122/184/184
f 64/186/186 65/187/187 122/184/184
f 65/187/187 66/188/188 122/184/184
f 66/188/188 67/189/189 122/184/184
f 67/189/189 68/190/190 122/184/184
f 68/190/190 69/191/191 122/184/184
f 69/191/191 70/192/192 122/184/184
f 70/192/192 71/193/193 122/184/184
f 71/193/193 72/194/194 122/184/184
f 72/194/194 73/195/195 122/184/184
f 73/195/195 74/196/196 122/184/184
f 74/196/196 75/197/197 122/184/184
f 75/197/197 76/198/198 122/184/184
f 76/198/198 77/199/199 122/184/184
f 77/199/199 78/200/200 122/184/184
f 78/200/200 79/201/201 122/184/184
f 79/201/201 80/202/202 122/184/184
f 80/202/202 81/203/203 122/184/184
f 81/203/203 82/204/204 122/184/184
f 82/204/204 83/205/205 122/184/184
f 83/205/205 84/206/206 122/184/184
f 84/206/206 85/207/207 122/184/184
f 85/207/207 86/208/208 122/184/184
f 86/208/208 87/209/209 122/184/184
f 87/209/209 88/210/210 122/184/184
f 88/210/210 89/211/211 122/184/184
f 89/211/211 90/212/212 122/184/184
f 90/212/212 91/213/213 122/184/184
f 91/213/213 92/214/214 122/184/184
f 92/214/214 93/215/215 122/184/184
f 93/215/215 94/216/216 122/184/184
f 94/216/216 95/217/217 122/184/184
f 95/217/217 96/218/218 122/184/184
f 96/218/218 97/219/219 122/184/184
f 97/219/219 98/220/220 122/184/184
f 98/220/220 99/221/221 122/184/184
f 99/221/221 100/222/222 122/184/184
f 100/222/222 101/223/223 122/184/184
f 101/223/223 102/224/224 122/184/184
f 102/224/224 103/225/225 122/184/184
f 103/225/225 104/226/226 122/184/184
f 104/226/226 105/227/227 122/184/184
f 105/227/227 106/228/228 122/184/184
f 106/228/228 107/229/229 122/184/184
f 107/229/229 108/230/230 122/184/184
f 108/230/230 109/231/231 122/184/184
f 109/231/231 110/232/232 122/184/184
f 110/232/232 111/233/233 122/184/184
f 111/233/233 112/234/234 122/184/184
f 112/234/234 113/235/235 122/184/184
f 113/235/235 114/236/236 122/184/184
f 114/236/236 115/237/237 122/184/184
f 115/237/237 116/238/238 122/184/184
f 116/238/238 117/239/239 122/184/184
f 117/239/239 118/240/240 122/184/184
f 118/240/240 119/241/241 122/184/184
f 119/241/241 120/242/242 122/184/184
f 120/242/242 61/182/182 122/184/184
s 4
f 737/243/243 733/244/244 725/245/245 729/246/246
s 5
f 257/247/247 253/248/248 245/249/249 249/250/250
s 4
f 727/251/251 723/252/252 741/253/253 745/254/254
s 5
f 265/255/255 261/256/256 251/257/257 255/258/258
s 4
f 743/259/259 739/260/260 749/261/261 753/262/262
s 5
f 273/263/263 269/264/264 259/265/265 263/266/266
s 4
f 751/267/267 747/268/268 757/269/269 761/270/270
s 5
f 281/271/271 277/272/272 267/273/273 271/274/274
s 4
f 759/275/275 755/276/276 765/277/277 769/278/278
s 5
f 289/279/279 285/280/280 275/281/281 279/282/282
s 4
f 767/283/283 763/284/284 773/285/285 777/286/286
s 5
f 297/287/287 293/288/288 283/289/289 287/290/290
s 4
f 775/291/291 771/292/292 781/293/293 785/294/294
s 5
f 305/295/295 301/296/296 291/297/297 295/298/298
s 4
f 783/299/299 779/300/300 789/301/301 793/302/302
s 5
f 313/303/303 309/304/304 299/305/305 303/306/306
s 4
f 791/307/307 787/308/308 797/309/309 801/310/310
s 5
f 321/311/311 317/312/312 307/313/313 311/314/314
s 4
f 799/315/315 795/316/316 805/317/317 809/318/318
s 5
f 329/319/319 325/320/320 315/321/321 319/322/322
s 4
f 807/323/323 803/324/324 813/325/325 817/326/326
s 5
f 337/327/327 333/328/328 323/329/329 327/330/330
s 4
f 815/331/331 811/332/332 821/333/333 825/334/334
s 5
f 345/335/335 341/336/336 331/337/337 335/338/338
s 4
f 823/339/339 819/340/340 829/341/341 833/342/342
s 5
f 353/343/343 349/344/344 339/345/345 343/346/346
s 4
f 831/347/347 827/348/348 837/349/349 841/350/350
s 5
f 361/351/351 357/352/352 347/353/353 351/354/354
s 4
f 839/355/355 835/356/356 845/357/357 849/358/358
s 5
f 369/359/359 365/360/360 355/361/361 359/362/362
s 4
f 847/363/363 843/364/364 853/365/365 857/366/366
s 5
f 377/367/367 373/368/368 363/369/369 367/370/370
s 4
f 855/371/371 851/372/372 861/373/373 865/374/374
s 5
f 385/375/375 381/376/376 371/377/377 375/378/378
s 4
f 863/379/379 859/380/380 869/381/381 873/382/382
s 5
f 393/383/383 389/384/384 379/385/385 383/386/386
s 4
f 871/387/387 867/388/388 877/389/389 881/390/390
s 5
f 401/391/391 397/392/392 387/393/393 391/394/394
s 4
f 879/395/395 875/396/396 885/397/397 889/398/398
s 5
f 409/399/399 405/400/400 395/401/401 399/402/402
s 4
f 887/403/403 883/404/404 893/405/405 897/406/406
s 5
f 417/407/407 413/408/408 403/409/409 407/410/410
s 4
f 895/411/411 891/412/412 901/413/413 905/414/414
s 5
f 425/415/415 421/416/416 411/417/417 415/418/418
s 4
f 903/419/419 899/420/420 909/421/421 913/422/422
s 5
f 433/423/423 429/424/424 419/425/425 423/426/426
s 4
f 911/427/427 907/428/428 917/429/429 921/430/430
s 5
f 441/431/431 437/432/432 427/433/433 431/434/434
s 4
f 919/435/435 915/436/436 925/437/437 929/438/438
s 5
f 449/439/439 445/440/440 435/441/441 439/442/442
s 4
f 927/443/443 923/444/444 933/445/445 937/446/446
s 5
f 457/447/447 453/448/448 443/449/449 447/450/450
s 4
f 935/451/451 931/452/452 941/453/453 945/454/454
s 5
f 465/455/455 461/456/456 451/457/457 455/458/458
s 4
f 943/459/459 939/460/460 949/461/461 953/462/462
s 5
f 473/463/463 469/464/464 459/465/465 463/466/466
s 4
f 951/467/467 947/468/468 957/469/469 961/470/470
s 5
f 481/471/471 477/472/472 467/473/473 471/474/474
s 4
f 959/475/475 955/476/476 965/477/477 969/478/478
s 5
f 489/479/479 485/480/480 475/481/481 479/482/482
s 4
f 967/483/483 963/484/484 973/485/485 977/486/486
s 5
f 497/487/487 493/488/488 483/489/489 487/490/490
s 4
f 975/491/491 971/492/492 981/493/493 985/494/494
s 5
f 505/495/495 501/496/496 491/497/497 495/498/498
s 4
f 983/499/499 979/500/500 989/501/501 993/502/502
s 5
f 513/503/503 509/504/504 499/505/505 503/506/506
s 4
f 991/507/507 987/508/508 997/509/509 1001/510/510
s 5
f 521/511/511 517/512/512 507/513/513 511/514/514
s 4
f 999/515/515 995/516/516 1005/517/517 1009/518/518
s 5
f 529/519/519 525/520/520 515/521/521 519/522/522
s 4
f 1007/523/523 1003/524/524 1013/525/525 1017/526/526
s 5
f 537/527/527 533/528/528 523/529/529 527/530/530
s 4
f 1015/531/531 1011/532/532 1021/533/533 1025/534/534
s 5
f 545/535/535 541/536/536 531/537/537 535/538/538
s 4
f 1023/539/539 1019/540/540 1029/541/541 1033/542/542
s 5
f 553/543/543 549/544/544 539/545/545 543/546/546
s 4
f 1031/547/547 1027/548/548 1037/549/549 1041/550/550
s 5
f 561/551/551 557/552/552 547/553/553 551/554/554
s 4
f 1039/555/555 1035/556/556 1045/557/557 1049/558/558
s 5
f 569/559/559 565/560/560 555/561/561 559/562/562
s 4
f 1047/563/563 1043/564/564 1053/565/565 1057/566/566
s 5
f 577/567/567 573/568/568 563/569/569 567/570/570
s 4
f 1055/571/571 1051/572/572 1061/573/573 1065/574/574
s 5
f 585/575/575 581/576/576 571/577/577 575/578/578
s 4
f 1063/579/579 1059/580/580 1069/581/581 1073/582/582
s 5
f 593/583/583 589/584/584 579/585/585 583/586/586
s 4
f 1071/587/587 1067/588/588 1077/589/589 1081/590/590
s 5
f 601/591/591 597/592/592 587/593/593 591/594/594
s 4
f 1079/595/595 1075/596/596 1085/597/597 1089/598/598
s 5
f 609/599/599 605/600/600 595/601/601 599/602/602
s 4
f 1087/603/603 1083/604/604 1093/605/605 1097/606/606
s 5
f 617/607/607 613/608/608 603/609/609 607/610/610
s 4
f 1095/611/611 1091/612/612 1101/613/613 1105/614/614
s 5
f 625/615/615 621/616/616 611/617/617 615/618/618
s 4
f 1103/619/619 1099/620/620 1109/621/621 1113/622/622
s 5
f 633/623/623 629/624/624 619/625/625 623/626/626
s 4
f 1111/627/627 1107/628/628 1117/629/629 1121/630/630
s 5
f 641/631/631 637/632/632 627/633/633 631/634/634
s 4
f 1119/635/635 1115/636/636 1125/637/637 1129/638/638
s 5
f 649/639/639 645/640/640 635/641/641 639/642/642
s 4
f 1127/643/643 1123/644/644 1133/645/645 1137/646/646
s 5
f 657/647/647 653/648/648 643/649/649 647/650/650
s 4
f 1135/651/651 1131/652/652 1141/653/653 1145/654/654
s 5
f 665/655/655 661/656/656 651/657/657 655/658/658
s 4
f 1143/659/659 1139/660/660 1149/661/661 1153/662/662
s 5
f 673/663/663 669/664/664 659/665/665 663/666/666
s 4
f 1151/667/667 1147/668/668 1157/669/669 1161/670/670
s 5
f 681/671/671 677/672/672 667/673/673 671/674/674
s 4
f 1159/675/675 1155/676/676 1165/677/677 1169/678/678
s 5
f 689/679/679 685/680/680 675/681/681 679/682/682
s 4
f 1167/683/683 1163/684/684 1173/685/685 1177/686/686
s 5
f 697/687/687 693/688/688 683/689/689 687/690/690
s 4
f 1175/691/691 1171/692/692 1181/693/693 1185/694/694
s 5
f 705/695/695 701/696/696 691/697/697 695/698/698
s 4
f 1183/699/699 1179/700/700 1189/701/701 1193/702/702
s 5
f 713/703/703 709/704/704 699/705/705 703/706/706
s 4
f 1191/707/707 1187/708/708 1197/709/709 1201/710/710
s 5
f 721/711/711 717/712/712 707/713/713 711/714/714
s 4
f 1199/715/715 1195/716/716 731/717/717 735/718/718
s 5
f 247/719/719 243/720/720 715/721/721 719/722/722
s 124
f 1/122/723 2/121/724 726/723/725 725/245/726 733/244/727 732/724/728
s 1
f 124/2/2 123/1/1 738/725/729 737/243/730 729/246/731 728/726/732
s 124
f 2/121/724 3/124/733 742/727/734 741/253/735 723/252/736 726/723/725
s 1
f 127/5/5 124/2/2 728/726/732 727/251/737 745/254/738 744/728/739
s 124
f 3/124/733 4/125/740 750/729/741 749/261/742 739/260/743 742/727/734
s 1
f 129/7/7 127/5/5 744/728/739 743/259/744 753/262/745 752/730/746
s 124
f 4/125/740 5/126/747 758/731/748 757/269/749 747/268/750 750/729/741
s 1
f 131/9/9 129/7/7 752/730/746 751/267/751 761/270/752 760/732/753
s 124
f 5/126/747 6/127/754 766/733/755 765/277/756 755/276/757 758/731/748
s 1
f 133/11/11 131/9/9 760/732/753 759/275/758 769/278/759 768/734/760
s 124
f 6/127/754 7/128/761 774/735/762 773/285/763 763/284/764 766/733/755
s 1
f 135/13/13 133/11/11 768/734/760 767/283/765 777/286/766 776/736/767
s 124
f 7/128/761 8/129/768 782/737/769 781/293/770 771/292/771 774/735/762
s 1
f 137/15/15 135/13/13 776/736/767 775/291/772 785/294/773 784/738/774
s 124
f 8/129/768 9/130/775 790/739/776 789/301/777 779/300/778 782/737/769
s 1
f 139/17/17 137/15/15 784/738/774 783/299/779 793/302/780 792/740/781
s 124
f 9/130/775 10/131/782 798/741/783 797/309/784 787/308/785 790/739/776
s 1
f 141/19/19 139/17/17 792/740/781 791/307/786 801/310/787 800/742/788
s 124
f 10/131/782 11/132/789 806/743/790 805/317/791 795/316/792 798/741/783
s 1
f 143/21/21 141/19/19 800/742/788 799/315/793 809/318/794 808/744/795
s 124
f 11/132/789 12/133/796 814/745/797 813/325/798 803/324/799 806/743/790
s 1
f 145/23/23 143/21/21 808/744/795 807/323/800 817/326/801 816/746/802
s 124
f 12/133/796 13/134/803 822/747/804 821/333/805 811/332/806 814/745/797
s 1
f 147/25/25 145/23/23 816/746/802 815/331/807 825/334/808 824/748/809
s 124
f 13/134/803 14/135/810 830/749/811 829/341/812 819/340/813 822/747/804
s 1
f 149/27/27 147/25/25 824/748/809 823/339/814 833/342/815 832/750/816
s 124
f 14/135/810 15/136/817 838/751/818 837/349/819 827/348/820 830/749/811
s 1
f 151/29/29 149/27/27 832/750/816 831/347/821 841/350/822 840/752/823
s 124
f 15/136/817 16/137/824 846/753/825 845/357/826 835/356/827 838/751/818
s 1
f 153/31/31 151/29/29 840/752/823 839/355/828 849/358/829 848/754/830
s 124
f 16/137/824 17/138/831 854/755/832 853/365/833 843/364/834 846/753/825
s 1
f 155/33/33 153/31/31 848/754/830 847/363/835 857/366/836 856/756/837
s 124
f 17/138/831 18/139/838 862/757/839 861/373/840 851/372/841 854/755/832
s 1
f 157/35/35 155/33/33 856/756/837 855/371/842 865/374/843 864/758/844
s 124
f 18/139/838 19/140/845 870/759/846 869/381/847 859/380/848 862/757/839
s 1
f 159/37/37 157/35/35 864/758/844 863/379/849 873/382/850 872/760/851
s 124
f 19/140/845 20/141/852 878/761/853 877/389/854 867/388/855 870/759/846
s 1
f 161/39/39 159/37/37 872/760/851 871/387/856 881/390/857 880/762/858
s 124
f 20/141/852 21/142/859 886/763/860 885/397/861 875/396/862 878/761/853
s 1
f 163/41/41 161/39/39 880/762/858 879/395/863 889/398/864 888/764/865
s 124
f 21/142/859 22/143/866 894/765/867 893/405/868 883/404/869 886/763/860
s 1
f 165/43/43 163/41/41 888/764/865 887/403/870 897/406/871 896/766/872
s 124
f 22/143/866 23/144/873 902/767/874 901/413/875 891/412/876 894/765/867
s 1
f 167/45/45 165/43/43 896/766/872 895/411/877 905/414/878 904/768/879
s 124
f 23/144/873 24/145/880 910/769/881 909/421/882 899/420/883 902/767/874
s 1
f 169/47/47 167/45/45 904/768/879 903/419/884 913/422/885 912/770/886
s 124
f 24/145/880 25/146/887 918/771/888 917/429/889 907/428/890 910/769/881
s 1
f 171/49/49 169/47/47 912/770/886 911/427/891 921/430/892 920/772/893
s 124
f 25/146/887 26/147/894 926/773/895 925/437/896 915/436/897 918/771/888
s 1
f 173/51/51 171/49/49 920/772/893 919/435/898 929/438/899 928/774/900
s 124
f 26/147/894 27/148/901 934/775/902 933/445/903 923/444/904 926/773/895
s 1
f 175/53/53 173/51/51 928/774/900 927/443/905 937/446/906 936/776/907
s 124
f 27/148/901 28/149/908 942/777/909 941/453/910 931/452/911 934/775/902
s 1
f 177/55/55 175/53/53 936/776/907 935/451/912 945/454/913 944/778/914
s 124
f 28/149/908 29/150/915 950/779/916 949/461/917 939/460/918 942/777/909
s 1
f 179/57/57 177/55/55 944/778/914 943/459/919 953/462/920 952/780/921
s 124
f 29/150/915 30/151/922 958/781/923 957/469/924 947/468/925 950/779/916
s 1
f 181/59/59 179/57/57 952/780/921 951/467/926 961/470/927 960/782/928
s 124
f 30/151/922 31/152/929 966/783/930 965/477/931 955/476/932 958/781/923
s 1
f 183/61/61 181/59/59 960/782/928 959/475/933 969/478/934 968/784/935
s 124
f 31/152/929 32/153/936 974/785/937 973/485/938 963/484/939 966/783/930
s 1
f 185/63/63 183/61/61 968/784/935 967/483/940 977/486/941 976/786/942
s 124
f 32/153/936 33/154/943 982/787/944 981/493/945 971/492/946 974/785/937
s 1
f 187/65/65 185/63/63 976/786/942 975/491/947 985/494/948 984/788/949
s 124
f 33/154/943 34/155/950 990/789/951 989/501/952 979/500/953 982/787/944
s 1
f 189/67/67 187/65/65 984/788/949 983/499/954 993/502/955 992/790/956
s 124
f 34/155/950 35/156/957 998/791/958 997/509/959 987/508/960 990/789/951
s 1
f 191/69/69 189/67/67 992/790/956 991/507/961 1001/510/962 1000/792/963
s 124
f 35/156/957 36/157/964 1006/793/965 1005/517/966 995/516/967 998/791/958
s 1
f 193/71/71 191/69/69 1000/792/963 999/515/968 1009/518/969 1008/794/970
s 124
f 36/157/964 37/158/971 1014/795/972 1013/525/973 1003/524/974 1006/793/965
s 1
f 195/73/73 193/71/71 1008/794/970 1007/523/975 1017/526/976 1016/796/977
s 124
f 37/158/971 38/159/978 1022/797/979 1021/533/980 1011/532/981 1014/795/972
s 1
f 197/75/75 195/73/73 1016/796/977 1015/531/982 1025/534/983 1024/798/984
s 124
f 38/159/978 39/160/985 1030/799/986 1029/541/987 1019/540/988 1022/797/979
s 1
f 199/77/77 197/75/75 1024/798/984 1023/539/989 1033/542/990 1032/800/991
s 124
f 39/160/985 40/161/992 1038/801/993 1037/549/994 1027/548/995 1030/799/986
s 1
f 201/79/79 199/77/77 1032/800/991 1031/547/996 1041/550/997 1040/802/998
s 124
f 40/161/992 41/162/999 1046/803/1000 1045/557/1001 1035/556/1002 1038/801/993
s 1
f 203/81/81 201/79/79 1040/802/998 1039/555/1003 1049/558/1004 1048/804/1005
s 124
f 41/162/999 42/163/1006 1054/805/1007 1053/565/1008 1043/564/1009 1046/803/1000
s 1
f 205/83/83 203/81/81 1048/804/1005 1047/563/1010 1057/566/1011 1056/806/1012
s 124
f 42/163/1006 43/164/1013 1062/807/1014 1061/573/1015 1051/572/1016 1054/805/1007
s 1
f 207/85/85 205/83/83 1056/806/1012 1055/571/1017 1065/574/1018 1064/808/1019
s 124
f 43/164/1013 44/165/1020 1070/809/1021 1069/581/1022 1059/580/1023 1062/807/1014
s 1
f 209/87/87 207/85/85 1064/808/1019 1063/579/1024 1073/582/1025 1072/810/1026
s 124
f 44/165/1020 45/166/1027 1078/811/1028 1077/589/1029 1067/588/1030 1070/809/1021
s 1
f 211/89/89 209/87/87 1072/810/1026 1071/587/1031 1081/590/1032 1080/812/1033
s 124
f 45/166/1027 46/167/1034 1086/813/1035 1085/597/1036 1075/596/1037 1078/811/1028
s 1
f 213/91/91 211/89/89 1080/812/1033 1079/595/1038 1089/598/1039 1088/814/1040
s 124
f 46/167/1034 47/168/1041 1094/815/1042 1093/605/1043 1083/604/1044 1086/813/1035
s 1
f 215/93/93 213/91/91 1088/814/1040 1087/603/1045 1097/606/1046 1096/816/1047
s 124
f 47/168/1041 48/169/1048 1102/817/1049 1101/613/1050 1091/612/1051 1094/815/1042
s 1
f 217/95/95 215/93/93 1096/816/1047 1095/611/1052 1105/614/1053 1104/818/1054
s 124
f 48/169/1048 49/170/1055 1110/819/1056 1109/621/1057 1099/620/1058 1102/817/1049
s 1
f 219/97/97 217/95/95 1104/818/1054 1103/619/1059 1113/622/1060 1112/820/1061
s 124
f 49/170/1055 50/171/1062 1118/821/1063 1117/629/1064 1107/628/1065 1110/819/1056
s 1
f 221/99/99 219/97/97 1112/820/1061 1111/627/1066 1121/630/1067 1120/822/1068
s 124
f 50/171/1062 51/172/1069 1126/823/1070 1125/637/1071 1115/636/1072 1118/821/1063
s 1
f 223/101/101 221/99/99 1120/822/1068 1119/635/1073 1129/638/1074 1128/824/1075
s 124
f 51/172/1069 52/173/1076 1134/825/1077 1133/645/1078 1123/644/1079 1126/823/1070
s 1
f 225/103/103 223/101/101 1128/824/1075 1127/643/1080 1137/646/1081 1136/826/1082
s 124
f 52/173/1076 53/174/1083 1142/827/1084 1141/653/1085 1131/652/1086 1134/825/1077
s 1
f 227/105/105 225/103/103 1136/826/1082 1135/651/1087 1145/654/1088 1144/828/1089
s 124
f 53/174/1083 54/175/1090 1150/829/1091 1149/661/1092 1139/660/1093 1142/827/1084
s 1
f 229/107/107 227/105/105 1144/828/1089 1143/659/1094 1153/662/1095 1152/830/1096
s 124
f 54/175/1090 55/176/1097 1158/831/1098 1157/669/1099 1147/668/1100 1150/829/1091
s 1
f 231/109/109 229/107/107 1152/830/1096 1151/667/1101 1161/670/1102 1160/832/1103
s 124
f 55/176/1097 56/177/1104 1166/833/1105 1165/677/1106 1155/676/1107 1158/831/1098
s 1
f 233/111/111 231/109/109 1160/832/1103 1159/675/1108 1169/678/1109 1168/834/1110
s 124
f 56/177/1104 57/178/1111 1174/835/1112 1173/685/1113 1163/684/1114 1166/833/1105
s 1
f 235/113/113 233/111/111 1168/834/1110 1167/683/1115 1177/686/1116 1176/836/1117
s 124
f 57/178/1111 58/179/1118 1182/837/1119 1181/693/1120 1171/692/1121 1174/835/1112
s 1
f 237/115/115 235/113/113 1176/836/1117 1175/691/1122 1185/694/1123 1184/838/1124
s 124
f 58/179/1118 59/180/1125 1190/839/1126 1189/701/1127 1179/700/1128 1182/837/1119
s 1
f 239/117/117 237/115/115 1184/838/1124 1183/699/1129 1193/702/1130 1192/840/1131
s 124
f 59/180/1125 60/181/1132 1198/841/1133 1197/709/1134 1187/708/1135 1190/839/1126
s 1
f 241/119/119 239/117/117 1192/840/1131 1191/707/1136 1201/710/1137 1200/842/1138
s 124
f 60/181/1132 1/122/723 732/724/728 731/717/1139 1195/716/1140 1198/841/1133
s 1
f 123/1/1 241/119/119 1200/842/1138 1199/715/1141 735/718/1142 738/725/729
s 125
f 62/183/1143 61/182/1144 246/843/1145 245/249/1146 253/248/1147 252/844/1148
s 1
f 126/4/4 125/3/3 258/845/1149 257/247/1150 249/250/1151 248/846/1152
s 125
f 63/185/1153 62/183/1143 252/844/1148 251/257/1154 261/256/1155 260/847/1156
s 1
f 125/3/3 128/6/6 266/848/1157 265/255/1158 255/258/1159 258/845/1149
s 125
f 64/186/1160 63/185/1153 260/847/1156 259/265/1161 269/264/1162 268/849/1163
s 1
f 128/6/6 130/8/8 274/850/1164 273/263/1165 263/266/1166 266/848/1157
s 125
f 65/187/1167 64/186/1160 268/849/1163 267/273/1168 277/272/1169 276/851/1170
s 1
f 130/8/8 132/10/10 282/852/1171 281/271/1172 271/274/1173 274/850/1164
s 125
f 66/188/1174 65/187/1167 276/851/1170 275/281/1175 285/280/1176 284/853/1177
s 1
f 132/10/10 134/12/12 290/854/1178 289/279/1179 279/282/1180 282/852/1171
s 125
f 67/189/1181 66/188/1174 284/853/1177 283/289/1182 293/288/1183 292/855/1184
s 1
f 134/12/12 136/14/14 298/856/1185 297/287/1186 287/290/1187 290/854/1178
s 125
f 68/190/1188 67/189/1181 292/855/1184 291/297/1189 301/296/1190 300/857/1191
s 1
f 136/14/14 138/16/16 306/858/1192 305/295/1193 295/298/1194 298/856/1185
s 125
f 69/191/1195 68/190/1188 300/857/1191 299/305/1196 309/304/1197 308/859/1198
s 1
f 138/16/16 140/18/18 314/860/1199 313/303/1200 303/306/1201 306/858/1192
s 125
f 70/192/1202 69/191/1195 308/859/1198 307/313/1203 317/312/1204 316/861/1205
s 1
f 140/18/18 142/20/20 322/862/1206 321/311/1207 311/314/1208 314/860/1199
s 125
f 71/193/1209 70/192/1202 316/861/1205 315/321/1210 325/320/1211 324/863/1212
s 1
f 142/20/20 144/22/22 330/864/1213 329/319/1214 319/322/1215 322/862/1206
s 125
f 72/194/1216 71/193/1209 324/863/1212 323/329/1217 333/328/1218 332/865/1219
s 1
f 144/22/22 146/24/24 338/866/1220 337/327/1221 327/330/1222 330/864/1213
s 125
f 73/195/1223 72/194/1216 332/865/1219 331/337/1224 341/336/1225 340/867/1226
s 1
f 146/24/24 148/26/26 346/868/1227 345/335/1228 335/338/1229 338/866/1220
s 125
f 74/196/1230 73/195/1223 340/867/1226 339/345/1231 349/344/1232 348/869/1233
s 1
f 148/26/26 150/28/28 354/870/1234 353/343/1235 343/346/1236 346/868/1227
s 125
f 75/197/1237 74/196/1230 348/869/1233 347/353/1238 357/352/1239 356/871/1240
s 1
f 150/28/28 152/30/30 362/872/1241 361/351/1242 351/354/1243 354/870/1234
s 125
f 76/198/1244 75/197/1237 356/871/1240 355/361/1245 365/360/1246 364/873/1247
s 1
f 152/30/30 154/32/32 370/874/1248 369/359/1249 359/362/1250 362/872/1241
s 125
f 77/199/1251 76/198/1244 364/873/1247 363/369/1252 373/368/1253 372/875/1254
s 1
f 154/32/32 156/34/34 378/876/1255 377/367/1256 367/370/1257 370/874/1248
s 125
f 78/200/1258 77/199/1251 372/875/1254 371/377/1259 381/376/1260 380/877/1261
s 1
f 156/34/34 158/36/36 386/878/1262 385/375/1263 375/378/1264 378/876/1255
s 125
f 79/201/1265 78/200/1258 380/877/1261 379/385/1266 389/384/1267 388/879/1268
s 1
f 158/36/36 160/38/38 394/880/1269 393/383/1270 383/386/1271 386/878/1262
s 125
f 80/202/1272 79/201/1265 388/879/1268 387/393/1273 397/392/1274 396/881/1275
s 1
f 160/38/38 162/40/40 402/882/1276 401/391/1277 391/394/1278 394/880/1269
s 125
f 81/203/1279 80/202/1272 396/881/1275 395/401/1280 405/400/1281 404/883/1282
s 1
f 162/40/40 164/42/42 410/884/1283 409/399/1284 399/402/1285 402/882/1276
s 125
f 82/204/1286 81/203/1279 404/883/1282 403/409/1287 413/408/1288 412/885/1289
s 1
f 164/42/42 166/44/44 418/886/1290 417/407/1291 407/410/1292 410/884/1283
s 125
f 83/205/1293 82/204/1286 412/885/1289 411/417/1294 421/416/1295 420/887/1296
s 1
f 166/44/44 168/46/46 426/888/1297 425/415/1298 415/418/1299 418/886/1290
s 125
f 84/206/1300 83/205/1293 420/887/1296 419/425/1301 429/424/1302 428/889/1303
s 1
f 168/46/46 170/48/48 434/890/1304 433/423/1305 423/426/1306 426/888/1297
s 125
f 85/207/1307 84/206/1300 428/889/1303 427/433/1308 437/432/1309 436/891/1310
s 1
f 170/48/48 172/50/50 442/892/1311 441/431/1312 431/434/1313 434/890/1304
s 125
f 86/208/1314 85/207/1307 436/891/1310 435/441/1315 445/440/1316 444/893/1317
s 1
f 172/50/50 174/52/52 450/894/1318 449/439/1319 439/442/1320 442/892/1311
s 125
f 87/209/1321 86/208/1314 444/893/1317 443/449/1322 453/448/1323 452/895/1324
s 1
f 174/52/52 176/54/54 458/896/1325 457/447/1326 447/450/1327 450/894/1318
s 125
f 88/210/1328 87/209/1321 452/895/1324 451/457/1329 461/456/1330 460/897/1331
s 1
f 176/54/54 178/56/56 466/898/1332 465/455/1333 455/458/1334 458/896/1325
s 125
f 89/211/1335 88/210/1328 460/897/1331 459/465/1336 469/464/1337 468/899/1338
s 1
f 178/56/56 180/58/58 474/900/1339 473/463/1340 463/466/1341 466/898/1332
s 125
f 90/212/1342 89/211/1335 468/899/1338 467/473/1343 477/472/1344 476/901/1345
s 1
f 180/58/58 182/60/60 482/902/1346 481/471/1347 471/474/1348 474/900/1339
s 125
f 91/213/1349 90/212/1342 476/901/1345 475/481/1350 485/480/1351 484/903/1352
s 1
f 182/60/60 184/62/62 490/904/1353 489/479/1354 479/482/1355 482/902/1346
s 125
f 92/214/1356 91/213/1349 484/903/1352 483/489/1357 493/488/1358 492/905/1359
s 1
f 184/62/62 186/64/64 498/906/1360 497/487/1361 487/490/1362 490/904/1353
s 125
f 93/215/1363 92/214/1356 492/905/1359 491/497/1364 501/496/1365 500/907/1366
s 1
f 186/64/64 188/66/66 506/908/1367 505/495/1368 495/498/1369 498/906/1360
s 125
f 94/216/1370 93/215/1363 500/907/1366 499/505/1371 509/504/1372 508/909/1373
s 1
f 188/66/66 190/68/68 514/910/1374 513/503/1375 503/506/1376 506/908/1367
s 125
f 95/217/1377 94/216/1370 508/909/1373 507/513/1378 517/512/1379 516/911/1380
s 1
f 190/68/68 192/70/70 522/912/1381 521/511/1382 511/514/1383 514/910/1374
s 125
f 96/218/1384 95/217/1377 516/911/1380 515/521/1385 525/520/1386 524/913/1387
s 1
f 192/70/70 194/72/72 530/914/1388 529/519/1389 519/522/1390 522/912/1381
s 125
f 97/219/1391 96/218/1384 524/913/1387 523/529/1392 533/528/1393 532/915/1394
s 1
f 194/72/72 196/74/74 538/916/1395 537/527/1396 527/530/1397 530/914/1388
s 125
f 98/220/1398 97/219/1391 532/915/1394 531/537/1399 541/536/1400 540/917/1401
s 1
f 196/74/74 198/76/76 546/918/1402 545/535/1403 535/538/1404 538/916/1395
s 125
f 99/221/1405 98/220/1398 540/917/1401 539/545/1406 549/544/1407 548/919/1408
s 1
f 198/76/76 200/78/78 554/920/1409 553/543/1410 543/546/1411 546/918/1402
s 125
f 100/222/1412 99/221/1405 548/919/1408 547/553/1413 557/552/1414 556/921/1415
s 1
f 200/78/78 202/80/80 562/922/1416 561/551/1417 551/554/1418 554/920/1409
s 125
f 101/223/1419 100/222/1412 556/921/1415 555/561/1420 565/560/1421 564/923/1422
s 1
f 202/80/80 204/82/82 570/924/1423 569/559/1424 559/562/1425 562/922/1416
s 125
f 102/224/1426 101/223/1419 564/923/1422 563/569/1427 573/568/1428 572/925/1429
s 1
f 204/82/82 206/84/84 578/926/1430 577/567/1431 567/570/1432 570/924/1423
s 125
f 103/225/1433 102/224/1426 572/925/1429 571/577/1434 581/576/1435 580/927/1436
s 1
f 206/84/84 208/86/86 586/928/1437 585/575/1438 575/578/1439 578/926/1430
s 125
f 104/226/1440 103/225/1433 580/927/1436 579/585/1441 589/584/1442 588/929/1443
s 1
f 208/86/86 210/88/88 594/930/1444 593/583/1445 583/586/1446 586/928/1437
s 125
f 105/227/1447 104/226/1440 588/929/1443 587/593/1448 597/592/1449 596/931/1450
s 1
f 210/88/88 212/90/90 602/932/1451 601/591/1452 591/594/1453 594/930/1444
s 125
f 106/228/1454 105/227/1447 596/931/1450 595/601/1455 605/600/1456 604/933/1457
s 1
f 212/90/90 214/92/92 610/934/1458 609/599/1459 599/602/1460 602/932/1451
s 125
f 107/229/1461 106/228/1454 604/933/1457 603/609/1462 613/608/1463 612/935/1464
s 1
f 214/92/92 216/94/94 618/936/1465 617/607/1466 607/610/1467 610/934/1458
s 125
f 108/230/1468 107/229/1461 612/935/1464 611/617/1469 621/616/1470 620/937/1471
s 1
f 216/94/94 218/96/96 626/938/1472 625/615/1473 615/618/1474 618/936/1465
s 125
f 109/231/1475 108/230/1468 620/937/1471 619/625/1476 629/624/1477 628/939/1478
s 1
f 218/96/96 220/98/98 634/940/1479 633/623/1480 623/626/1481 626/938/1472
s 125
f 110/232/1482 109/231/1475 628/939/1478 627/633/1483 637/632/1484 636/941/1485
s 1
f 220/98/98 222/100/100 642/942/1486 641/631/1487 631/634/1488 634/940/1479
s 125
f 111/233/1489 110/232/1482 636/941/1485 635/641/1490 645/640/1491 644/943/1492
s 1
f 222/100/100 224/102/102 650/944/1493 649/639/1494 639/642/1495 642/942/1486
s 125
f 112/234/1496 111/233/1489 644/943/1492 643/649/1497 653/648/1498 652/945/1499
s 1
f 224/102/102 226/104/104 658/946/1500 657/647/1501 647/650/1502 650/944/1493
s 125
f 113/235/1503 112/234/1496 652/945/1499 651/657/1504 661/656/1505 660/947/1506
s 1
f 226/104/104 228/106/106 666/948/1507 665/655/1508 655/658/1509 658/946/1500
s 125
f 114/236/1510 113/235/1503 660/947/1506 659/665/1511 669/664/1512 668/949/1513
s 1
f 228/106/106 230/108/108 674/950/1514 673/663/1515 663/666/1516 666/948/1507
s 125
f 115/237/1517 114/236/1510 668/949/1513 667/673/1518 677/672/1519 676/951/1520
s 1
f 230/108/108 232/110/110 682/952/1521 681/671/1522 671/674/1523 674/950/1514
s 125
f 116/238/1524 115/237/1517 676/951/1520 675/681/1525 685/680/1526 684/953/1527
s 1
f 232/110/110 234/112/112 690/954/1528 689/679/1529 679/682/1530 682/952/1521
s 125
f 117/239/1531 116/238/1524 684/953/1527 683/689/1532 693/688/1533 692/955/1534
s 1
f 234/112/112 236/114/114 698/956/1535 697/687/1536 687/690/1537 690/954/1528
s 125
f 118/240/1538 117/239/1531 692/955/1534 691/697/1539 701/696/1540 700/957/1541
s 1
f 236/114/114 238/116/116 706/958/1542 705/695/1543 695/698/1544 698/956/1535
s 125
f 119/241/1545 118/240/1538 700/957/1541 699/705/1546 709/704/1547 708/959/1548
s 1
f 238/116/116 240/118/118 714/960/1549 713/703/1550 703/706/1551 706/958/1542
s 125
f 120/242/1552 119/241/1545 708/959/1548 707/713/1553 717/712/1554 716/961/1555
s 1
f 240/118/118 242/120/120 722/962/1556 721/711/1557 711/714/1558 714/960/1549
s 125
f 61/182/1144 120/242/1552 716/961/1555 715/721/1559 243/720/1560 246/843/1145
s 1
f 242/120/120 126/4/4 248/846/1152 247/719/1561 719/722/1562 722/962/1556
s 5
f 245/249/249 244/963/1563 250/964/1564 249/250/250
f 244/963/1563 243/720/720 247/719/719 250/964/1564
f 251/257/257 254/965/1565 256/966/1566 255/258/258
f 254/965/1565 253/248/248 257/247/247 256/966/1566
f 259/265/265 262/967/1567 264/968/1568 263/266/266
f 262/967/1567 261/256/256 265/255/255 264/968/1568
f 267/273/273 270/969/1569 272/970/1570 271/274/274
f 270/969/1569 269/264/264 273/263/263 272/970/1570
f 275/281/281 278/971/1571 280/972/1572 279/282/282
f 278/971/1571 277/272/272 281/271/271 280/972/1572
f 283/289/289 286/973/1573 288/974/1574 287/290/290
f 286/973/1573 285/280/280 289/279/279 288/974/1574
f 291/297/297 294/975/1575 296/976/1576 295/298/298
f 294/975/1575 293/288/288 297/287/287 296/976/1576
f 299/305/305 302/977/1577 304/978/1578 303/306/306
f 302/977/1577 301/296/296 305/295/295 304/978/1578
f 307/313/313 310/979/1579 312/980/1580 311/314/314
f 310/979/1579 309/304/304 313/303/303 312/980/1580
f 315/321/321 318/981/1581 320/982/1582 319/322/322
f 318/981/1581 317/312/312 321/311/311 320/982/1582
f 323/329/329 326/983/1583 328/984/1584 327/330/330
f 326/983/1583 325/320/320 329/319/319 328/984/1584
f 331/337/337 334/985/1585 336/986/1586 335/338/338
f 334/985/1585 333/328/328 337/327/327 336/986/1586
f 339/345/345 342/987/1587 344/988/1588 343/346/346
f 342/987/1587 341/336/336 345/335/335 344/988/1588
f 347/353/353 350/989/1589 352/990/1590 351/354/354
f 350/989/1589 349/344/344 353/343/343 352/990/1590
f 355/361/361 358/991/1591 360/992/1592 359/362/362
f 358/991/1591 357/352/352 361/351/351 360/992/1592
f 363/369/369 366/993/1593 368/994/1594 367/370/370
f 366/993/1593 365/360/360 369/359/359 368/994/1594
f 371/377/377 374/995/1595 376/996/1596 375/378/378
f 374/995/1595 373/368/368 377/367/367 376/996/1596
f 379/385/385 382/997/1597 384/998/1598 383/386/386
f 382/997/1597 381/376/376 385/375/375 384/998/1598
f 387/393/393 390/999/1599 392/1000/1600 391/394/394
f 390/999/1599 389/384/384 393/383/383 392/1000/1600
f 395/401/401 398/1001/1601 400/1002/1602 399/402/402
f 398/1001/1601 397/392/392 401/391/391 400/1002/1602
f 403/409/409 406/1003/1603 408/1004/1604 407/410/410
f 406/1003/1603 405/400/400 409/399/399 408/1004/1604
f 411/417/417 414/1005/1605 416/1006/1606 415/418/418
f 414/1005/1605 413/408/408 417/407/407 416/1006/1606
f 419/425/425 422/1007/1607 424/1008/1608 423/426/426
f 422/1007/1607 421/416/416 425/415/415 424/1008/1608
f 427/433/433 430/1009/1609 432/1010/1610 431/434/434
f 430/1009/1609 429/424/424 433/423/423 432/1010/1610
f 435/441/441 438/1011/1611 440/1012/1612 439/442/442
f 438/1011/1611 437/432/432 441/431/431 440/1012/1612
f 443/449/449 446/1013/1613 448/1014/1614 447/450/450
f 446/1013/1613 445/440/440 449/439/439 448/1014/1614
f 451/457/457 454/1015/1615 456/1016/1616 455/458/458
f 454/1015/1615 453/448/448 457/447/447 456/1016/1616
f 459/465/465 462/1017/1617 464/1018/1618 463/466/466
f 462/1017/1617 461/456/456 465/455/455 464/1018/1618
f 467/473/473 470/1019/1619 472/1020/1620 471/474/474
f 470/1019/1619 469/464/464 473/463/463 472/1020/1620
f 475/481/481 478/1021/1621 480/1022/1622 479/482/482
f 478/1021/1621 477/472/472 481/471/471 480/1022/1622
f 483/489/489 486/1023/1623 488/1024/1624 487/490/490
f 486/1023/1623 485/480/480 489/479/479 488/1024/1624
f 491/497/497 494/1025/1625 496/1026/1626 495/498/498
f 494/1025/1625 493/488/488 497/487/487 496/1026/1626
f 499/505/505 502/1027/1627 504/1028/1628 503/506/506
f 502/1027/1627 501/496/496 505/495/495 504/1028/1628
f 507/513/513 510/1029/1629 512/1030/1630 511/514/514
f 510/1029/1629 509/504/504 513/503/503 512/1030/1630
f 515/521/521 518/1031/1631 520/1032/1632 519/522/522
f 518/1031/1631 517/512/512 521/511/511 520/1032/1632
f 523/529/529 526/1033/1633 528/1034/1634 527/530/530
f 526/1033/1633 525/520/520 529/519/519 528/1034/1634
f 531/537/537 534/1035/1635 536/1036/1636 535/538/538
f 534/1035/1635 533/528/528 537/527/527 536/1036/1636
f 539/545/545 542/1037/1637 544/1038/1638 543/546/546
f 542/1037/1637 541/536/536 545/535/535 544/1038/1638
f 547/553/553 550/1039/1639 552/1040/1640 551/554/554
f 550/1039/1639 549/544/544 553/543/543 552/1040/1640
f 555/561/561 558/1041/1641 560/1042/1642 559/562/562
f 558/1041/1641 557/552/552 561/551/551 560/1042/1642
f 563/569/569 566/1043/1643 568/1044/1644 567/570/570
f 566/1043/1643 565/560/560 569/559/559 568/1044/1644
f 571/577/577 574/1045/1645 576/1046/1646 575/578/578
f 574/1045/1645 573/568/568 577/567/567 576/1046/1646
f 579/585/585 582/1047/1647 584/1048/1648 583/586/586
f 582/1047/1647 581/576/576 585/575/575 584/1048/1648
f 587/593/593 590/1049/1649 592/1050/1650 591/594/594
f 590/1049/1649 589/584/584 593/583/583 592/1050/1650
f 595/601/601 598/1051/1651 600/1052/1652 599/602/602
f 598/1051/1651 597/592/592 601/591/591 600/1052/1652
f 603/609/609 606/1053/1653 608/1054/1654 607/610/610
f 606/1053/1653 605/600/600 609/599/599 608/1054/1654
f 611/617/617 614/1055/1655 616/1056/1656 615/618/618
f 614/1055/1655 613/608/608 617/607/607 616/1056/1656
f 619/625/625 622/1057/1657 624/1058/1658 623/626/626
f 622/1057/1657 621/616/616 625/615/615 624/1058/1658
f 627/633/633 630/1059/1659 632/1060/1660 631/634/634
f 630/1059/1659 629/624/624 633/623/623 632/1060/1660
f 635/641/641 638/1061/1661 640/1062/1662 639/642/642
f 638/1061/1661 637/632/632 641/631/631 640/1062/1662
f 643/649/649 646/1063/1663 648/1064/1664 647/650/650
f 646/1063/1663 645/640/640 649/639/639 648/1064/1664
f 651/657/657 654/1065/1665 656/1066/1666 655/658/658
f 654/1065/1665 653/648/648 657/647/647 656/1066/1666
f 659/665/665 662/1067/1667 664/1068/1668 663/666/666
f 662/1067/1667 661/656/656 665/655/655 664/1068/1668
f 667/673/673 670/1069/1669 672/1070/1670 671/674/674
f 670/1069/1669 669/664/664 673/663/663 672/1070/1670
f 675/681/681 678/1071/1671 680/1072/1672 679/682/682
f 678/1071/1671 677/672/672 681/671/671 680/1072/1672
f 683/689/689 686/1073/1673 688/1074/1674 687/690/690
f 686/1073/1673 685/680/680 689/679/679 688/1074/1674
f 691/697/697 694/1075/1675 696/1076/1676 695/698/698
f 694/1075/1675 693/688/688 697/687/687 696/1076/1676
f 699/705/705 702/1077/1677 704/1078/1678 703/706/706
f 702/1077/1677 701/696/696 705/695/695 704/1078/1678
f 707/713/713 710/1079/1679 712/1080/1680 711/714/714
f 710/1079/1679 709/704/704 713/703/703 712/1080/1680
f 715/721/721 718/1081/1681 720/1082/1682 719/722/722
f 718/1081/1681 717/712/712 721/711/711 720/1082/1682
s 125
f 246/843/1145 243/720/1560 244/963/1683
f 246/843/1145 244/963/1683 245/249/1146
s 1
f 248/846/1152 249/250/1151 250/964/1684
f 248/846/1152 250/964/1684 247/719/1561
s 125
f 252/844/1148 253/248/1147 254/965/1685
f 252/844/1148 254/965/1685 251/257/1154
s 1
f 258/845/1149 255/258/1159 256/966/1686
f 258/845/1149 256/966/1686 257/247/1150
s 125
f 260/847/1156 261/256/1155 262/967/1687
f 260/847/1156 262/967/1687 259/265/1161
s 1
f 266/848/1157 263/266/1166 264/968/1688
f 266/848/1157 264/968/1688 265/255/1158
s 125
f 268/849/1163 269/264/1162 270/969/1689
f 268/849/1163 270/969/1689 267/273/1168
s 1
f 274/850/1164 271/274/1173 272/970/1690
f 274/850/1164 272/970/1690 273/263/1165
s 125
f 276/851/1170 277/272/1169 278/971/1691
f 276/851/1170 278/971/1691 275/281/1175
s 1
f 282/852/1171 279/282/1180 280/972/1692
f 282/852/1171 280/972/1692 281/271/1172
s 125
f 284/853/1177 285/280/1176 286/973/1693
f 284/853/1177 286/973/1693 283/289/1182
s 1
f 290/854/1178 287/290/1187 288/974/1694
f 290/854/1178 288/974/1694 289/279/1179
s 125
f 292/855/1184 293/288/1183 294/975/1695
f 292/855/1184 294/975/1695 291/297/1189
s 1
f 298/856/1185 295/298/1194 296/976/1696
f 298/856/1185 296/976/1696 297/287/1186
s 125
f 300/857/1191 301/296/1190 302/977/1697
f 300/857/1191 302/977/1697 299/305/1196
s 1
f 306/858/1192 303/306/1201 304/978/1698
f 306/858/1192 304/978/1698 305/295/1193
s 125
f 308/859/1198 309/304/1197 310/979/1699
f 308/859/1198 310/979/1699 307/313/1203
s 1
f 314/860/1199 311/314/1208 312/980/1700
f 314/860/1199 312/980/1700 313/303/1200
s 125
f 316/861/1205 317/312/1204 318/981/1701
f 316/861/1205 318/981/1701 315/321/1210
s 1
f 322/862/1206 319/322/1215 320/982/1702
f 322/862/1206 320/982/1702 321/311/1207
s 125
f 324/863/1212 325/320/1211 326/983/1703
f 324/863/1212 326/983/1703 323/329/1217
s 1
f 330/864/1213 327/330/1222 328/984/1704
f 330/864/1213 328/984/1704 329/319/1214
s 125
f 332/865/1219 333/328/1218 334/985/1705
f 332/865/1219 334/985/1705 331/337/1224
s 1
f 338/866/1220 335/338/1229 336/986/1706
f 338/866/1220 336/986/1706 337/327/1221
s 125
f 340/867/1226 341/336/1225 342/987/1707
f 340/867/1226 342/987/1707 339/345/1231
s 1
f 346/868/1227 343/346/1236 344/988/1708
f 346/868/1227 344/988/1708 345/335/1228
s 125
f 348/869/1233 349/344/1232 350/989/1709
f 348/869/1233 350/989/1709 347/353/1238
s 1
f 354/870/1234 351/354/1243 352/990/1710
f 354/870/1234 352/990/1710 353/343/1235
s 125
f 356/871/1240 357/352/1239 358/991/1711
f 356/871/1240 358/991/1711 355/361/1245
s 1
f 362/872/1241 359/362/1250 360/992/1712
f 362/872/1241 360/992/1712 361/351/1242
s 125
f 364/873/1247 365/360/1246 366/993/1713
f 364/873/1247 366/993/1713 363/369/1252
s 1
f 370/874/1248 367/370/1257 368/994/1714
f 370/874/1248 368/994/1714 369/359/1249
s 125
f 372/875/1254 373/368/1253 374/995/1715
f 372/875/1254 374/995/1715 371/377/1259
s 1
f 378/876/1255 375/378/1264 376/996/1716
f 378/876/1255 376/996/1716 377/367/1256
s 125
f 380/877/1261 381/376/1260 382/997/1717
f 380/877/1261 382/997/1717 379/385/1266
s 1
f 386/878/1262 383/386/1271 384/998/1718
f 386/878/1262 384/998/1718 385/375/1263
s 125
f 388/879/1268 389/384/1267 390/999/1719
f 388/879/1268 390/999/1719 387/393/1273
s 1
f 394/880/1269 391/394/1278 392/1000/1720
f 394/880/1269 392/1000/1720 393/383/1270
s 125
f 396/881/1275 397/392/1274 398/1001/1721
f 396/881/1275 398/1001/1721 395/401/1280
s 1
f 402/882/1276 399/402/1285 400/1002/1722
f 402/882/1276 400/1002/1722 401/391/1277
s 125
f 404/883/1282 405/400/1281 406/1003/1723
f 404/883/1282 406/1003/1723 403/409/1287
s 1
f 410/884/1283 407/410/1292 408/1004/1724
f 410/884/1283 408/1004/1724 409/399/1284
s 125
f 412/885/1289 413/408/1288 414/1005/1725
f 412/885/1289 414/1005/1725 411/417/1294
s 1
f 418/886/1290 415/418/1299 416/1006/1726
f 418/886/1290 416/1006/1726 417/407/1291
s 125
f 420/887/1296 421/416/1295 422/1007/1727
f 420/887/1296 422/1007/1727 419/425/1301
s 1
f 426/888/1297 423/426/1306 424/1008/1728
f 426/888/1297 424/1008/1728 425/415/1298
s 125
f 428/889/1303 429/424/1302 430/1009/1729
f 428/889/1303 430/1009/1729 427/433/1308
s 1
f 434/890/1304 431/434/1313 432/1010/1730
f 434/890/1304 432/1010/1730 433/423/1305
s 125
f 436/891/1310 437/432/1309 438/1011/1731
f 436/891/1310 438/1011/1731 435/441/1315
s 1
f 442/892/1311 439/442/1320 440/1012/1732
f 442/892/1311 440/1012/1732 441/431/1312
s 125
f 444/893/1317 445/440/1316 446/1013/1733
f 444/893/1317 446/1013/1733 443/449/1322
s 1
f 450/894/1318 447/450/1327 448/1014/1734
f 450/894/1318 448/1014/1734 449/439/1319
s 125
f 452/895/1324 453/448/1323 454/1015/1735
f 452/895/1324 454/1015/1735 451/457/1329
s 1
f 458/896/1325 455/458/1334 456/1016/1736
f 458/896/1325 456/1016/1736 457/447/1326
s 125
f 460/897/1331 461/456/1330 462/1017/1737
f 460/897/1331 462/1017/1737 459/465/1336
s 1
f 466/898/1332 463/466/1341 464/1018/1738
f 466/898/1332 464/1018/1738 465/455/1333
s 125
f 468/899/1338 469/464/1337 470/1019/1739
f 468/899/1338 470/1019/1739 467/473/1343
s 1
f 474/900/1339 471/474/1348 472/1020/1740
f 474/900/1339 472/1020/1740 473/463/1340
s 125
f 476/901/1345 477/472/1344 478/1021/1741
f 476/901/1345 478/1021/1741 475/481/1350
s 1
f 482/902/1346 479/482/1355 480/1022/1742
f 482/902/1346 480/1022/1742 481/471/1347
s 125
f 484/903/1352 485/480/1351 486/1023/1743
f 484/903/1352 486/1023/1743 483/489/1357
s 1
f 490/904/1353 487/490/1362 488/1024/1744
f 490/904/1353 488/1024/1744 489/479/1354
s 125
f 492/905/1359 493/488/1358 494/1025/1745
f 492/905/1359 494/1025/1745 491/497/1364
s 1
f 498/906/1360 495/498/1369 496/1026/1746
f 498/906/1360 496/1026/1746 497/487/1361
s 125
f 500/907/1366 501/496/1365 502/1027/1747
f 500/907/1366 502/1027/1747 499/505/1371
s 1
f 506/908/1367 503/506/1376 504/1028/1748
f 506/908/1367 504/1028/1748 505/495/1368
s 125
f 508/909/1373 509/504/1372 510/1029/1749
f 508/909/1373 510/1029/1749 507/513/1378
s 1
f 514/910/1374 511/514/1383 512/1030/1750
f 514/910/1374 512/1030/1750 513/503/1375
s 125
f 516/911/1380 517/512/1379 518/1031/1751
f 516/911/1380 518/1031/1751 515/521/1385
s 1
f 522/912/1381 519/522/1390 520/1032/1752
f 522/912/1381 520/1032/1752 521/511/1382
s 125
f 524/913/1387 525/520/1386 526/1033/1753
f 524/913/1387 526/1033/1753 523/529/1392
s 1
f 530/914/1388 527/530/1397 528/1034/1754
f 530/914/1388 528/1034/1754 529/519/1389
s 125
f 532/915/1394 533/528/1393 534/1035/1755
f 532/915/1394 534/1035/1755 531/537/1399
s 1
f 538/916/1395 535/538/1404 536/1036/1756
f 538/916/1395 536/1036/1756 537/527/1396
s 125
f 540/917/1401 541/536/1400 542/1037/1757
f 540/917/1401 542/1037/1757 539/545/1406
s 1
f 546/918/1402 543/546/1411 544/1038/1758
f 546/918/1402 544/1038/1758 545/535/1403
s 125
f 548/919/1408 549/544/1407 550/1039/1759
f 548/919/1408 550/1039/1759 547/553/1413
s 1
f 554/920/1409 551/554/1418 552/1040/1760
f 554/920/1409 552/1040/1760 553/543/1410
s 125
f 556/921/1415 557/552/1414 558/1041/1761
f 556/921/1415 558/1041/1761 555/561/1420
s 1
f 562/922/1416 559/562/1425 560/1042/1762
f 562/922/1416 560/1042/1762 561/551/1417
s 125
f 564/923/1422 565/560/1421 566/1043/1763
f 564/923/1422 566/1043/1763 563/569/1427
s 1
f 570/924/1423 567/570/1432 568/1044/1764
f 570/924/1423 568/1044/1764 569/559/1424
s 125
f 572/925/1429 573/568/1428 574/1045/1765
f 572/925/1429 574/1045/1765 571/577/1434
s 1
f 578/926/1430 575/578/1439 576/1046/1766
f 578/926/1430 576/1046/1766 577/567/1431
s 125
f 580/927/1436 581/576/1435 582/1047/1767
f 580/927/1436 582/1047/1767 579/585/1441
s 1
f 586/928/1437 583/586/1446 584/1048/1768
f 586/928/1437 584/1048/1768 585/575/1438
s 125
f 588/929/1443 589/584/1442 590/1049/1769
f 588/929/1443 590/1049/1769 587/593/1448
s 1
f 594/930/1444 591/594/1453 592/1050/1770
f 594/930/1444 592/1050/1770 593/583/1445
s 125
f 596/931/1450 597/592/1449 598/1051/1771
f 596/931/1450 598/1051/1771 595/601/1455
s 1
f 602/932/1451 599/602/1460 600/1052/1772
f 602/932/1451 600/1052/1772 601/591/1452
s 125
f 604/933/1457 605/600/1456 606/1053/1773
f 604/933/1457 606/1053/1773 603/609/1462
s 1
f 610/934/1458 607/610/1467 608/1054/1774
f 610/934/1458 608/1054/1774 609/599/1459
s 125
f 612/935/1464 613/608/1463 614/1055/1775
f 612/935/1464 614/1055/1775 611/617/1469
s 1
f 618/936/1465 615/618/1474 616/1056/1776
f 618/936/1465 616/1056/1776 617/607/1466
s 125
f 620/937/1471 621/616/1470 622/1057/1777
f 620/937/1471 622/1057/1777 619/625/1476
s 1
f 626/938/1472 623/626/1481 624/1058/1778
f 626/938/1472 624/1058/1778 625/615/1473
s 125
f 628/939/1478 629/624/1477 630/1059/1779
f 628/939/1478 630/1059/1779 627/633/1483
s 1
f 634/940/1479 631/634/1488 632/1060/1780
f 634/940/1479 632/1060/1780 633/623/1480
s 125
f 636/941/1485 637/632/1484 638/1061/1781
f 636/941/1485 638/1061/1781 635/641/1490
s 1
f 642/942/1486 639/642/1495 640/1062/1782
f 642/942/1486 640/1062/1782 641/631/1487
s 125
f 644/943/1492 645/640/1491 646/1063/1783
f 644/943/1492 646/1063/1783 643/649/1497
s 1
f 650/944/1493 647/650/1502 648/1064/1784
f 650/944/1493 648/1064/1784 649/639/1494
s 125
f 652/945/1499 653/648/1498 654/1065/1785
f 652/945/1499 654/1065/1785 651/657/1504
s 1
f 658/946/1500 655/658/1509 656/1066/1786
f 658/946/1500 656/1066/1786 657/647/1501
s 125
f 660/947/1506 661/656/1505 662/1067/1787
f 660/947/1506 662/1067/1787 659/665/1511
s 1
f 666/948/1507 663/666/1516 664/1068/1788
f 666/948/1507 664/1068/1788 665/655/1508
s 125
f 668/949/1513 669/664/1512 670/1069/1789
f 668/949/1513 670/1069/1789 667/673/1518
s 1
f 674/950/1514 671/674/1523 672/1070/1790
f 674/950/1514 672/1070/1790 673/663/1515
s 125
f 676/951/1520 677/672/1519 678/1071/1791
f 676/951/1520 678/1071/1791 675/681/1525
s 1
f 682/952/1521 679/682/1530 680/1072/1792
f 682/952/1521 680/1072/1792 681/671/1522
s 125
f 684/953/1527 685/680/1526 686/1073/1793
f 684/953/1527 686/1073/1793 683/689/1532
s 1
f 690/954/1528 687/690/1537 688/1074/1794
f 690/954/1528 688/1074/1794 689/679/1529
s 125
f 692/955/1534 693/688/1533 694/1075/1795
f 692/955/1534 694/1075/1795 691/697/1539
s 1
f 698/956/1535 695/698/1544 696/1076/1796
f 698/956/1535 696/1076/1796 697/687/1536
s 125
f 700/957/1541 701/696/1540 702/1077/1797
f 700/957/1541 702/1077/1797 699/705/1546
s 1
f 706/958/1542 703/706/1551 704/1078/1798
f 706/958/1542 704/1078/1798 705/695/1543
s 125
f 708/959/1548 709/704/1547 710/1079/1799
f 708/959/1548 710/1079/1799 707/713/1553
s 1
f 714/960/1549 711/714/1558 712/1080/1800
f 714/960/1549 712/1080/1800 713/703/1550
s 125
f 716/961/1555 717/712/1554 718/1081/1801
f 716/961/1555 718/1081/1801 715/721/1559
s 1
f 722/962/1556 719/722/1562 720/1082/1802
f 722/962/1556 720/1082/1802 721/711/1557
s 4
f 725/245/245 724/1083/1803 730/1084/1804 729/246/246
f 724/1083/1803 723/252/252 727/251/251 730/1084/1804
f 731/717/717 734/1085/1805 736/1086/1806 735/718/718
f 734/1085/1805 733/244/244 737/243/243 736/1086/1806
f 741/253/253 740/1087/1807 746/1088/1808 745/254/254
f 740/1087/1807 739/260/260 743/259/259 746/1088/1808
f 749/261/261 748/1089/1809 754/1090/1810 753/262/262
f 748/1089/1809 747/268/268 751/267/267 754/1090/1810
f 757/269/269 756/1091/1811 762/1092/1812 761/270/270
f 756/1091/1811 755/276/276 759/275/275 762/1092/1812
f 765/277/277 764/1093/1813 770/1094/1814 769/278/278
f 764/1093/1813 763/284/284 767/283/283 770/1094/1814
f 773/285/285 772/1095/1815 778/1096/1816 777/286/286
f 772/1095/1815 771/292/292 775/291/291 778/1096/1816
f 781/293/293 780/1097/1817 786/1098/1818 785/294/294
f 780/1097/1817 779/300/300 783/299/299 786/1098/1818
f 789/301/301 788/1099/1819 794/1100/1820 793/302/302
f 788/1099/1819 787/308/308 791/307/307 794/1100/1820
f 797/309/309 796/1101/1821 802/1102/1822 801/310/310
f 796/1101/1821 795/316/316 799/315/315 802/1102/1822
f 805/317/317 804/1103/1823 810/1104/1824 809/318/318
f 804/1103/1823 803/324/324 807/323/323 810/1104/1824
f 813/325/325 812/1105/1825 818/1106/1826 817/326/326
f 812/1105/1825 811/332/332 815/331/331 818/1106/1826
f 821/333/333 820/1107/1827 826/1108/1828 825/334/334
f 820/1107/1827 819/340/340 823/339/339 826/1108/1828
f 829/341/341 828/1109/1829 834/1110/1830 833/342/342
f 828/1109/1829 827/348/348 831/347/347 834/1110/1830
f 837/349/349 836/1111/1831 842/1112/1832 841/350/350
f 836/1111/1831 835/356/356 839/355/355 842/1112/1832
f 845/357/357 844/1113/1833 850/1114/1834 849/358/358
f 844/1113/1833 843/364/364 847/363/363 850/1114/1834
f 853/365/365 852/1115/1835 858/1116/1836 857/366/366
f 852/1115/1835 851/372/372 855/371/371 858/1116/1836
f 861/373/373 860/1117/1837 866/1118/1838 865/374/374
f 860/1117/1837 859/380/380 863/379/379 866/1118/1838
f 869/381/381 868/1119/1839 874/1120/1840 873/382/382
f 868/1119/1839 867/388/388 871/387/387 874/1120/1840
f 877/389/389 876/1121/1841 882/1122/1842 881/390/390
f 876/1121/1841 875/396/396 879/395/395 882/1122/1842
f 885/397/397 884/1123/1843 890/1124/1844 889/398/398
f 884/1123/1843 883/404/404 887/403/403 890/1124/1844
f 893/405/405 892/1125/1845 898/1126/1846 897/406/406
f 892/1125/1845 891/412/412 895/411/411 898/1126/1846
f 901/413/413 900/1127/1847 906/1128/1848 905/414/414
f 900/1127/1847 899/420/420 903/419/419 906/1128/1848
f 909/421/421 908/1129/1849 914/1130/1850 913/422/422
f 908/1129/1849 907/428/428 911/427/427 914/1130/1850
f 917/429/429 916/1131/1851 922/1132/1852 921/430/430
f 916/1131/1851 915/436/436 919/435/435 922/1132/1852
f 925/437/437 924/1133/1853 930/1134/1854 929/438/438
f 924/1133/1853 923/444/444 927/443/443 930/1134/1854
f 933/445/445 932/1135/1855 938/1136/1856 937/446/446
f 932/1135/1855 931/452/452 935/451/451 938/1136/1856
f 941/453/453 940/1137/1857 946/1138/1858 945/454/454
f 940/1137/1857 939/460/460 943/459/459 946/1138/1858
f 949/461/461 948/1139/1859 954/1140/1860 953/462/462
f 948/1139/1859 947/468/468 951/467/467 954/1140/1860
f 957/469/469 956/1141/1861 962/1142/1862 961/470/470
f 956/1141/1861 955/476/476 959/475/475 962/1142/1862
f 965/477/477 964/1143/1863 970/1144/1864 969/478/478
f 964/1143/1863 963/484/484 967/483/483 970/1144/1864
f 973/485/485 972/1145/1865 978/1146/1866 977/486/486
f 972/1145/1865 971/492/492 975/491/491 978/1146/1866
f 981/493/493 980/1147/1867 986/1148/1868 985/494/494
f 980/1147/1867 979/500/500 983/499/499 986/1148/1868
f 989/501/501 988/1149/1869 994/1150/1870 993/502/502
f 988/1149/1869 987/508/508 991/507/507 994/1150/1870
f 997/509/509 996/1151/1871 1002/1152/1872 1001/510/510
f 996/1151/1871 995/516/516 999/515/515 1002/1152/1872
f 1005/517/517 1004/1153/1873 1010/1154/1874 1009/518/518
f 1004/1153/1873 1003/524/524 1007/523/523 1010/1154/1874
f 1013/525/525 1012/1155/1875 1018/1156/1876 1017/526/526
f 1012/1155/1875 1011/532/532 1015/531/531 1018/1156/1876
f 1021/533/533 1020/1157/1877 1026/1158/1878 1025/534/534
f 1020/1157/1877 1019/540/540 1023/539/539 1026/1158/1878
f 1029/541/541 1028/1159/1879 1034/1160/1880 1033/542/542
f 1028/1159/1879 1027/548/548 1031/547/547 1034/1160/1880
f 1037/549/549 1036/1161/1881 1042/1162/1882 1041/550/550
f 1036/1161/1881 1035/556/556 1039/555/555 1042/1162/1882
f 1045/557/557 1044/1163/1883 1050/1164/1884 1049/558/558
f 1044/1163/1883 1043/564/564 1047/563/563 1050/1164/1884
f 1053/565/565 1052/1165/1885 1058/1166/1886 1057/566/566
f 1052/1165/1885 1051/572/572 1055/571/571 1058/1166/1886
f 1061/573/573 1060/1167/1887 1066/1168/1888 1065/574/574
f 1060/1167/1887 1059/580/580 1063/579/579 1066/1168/1888
f 1069/581/581 1068/1169/1889 1074/1170/1890 1073/582/582
f 1068/1169/1889 1067/588/588 1071/587/587 1074/1170/1890
f 1077/589/589 1076/1171/1891 1082/1172/1892 1081/590/590
f 1076/1171/1891 1075/596/596 1079/595/595 1082/1172/1892
f 1085/597/597 1084/1173/1893 1090/1174/1894 1089/598/598
f 1084/1173/1893 1083/604/604 1087/603/603 1090/1174/1894
f 1093/605/605 1092/1175/1895 1098/1176/1896 1097/606/606
f 1092/1175/1895 1091/612/612 1095/611/611 1098/1176/1896
f 1101/613/613 1100/1177/1897 1106/1178/1898 1105/614/614
f 1100/1177/1897 1099/620/620 1103/619/619 1106/1178/1898
f 1109/621/621 1108/1179/1899 1114/1180/1900 1113/622/622
f 1108/1179/1899 1107/628/628 1111/627/627 1114/1180/1900
f 1117/629/629 1116/1181/1901 1122/1182/1902 1121/630/630
f 1116/1181/1901 1115/636/636 1119/635/635 1122/1182/1902
f 1125/637/637 1124/1183/1903 1130/1184/1904 1129/638/638
f 1124/1183/1903 1123/644/644 1127/643/643 1130/1184/1904
f 1133/645/645 1132/1185/1905 1138/1186/1906 1137/646/646
f 1132/1185/1905 1131/652/652 1135/651/651 1138/1186/1906
f 1141/653/653 1140/1187/1907 1146/1188/1908 1145/654/654
f 1140/1187/1907 1139/660/660 1143/659/659 1146/1188/1908
f 1149/661/661 1148/1189/1909 1154/1190/1910 1153/662/662
f 1148/1189/1909 1147/668/668 1151/667/667 1154/1190/1910
f 1157/669/669 1156/1191/1911 1162/1192/1912 1161/670/670
f 1156/1191/1911 1155/676/676 1159/675/675 1162/1192/1912
f 1165/677/677 1164/1193/1913 1170/1194/1914 1169/678/678
f 1164/1193/1913 1163/684/684 1167/683/683 1170/1194/1914
f 1173/685/685 1172/1195/1915 1178/1196/1916 1177/686/686
f 1172/1195/1915 1171/692/692 1175/691/691 1178/1196/1916
f 1181/693/693 1180/1197/1917 1186/1198/1918 1185/694/694
f 1180/1197/1917 1179/700/700 1183/699/699 1186/1198/1918
f 1189/701/701 1188/1199/1919 1194/1200/1920 1193/702/702
f 1188/1199/1919 1187/708/708 1191/707/707 1194/1200/1920
f 1197/709/709 1196/1201/1921 1202/1202/1922 1201/710/710
f 1196/1201/1921 1195/716/716 1199/715/715 1202/1202/1922
s 124
f 726/723/725 723/252/736 724/1083/1923
f 726/723/725 724/1083/1923 725/245/726
s 1
f 728/726/732 729/246/731 730/1084/1924
f 728/726/732 730/1084/1924 727/251/737
s 124
f 732/724/728 733/244/727 734/1085/1925
f 732/724/728 734/1085/1925 731/717/1139
s 1
f 738/725/729 735/718/1142 736/1086/1926
f 738/725/729 736/1086/1926 737/243/730
s 124
f 742/727/734 739/260/743 740/1087/1927
f 742/727/734 740/1087/1927 741/253/735
s 1
f 744/728/739 745/254/738 746/1088/1928
f 744/728/739 746/1088/1928 743/259/744
s 124
f 750/729/741 747/268/750 748/1089/1929
f 750/729/741 748/1089/1929 749/261/742
s 1
f 752/730/746 753/262/745 754/1090/1930
f 752/730/746 754/1090/1930 751/267/751
s 124
f 758/731/748 755/276/757 756/1091/1931
f 758/731/748 756/1091/1931 757/269/749
s 1
f 760/732/753 761/270/752 762/1092/1932
f 760/732/753 762/1092/1932 759/275/758
s 124
f 766/733/755 763/284/764 764/1093/1933
f 766/733/755 764/1093/1933 765/277/756
s 1
f 768/734/760 769/278/759 770/1094/1934
f 768/734/760 770/1094/1934 767/283/765
s 124
f 774/735/762 771/292/771 772/1095/1935
f 774/735/762 772/1095/1935 773/285/763
s 1
f 776/736/767 777/286/766 778/1096/1936
f 776/736/767 778/1096/1936 775/291/772
s 124
f 782/737/769 779/300/778 780/1097/1937
f 782/737/769 780/1097/1937 781/293/770
s 1
f 784/738/774 785/294/773 786/1098/1938
f 784/738/774 786/1098/1938 783/299/779
s 124
f 790/739/776 787/308/785 788/1099/1939
f 790/739/776 788/1099/1939 789/301/777
s 1
f 792/740/781 793/302/780 794/1100/1940
f 792/740/781 794/1100/1940 791/307/786
s 124
f 798/741/783 795/316/792 796/1101/1941
f 798/741/783 796/1101/1941 797/309/784
s 1
f 800/742/788 801/310/787 802/1102/1942
f 800/742/788 802/1102/1942 799/315/793
s 124
f 806/743/790 803/324/799 804/1103/1943
f 806/743/790 804/1103/1943 805/317/791
s 1
f 808/744/795 809/318/794 810/1104/1944
f 808/744/795 810/1104/1944 807/323/800
s 124
f 814/745/797 811/332/806 812/1105/1945
f 814/745/797 812/1105/1945 813/325/798
s 1
f 816/746/802 817/326/801 818/1106/1946
f 816/746/802 818/1106/1946 815/331/807
s 124
f 822/747/804 819/340/813 820/1107/1947
f 822/747/804 820/1107/1947 821/333/805
s 1
f 824/748/809 825/334/808 826/1108/1948
f 824/748/809 826/1108/1948 823/339/814
s 124
f 830/749/811 827/348/820 828/1109/1949
f 830/749/811 828/1109/1949 829/341/812
s 1
f 832/750/816 833/342/815 834/1110/1950
f 832/750/816 834/1110/1950 831/347/821
s 124
f 838/751/818 835/356/827 836/1111/1951
f 838/751/818 836/1111/1951 837/349/819
s 1
f 840/752/823 841/350/822 842/1112/1952
f 840/752/823 842/1112/1952 839/355/828
s 124
f 846/753/825 843/364/834 844/1113/1953
f 846/753/825 844/1113/1953 845/357/826
s 1
f 848/754/830 849/358/829 850/1114/1954
f 848/754/830 850/1114/1954 847/363/835
s 124
f 854/755/832 851/372/841 852/1115/1955
f 854/755/832 852/1115/1955 853/365/833
s 1
f 856/756/837 857/366/836 858/1116/1956
f 856/756/837 858/1116/1956 855/371/842
s 124
f 862/757/839 859/380/848 860/1117/1957
f 862/757/839 860/1117/1957 861/373/840
s 1
f 864/758/844 865/374/843 866/1118/1958
f 864/758/844 866/1118/1958 863/379/849
s 124
f 870/759/846 867/388/855 868/1119/1959
f 870/759/846 868/1119/1959 869/381/847
s 1
f 872/760/851 873/382/850 874/1120/1960
f 872/760/851 874/1120/1960 871/387/856
s 124
f 878/761/853 875/396/862 876/1121/1961
f 878/761/853 876/1121/1961 877/389/854
s 1
f 880/762/858 881/390/857 882/1122/1962
f 880/762/858 882/1122/1962 879/395/863
s 124
f 886/763/860 883/404/869 884/1123/1963
f 886/763/860 884/1123/1963 885/397/861
s 1
f 888/764/865 889/398/864 890/1124/1964
f 888/764/865 890/1124/1964 887/403/870
s 124
f 894/765/867 891/412/876 892/1125/1965
f 894/765/867 892/1125/1965 893/405/868
s 1
f 896/766/872 897/406/871 898/1126/1966
f 896/766/872 898/1126/1966 895/411/877
s 124
f 902/767/874 899/420/883 900/1127/1967
f 902/767/874 900/1127/1967 901/413/875
s 1
f 904/768/879 905/414/878 906/1128/1968
f 904/768/879 906/1128/1968 903/419/884
s 124
f 910/769/881 907/428/890 908/1129/1969
f 910/769/881 908/1129/1969 909/421/882
s 1
f 912/770/886 913/422/885 914/1130/1970
f 912/770/886 914/1130/1970 911/427/891
s 124
f 918/771/888 915/436/897 916/1131/1971
f 918/771/888 916/1131/1971 917/429/889
s 1
f 920/772/893 921/430/892 922/1132/1972
f 920/772/893 922/1132/1972 919/435/898
s 124
f 926/773/895 923/444/904 924/1133/1973
f 926/773/895 924/1133/1973 925/437/896
s 1
f 928/774/900 929/438/899 930/1134/1974
f 928/774/900 930/1134/1974 927/443/905
s 124
f 934/775/902 931/452/911 932/1135/1975
f 934/775/902 932/1135/1975 933/445/903
s 1
f 936/776/907 937/446/906 938/1136/1976
f 936/776/907 938/1136/1976 935/451/912
s 124
f 942/777/909 939/460/918 940/1137/1977
f 942/777/909 940/1137/1977 941/453/910
s 1
f 944/778/914 945/454/913 946/1138/1978
f 944/778/914 946/1138/1978 943/459/919
s 124
f 950/779/916 947/468/925 948/1139/1979
f 950/779/916 948/1139/1979 949/461/917
s 1
f 952/780/921 953/462/920 954/1140/1980
f 952/780/921 954/1140/1980 951/467/926
s 124
f 958/781/923 955/476/932 956/1141/1981
f 958/781/923 956/1141/1981 957/469/924
s 1
f 960/782/928 961/470/927 962/1142/1982
f 960/782/928 962/1142/1982 959/475/933
s 124
f 966/783/930 963/484/939 964/1143/1983
f 966/783/930 964/1143/1983 965/477/931
s 1
f 968/784/935 969/478/934 970/1144/1984
f 968/784/935 970/1144/1984 967/483/940
s 124
f 974/785/937 971/492/946 972/1145/1985
f 974/785/937 972/1145/1985 973/485/938
s 1
f 976/786/942 977/486/941 978/1146/1986
f 976/786/942 978/1146/1986 975/491/947
s 124
f 982/787/944 979/500/953 980/1147/1987
f 982/787/944 980/1147/1987 981/493/945
s 1
f 984/788/949 985/494/948 986/1148/1988
f 984/788/949 986/1148/1988 983/499/954
s 124
f 990/789/951 987/508/960 988/1149/1989
f 990/789/951 988/1149/1989 989/501/952
s 1
f 992/790/956 993/502/955 994/1150/1990
f 992/790/956 994/1150/1990 991/507/961
s 124
f 998/791/958 995/516/967 996/1151/1991
f 998/791/958 996/1151/1991 997/509/959
s 1
f 1000/792/963 1001/510/962 1002/1152/1992
f 1000/792/963 1002/1152/1992 999/515/968
s 124
f 1006/793/965 1003/524/974 1004/1153/1993
f 1006/793/965 1004/1153/1993 1005/517/966
s 1
f 1008/794/970 1009/518/969 1010/1154/1994
f 1008/794/970 1010/1154/1994 1007/523/975
s 124
f 1014/795/972 1011/532/981 1012/1155/1995
f 1014/795/972 1012/1155/1995 1013/525/973
s 1
f 1016/796/977 1017/526/976 1018/1156/1996
f 1016/796/977 1018/1156/1996 1015/531/982
s 124
f 1022/797/979 1019/540/988 1020/1157/1997
f 1022/797/979 1020/1157/1997 1021/533/980
s 1
f 1024/798/984 1025/534/983 1026/1158/1998
f 1024/798/984 1026/1158/1998 1023/539/989
s 124
f 1030/799/986 1027/548/995 1028/1159/1999
f 1030/799/986 1028/1159/1999 1029/541/987
s 1
f 1032/800/991 1033/542/990 1034/1160/2000
f 1032/800/991 1034/1160/2000 1031/547/996
s 124
f 1038/801/993 1035/556/1002 1036/1161/2001
f 1038/801/993 1036/1161/2001 1037/549/994
s 1
f 1040/802/998 1041/550/997 1042/1162/2002
f 1040/802/998 1042/1162/2002 1039/555/1003
s 124
f 1046/803/1000 1043/564/1009 1044/1163/2003
f 1046/803/1000 1044/1163/2003 1045/557/1001
s 1
f 1048/804/1005 1049/558/1004 1050/1164/2004
f 1048/804/1005 1050/1164/2004 1047/563/1010
s 124
f 1054/805/1007 1051/572/1016 1052/1165/2005
f 1054/805/1007 1052/1165/2005 1053/565/1008
s 1
f 1056/806/1012 1057/566/1011 1058/1166/2006
f 1056/806/1012 1058/1166/2006 1055/571/1017
s 124
f 1062/807/1014 1059/580/1023 1060/1167/2007
f 1062/807/1014 1060/1167/2007 1061/573/1015
s 1
f 1064/808/1019 1065/574/1018 1066/1168/2008
f 1064/808/1019 1066/1168/2008 1063/579/1024
s 124
f 1070/809/1021 1067/588/1030 1068/1169/2009
f 1070/809/1021 1068/1169/2009 1069/581/1022
s 1
f 1072/810/1026 1073/582/1025 1074/1170/2010
f 1072/810/1026 1074/1170/2010 1071/587/1031
s 124
f 1078/811/1028 1075/596/1037 1076/1171/2011
f 1078/811/1028 1076/1171/2011 1077/589/1029
s 1
f 1080/812/1033 1081/590/1032 1082/1172/2012
f 1080/812/1033 1082/1172/2012 1079/595/1038
s 124
f 1086/813/1035 1083/604/1044 1084/1173/2013
f 1086/813/1035 1084/1173/2013 1085/597/1036
s 1
f 1088/814/1040 1089/598/1039 1090/1174/2014
f 1088/814/1040 1090/1174/2014 1087/603/1045
s 124
f 1094/815/1042 1091/612/1051 1092/1175/2015
f 1094/815/1042 1092/1175/2015 1093/605/1043
s 1
f 1096/816/1047 1097/606/1046 1098/1176/2016
f 1096/816/1047 1098/1176/2016 1095/611/1052
s 124
f 1102/817/1049 1099/620/1058 1100/1177/2017
f 1102/817/1049 1100/1177/2017 1101/613/1050
s 1
f 1104/818/1054 1105/614/1053 1106/1178/2018
f 1104/818/1054 1106/1178/2018 1103/619/1059
s 124
f 1110/819/1056 1107/628/1065 1108/1179/2019
f 1110/819/1056 1108/1179/2019 1109/621/1057
s 1
f 1112/820/1061 1113/622/1060 1114/1180/2020
f 1112/820/1061 1114/1180/2020 1111/627/1066
s 124
f 1118/821/1063 1115/636/1072 1116/1181/2021
f 1118/821/1063 1116/1181/2021 1117/629/1064
s 1
f 1120/822/1068 1121/630/1067 1122/1182/2022
f 1120/822/1068 1122/1182/2022 1119/635/1073
s 124
f 1126/823/1070 1123/644/1079 1124/1183/2023
f 1126/823/1070 1124/1183/2023 1125/637/1071
s 1
f 1128/824/1075 1129/638/1074 1130/1184/2024
f 1128/824/1075 1130/1184/2024 1127/643/1080
s 124
f 1134/825/1077 1131/652/1086 1132/1185/2025
f 1134/825/1077 1132/1185/2025 1133/645/1078
s 1
f 1136/826/1082 1137/646/1081 1138/1186/2026
f 1136/826/1082 1138/1186/2026 1135/651/1087
s 124
f 1142/827/1084 1139/660/1093 1140/1187/2027
f 1142/827/1084 1140/1187/2027 1141/653/1085
s 1
f 1144/828/1089 1145/654/1088 1146/1188/2028
f 1144/828/1089 1146/1188/2028 1143/659/1094
s 124
f 1150/829/1091 1147/668/1100 1148/1189/2029
f 1150/829/1091 1148/1189/2029 1149/661/1092
s 1
f 1152/830/1096 1153/662/1095 1154/1190/2030
f 1152/830/1096 1154/1190/2030 1151/667/1101
s 124
f 1158/831/1098 1155/676/1107 1156/1191/2031
f 1158/831/1098 1156/1191/2031 1157/669/1099
s 1
f 1160/832/1103 1161/670/1102 1162/1192/2032
f 1160/832/1103 1162/1192/2032 1159/675/1108
s 124
f 1166/833/1105 1163/684/1114 1164/1193/2033
f 1166/833/1105 1164/1193/2033 1165/677/1106
s 1
f 1168/834/1110 1169/678/1109 1170/1194/2034
f 1168/834/1110 1170/1194/2034 1167/683/1115
s 124
f 1174/835/1112 1171/692/1121 1172/1195/2035
f 1174/835/1112 1172/1195/2035 1173/685/1113
s 1
f 1176/836/1117 1177/686/1116 1178/1196/2036
f 1176/836/1117 1178/1196/2036 1175/691/1122
s 124
f 1182/837/1119 1179/700/1128 1180/1197/2037
f 1182/837/1119 1180/1197/2037 1181/693/1120
s 1
f 1184/838/1124 1185/694/1123 1186/1198/2038
f 1184/838/1124 1186/1198/2038 1183/699/1129
s 124
f 1190/839/1126 1187/708/1135 1188/1199/2039
f 1190/839/1126 1188/1199/2039 1189/701/1127
s 1
f 1192/840/1131 1193/702/1130 1194/1200/2040
f 1192/840/1131 1194/1200/2040 1191/707/1136
s 124
f 1198/841/1133 1195/716/1140 1196/1201/2041
f 1198/841/1133 1196/1201/2041 1197/709/1134
s 1
f 1200/842/1138 1201/710/1137 1202/1202/2042
f 1200/842/1138 1202/1202/2042 1199/715/1141
