# This file uses centimeters as units for non-parametric coordinates.

mtllib HallwayScene.mtl
g default
v -24.492115 0.093474 59.613757
v -19.593692 0.093474 59.613757
v -14.695270 0.093474 59.613757
v -9.796845 0.093474 59.613757
v -4.898423 0.093474 59.613757
v 0.000000 0.093474 59.613757
v 4.898424 0.093474 59.613757
v 9.796845 0.093474 59.613757
v 14.695270 0.093474 59.613757
v 19.593694 0.093474 59.613757
v 24.492115 0.093474 59.613757
v -24.492115 0.093474 47.691006
v -19.593692 0.093474 47.691006
v -14.695270 0.093474 47.691006
v -9.796845 0.093474 47.691006
v -4.898423 0.093474 47.691006
v 0.000000 0.093474 47.691006
v 4.898424 0.093474 47.691006
v 9.796845 0.093474 47.691006
v 14.695270 0.093474 47.691006
v 19.593694 0.093474 47.691006
v 24.492115 0.093474 47.691006
v -24.492115 0.093474 35.768256
v -19.593692 0.093474 35.768256
v -14.695270 0.093474 35.768256
v -9.796845 0.093474 35.768256
v -4.898423 0.093474 35.768256
v 0.000000 0.093474 35.768256
v 4.898424 0.093474 35.768256
v 9.796845 0.093474 35.768256
v 14.695270 0.093474 35.768256
v 19.593694 0.093474 35.768256
v 24.492115 0.093474 35.768256
v -24.492115 0.093474 23.845501
v -19.593692 0.093474 23.845501
v -14.695270 0.093474 23.845501
v -9.796845 0.093474 23.845501
v -4.898423 0.093474 23.845501
v 0.000000 0.093474 23.845501
v 4.898424 0.093474 23.845501
v 9.796845 0.093474 23.845501
v 14.695270 0.093474 23.845501
v 19.593694 0.093474 23.845501
v 24.492115 0.093474 23.845501
v -24.492115 0.093474 11.922751
v -19.593692 0.093474 11.922751
v -14.695270 0.093474 11.922751
v -9.796845 0.093474 11.922751
v -4.898423 0.093474 11.922751
v 0.000000 0.093474 11.922751
v 4.898424 0.093474 11.922751
v 9.796845 0.093474 11.922751
v 14.695270 0.093474 11.922751
v 19.593694 0.093474 11.922751
v 24.492115 0.093474 11.922751
v -24.492115 0.093474 0.000000
v -19.593692 0.093474 0.000000
v -14.695270 0.093474 0.000000
v -9.796845 0.093474 0.000000
v -4.898423 0.093474 0.000000
v 0.000000 0.093474 0.000000
v 4.898424 0.093474 0.000000
v 9.796845 0.093474 0.000000
v 14.695270 0.093474 0.000000
v 19.593694 0.093474 0.000000
v 24.492115 0.093474 0.000000
v -24.492115 0.093474 -11.922754
v -19.593692 0.093474 -11.922754
v -14.695270 0.093474 -11.922754
v -9.796845 0.093474 -11.922754
v -4.898423 0.093474 -11.922754
v 0.000000 0.093474 -11.922754
v 4.898424 0.093474 -11.922754
v 9.796845 0.093474 -11.922754
v 14.695270 0.093474 -11.922754
v 19.593694 0.093474 -11.922754
v 24.492115 0.093474 -11.922754
v -24.492115 0.093474 -23.845501
v -19.593692 0.093474 -23.845501
v -14.695270 0.093474 -23.845501
v -9.796845 0.093474 -23.845501
v -4.898423 0.093474 -23.845501
v 0.000000 0.093474 -23.845501
v 4.898424 0.093474 -23.845501
v 9.796845 0.093474 -23.845501
v 14.695270 0.093474 -23.845501
v 19.593694 0.093474 -23.845501
v 24.492115 0.093474 -23.845501
v -24.492115 0.093474 -35.768256
v -19.593692 0.093474 -35.768256
v -14.695270 0.093474 -35.768256
v -9.796845 0.093474 -35.768256
v -4.898423 0.093474 -35.768256
v 0.000000 0.093474 -35.768256
v 4.898424 0.093474 -35.768256
v 9.796845 0.093474 -35.768256
v 14.695270 0.093474 -35.768256
v 19.593694 0.093474 -35.768256
v 24.492115 0.093474 -35.768256
v -24.492115 0.093474 -47.691010
v -19.593692 0.093474 -47.691010
v -14.695270 0.093474 -47.691010
v -9.796845 0.093474 -47.691010
v -4.898423 0.093474 -47.691010
v 0.000000 0.093474 -47.691010
v 4.898424 0.093474 -47.691010
v 9.796845 0.093474 -47.691010
v 14.695270 0.093474 -47.691010
v 19.593694 0.093474 -47.691010
v 24.492115 0.093474 -47.691010
v -24.492115 0.093474 -59.613757
v -19.593692 0.093474 -59.613757
v -14.695270 0.093474 -59.613757
v -9.796845 0.093474 -59.613757
v -4.898423 0.093474 -59.613757
v 0.000000 0.093474 -59.613757
v 4.898424 0.093474 -59.613757
v 9.796845 0.093474 -59.613757
v 14.695270 0.093474 -59.613757
v 19.593694 0.093474 -59.613757
v 24.492115 0.093474 -59.613757
vt 0.000000 0.000000
vt 0.100000 0.000000
vt 0.200000 0.000000
vt 0.300000 0.000000
vt 0.400000 0.000000
vt 0.500000 0.000000
vt 0.600000 0.000000
vt 0.700000 0.000000
vt 0.800000 0.000000
vt 0.900000 0.000000
vt 1.000000 0.000000
vt 0.000000 0.100000
vt 0.100000 0.100000
vt 0.200000 0.100000
vt 0.300000 0.100000
vt 0.400000 0.100000
vt 0.500000 0.100000
vt 0.600000 0.100000
vt 0.700000 0.100000
vt 0.800000 0.100000
vt 0.900000 0.100000
vt 1.000000 0.100000
vt 0.000000 0.200000
vt 0.100000 0.200000
vt 0.200000 0.200000
vt 0.300000 0.200000
vt 0.400000 0.200000
vt 0.500000 0.200000
vt 0.600000 0.200000
vt 0.700000 0.200000
vt 0.800000 0.200000
vt 0.900000 0.200000
vt 1.000000 0.200000
vt 0.000000 0.300000
vt 0.100000 0.300000
vt 0.200000 0.300000
vt 0.300000 0.300000
vt 0.400000 0.300000
vt 0.500000 0.300000
vt 0.600000 0.300000
vt 0.700000 0.300000
vt 0.800000 0.300000
vt 0.900000 0.300000
vt 1.000000 0.300000
vt 0.000000 0.400000
vt 0.100000 0.400000
vt 0.200000 0.400000
vt 0.300000 0.400000
vt 0.400000 0.400000
vt 0.500000 0.400000
vt 0.600000 0.400000
vt 0.700000 0.400000
vt 0.800000 0.400000
vt 0.900000 0.400000
vt 1.000000 0.400000
vt 0.000000 0.500000
vt 0.100000 0.500000
vt 0.200000 0.500000
vt 0.300000 0.500000
vt 0.400000 0.500000
vt 0.500000 0.500000
vt 0.600000 0.500000
vt 0.700000 0.500000
vt 0.800000 0.500000
vt 0.900000 0.500000
vt 1.000000 0.500000
vt 0.000000 0.600000
vt 0.100000 0.600000
vt 0.200000 0.600000
vt 0.300000 0.600000
vt 0.400000 0.600000
vt 0.500000 0.600000
vt 0.600000 0.600000
vt 0.700000 0.600000
vt 0.800000 0.600000
vt 0.900000 0.600000
vt 1.000000 0.600000
vt 0.000000 0.700000
vt 0.100000 0.700000
vt 0.200000 0.700000
vt 0.300000 0.700000
vt 0.400000 0.700000
vt 0.500000 0.700000
vt 0.600000 0.700000
vt 0.700000 0.700000
vt 0.800000 0.700000
vt 0.900000 0.700000
vt 1.000000 0.700000
vt 0.000000 0.800000
vt 0.100000 0.800000
vt 0.200000 0.800000
vt 0.300000 0.800000
vt 0.400000 0.800000
vt 0.500000 0.800000
vt 0.600000 0.800000
vt 0.700000 0.800000
vt 0.800000 0.800000
vt 0.900000 0.800000
vt 1.000000 0.800000
vt 0.000000 0.900000
vt 0.100000 0.900000
vt 0.200000 0.900000
vt 0.300000 0.900000
vt 0.400000 0.900000
vt 0.500000 0.900000
vt 0.600000 0.900000
vt 0.700000 0.900000
vt 0.800000 0.900000
vt 0.900000 0.900000
vt 1.000000 0.900000
vt 0.000000 1.000000
vt 0.100000 1.000000
vt 0.200000 1.000000
vt 0.300000 1.000000
vt 0.400000 1.000000
vt 0.500000 1.000000
vt 0.600000 1.000000
vt 0.700000 1.000000
vt 0.800000 1.000000
vt 0.900000 1.000000
vt 1.000000 1.000000
vn 0.000000 1.000000 0.000000
vn 0.000000 1.000000 0.000000
vn 0.000000 1.000000 0.000000
vn 0.000000 1.000000 0.000000
vn 0.000000 1.000000 0.000000
vn 0.000000 1.000000 0.000000
vn 0.000000 1.000000 0.000000
vn 0.000000 1.000000 0.000000
vn 0.000000 1.000000 0.000000
vn 0.000000 1.000000 0.000000
vn 0.000000 1.000000 0.000000
vn 0.000000 1.000000 0.000000
vn 0.000000 1.000000 0.000000
vn 0.000000 1.000000 0.000000
vn 0.000000 1.000000 0.000000
vn 0.000000 1.000000 0.000000
vn 0.000000 1.000000 0.000000
vn 0.000000 1.000000 0.000000
vn 0.000000 1.000000 0.000000
vn 0.000000 1.000000 0.000000
vn 0.000000 1.000000 0.000000
vn 0.000000 1.000000 0.000000
vn 0.000000 1.000000 0.000000
vn 0.000000 1.000000 0.000000
vn 0.000000 1.000000 0.000000
vn 0.000000 1.000000 0.000000
vn 0.000000 1.000000 0.000000
vn 0.000000 1.000000 0.000000
vn 0.000000 1.000000 0.000000
vn 0.000000 1.000000 0.000000
vn 0.000000 1.000000 0.000000
vn 0.000000 1.000000 0.000000
vn 0.000000 1.000000 0.000000
vn 0.000000 1.000000 0.000000
vn 0.000000 1.000000 0.000000
vn 0.000000 1.000000 0.000000
vn 0.000000 1.000000 0.000000
vn 0.000000 1.000000 0.000000
vn 0.000000 1.000000 0.000000
vn 0.000000 1.000000 0.000000
vn 0.000000 1.000000 0.000000
vn 0.000000 1.000000 0.000000
vn 0.000000 1.000000 0.000000
vn 0.000000 1.000000 0.000000
vn 0.000000 1.000000 0.000000
vn 0.000000 1.000000 0.000000
vn 0.000000 1.000000 0.000000
vn 0.000000 1.000000 0.000000
vn 0.000000 1.000000 0.000000
vn 0.000000 1.000000 0.000000
vn 0.000000 1.000000 0.000000
vn 0.000000 1.000000 0.000000
vn 0.000000 1.000000 0.000000
vn 0.000000 1.000000 0.000000
vn 0.000000 1.000000 0.000000
vn 0.000000 1.000000 0.000000
vn 0.000000 1.000000 0.000000
vn 0.000000 1.000000 0.000000
vn 0.000000 1.000000 0.000000
vn 0.000000 1.000000 0.000000
vn 0.000000 1.000000 0.000000
vn 0.000000 1.000000 0.000000
vn 0.000000 1.000000 0.000000
vn 0.000000 1.000000 0.000000
vn 0.000000 1.000000 0.000000
vn 0.000000 1.000000 0.000000
vn 0.000000 1.000000 0.000000
vn 0.000000 1.000000 0.000000
vn 0.000000 1.000000 0.000000
vn 0.000000 1.000000 0.000000
vn 0.000000 1.000000 0.000000
vn 0.000000 1.000000 0.000000
vn 0.000000 1.000000 0.000000
vn 0.000000 1.000000 0.000000
vn 0.000000 1.000000 0.000000
vn 0.000000 1.000000 0.000000
vn 0.000000 1.000000 0.000000
vn 0.000000 1.000000 0.000000
vn 0.000000 1.000000 0.000000
vn 0.000000 1.000000 0.000000
vn 0.000000 1.000000 0.000000
vn 0.000000 1.000000 0.000000
vn 0.000000 1.000000 0.000000
vn 0.000000 1.000000 0.000000
vn 0.000000 1.000000 0.000000
vn 0.000000 1.000000 0.000000
vn 0.000000 1.000000 0.000000
vn 0.000000 1.000000 0.000000
vn 0.000000 1.000000 0.000000
vn 0.000000 1.000000 0.000000
vn 0.000000 1.000000 0.000000
vn 0.000000 1.000000 0.000000
vn 0.000000 1.000000 0.000000
vn 0.000000 1.000000 0.000000
vn 0.000000 1.000000 0.000000
vn 0.000000 1.000000 0.000000
vn 0.000000 1.000000 0.000000
vn 0.000000 1.000000 0.000000
vn 0.000000 1.000000 0.000000
vn 0.000000 1.000000 0.000000
vn 0.000000 1.000000 0.000000
vn 0.000000 1.000000 0.000000
vn 0.000000 1.000000 0.000000
vn 0.000000 1.000000 0.000000
vn 0.000000 1.000000 0.000000
vn 0.000000 1.000000 0.000000
vn 0.000000 1.000000 0.000000
vn 0.000000 1.000000 0.000000
vn 0.000000 1.000000 0.000000
vn 0.000000 1.000000 0.000000
vn 0.000000 1.000000 0.000000
vn 0.000000 1.000000 0.000000
vn 0.000000 1.000000 0.000000
vn 0.000000 1.000000 0.000000
vn 0.000000 1.000000 0.000000
vn 0.000000 1.000000 0.000000
vn 0.000000 1.000000 0.000000
vn 0.000000 1.000000 0.000000
vn 0.000000 1.000000 0.000000
vn 0.000000 1.000000 0.000000
vn 0.000000 1.000000 0.000000
s 1
g pPlane1
usemtl set1
f 1/1/1 2/2/2 13/13/3 12/12/4
f 2/2/2 3/3/5 14/14/6 13/13/3
f 3/3/5 4/4/7 15/15/8 14/14/6
f 4/4/7 5/5/9 16/16/10 15/15/8
f 5/5/9 6/6/11 17/17/12 16/16/10
f 6/6/11 7/7/13 18/18/14 17/17/12
f 7/7/13 8/8/15 19/19/16 18/18/14
f 8/8/15 9/9/17 20/20/18 19/19/16
f 9/9/17 10/10/19 21/21/20 20/20/18
f 10/10/19 11/11/21 22/22/22 21/21/20
f 12/12/4 13/13/3 24/24/23 23/23/24
f 13/13/3 14/14/6 25/25/25 24/24/23
f 14/14/6 15/15/8 26/26/26 25/25/25
f 15/15/8 16/16/10 27/27/27 26/26/26
f 16/16/10 17/17/12 28/28/28 27/27/27
f 17/17/12 18/18/14 29/29/29 28/28/28
f 18/18/14 19/19/16 30/30/30 29/29/29
f 19/19/16 20/20/18 31/31/31 30/30/30
f 20/20/18 21/21/20 32/32/32 31/31/31
f 21/21/20 22/22/22 33/33/33 32/32/32
f 23/23/24 24/24/23 35/35/34 34/34/35
f 24/24/23 25/25/25 36/36/36 35/35/34
f 25/25/25 26/26/26 37/37/37 36/36/36
f 26/26/26 27/27/27 38/38/38 37/37/37
f 27/27/27 28/28/28 39/39/39 38/38/38
f 28/28/28 29/29/29 40/40/40 39/39/39
f 29/29/29 30/30/30 41/41/41 40/40/40
f 30/30/30 31/31/31 42/42/42 41/41/41
f 31/31/31 32/32/32 43/43/43 42/42/42
f 32/32/32 33/33/33 44/44/44 43/43/43
f 34/34/35 35/35/34 46/46/45 45/45/46
f 35/35/34 36/36/36 47/47/47 46/46/45
f 36/36/36 37/37/37 48/48/48 47/47/47
f 37/37/37 38/38/38 49/49/49 48/48/48
f 38/38/38 39/39/39 50/50/50 49/49/49
f 39/39/39 40/40/40 51/51/51 50/50/50
f 40/40/40 41/41/41 52/52/52 51/51/51
f 41/41/41 42/42/42 53/53/53 52/52/52
f 42/42/42 43/43/43 54/54/54 53/53/53
f 43/43/43 44/44/44 55/55/55 54/54/54
f 45/45/46 46/46/45 57/57/56 56/56/57
f 46/46/45 47/47/47 58/58/58 57/57/56
f 47/47/47 48/48/48 59/59/59 58/58/58
f 48/48/48 49/49/49 60/60/60 59/59/59
f 49/49/49 50/50/50 61/61/61 60/60/60
f 50/50/50 51/51/51 62/62/62 61/61/61
f 51/51/51 52/52/52 63/63/63 62/62/62
f 52/52/52 53/53/53 64/64/64 63/63/63
f 53/53/53 54/54/54 65/65/65 64/64/64
f 54/54/54 55/55/55 66/66/66 65/65/65
f 56/56/57 57/57/56 68/68/67 67/67/68
f 57/57/56 58/58/58 69/69/69 68/68/67
f 58/58/58 59/59/59 70/70/70 69/69/69
f 59/59/59 60/60/60 71/71/71 70/70/70
f 60/60/60 61/61/61 72/72/72 71/71/71
f 61/61/61 62/62/62 73/73/73 72/72/72
f 62/62/62 63/63/63 74/74/74 73/73/73
f 63/63/63 64/64/64 75/75/75 74/74/74
f 64/64/64 65/65/65 76/76/76 75/75/75
f 65/65/65 66/66/66 77/77/77 76/76/76
f 67/67/68 68/68/67 79/79/78 78/78/79
f 68/68/67 69/69/69 80/80/80 79/79/78
f 69/69/69 70/70/70 81/81/81 80/80/80
f 70/70/70 71/71/71 82/82/82 81/81/81
f 71/71/71 72/72/72 83/83/83 82/82/82
f 72/72/72 73/73/73 84/84/84 83/83/83
f 73/73/73 74/74/74 85/85/85 84/84/84
f 74/74/74 75/75/75 86/86/86 85/85/85
f 75/75/75 76/76/76 87/87/87 86/86/86
f 76/76/76 77/77/77 88/88/88 87/87/87
f 78/78/79 79/79/78 90/90/89 89/89/90
f 79/79/78 80/80/80 91/91/91 90/90/89
f 80/80/80 81/81/81 92/92/92 91/91/91
f 81/81/81 82/82/82 93/93/93 92/92/92
f 82/82/82 83/83/83 94/94/94 93/93/93
f 83/83/83 84/84/84 95/95/95 94/94/94
f 84/84/84 85/85/85 96/96/96 95/95/95
f 85/85/85 86/86/86 97/97/97 96/96/96
f 86/86/86 87/87/87 98/98/98 97/97/97
f 87/87/87 88/88/88 99/99/99 98/98/98
f 89/89/90 90/90/89 101/101/100 100/100/101
f 90/90/89 91/91/91 102/102/102 101/101/100
f 91/91/91 92/92/92 103/103/103 102/102/102
f 92/92/92 93/93/93 104/104/104 103/103/103
f 93/93/93 94/94/94 105/105/105 104/104/104
f 94/94/94 95/95/95 106/106/106 105/105/105
f 95/95/95 96/96/96 107/107/107 106/106/106
f 96/96/96 97/97/97 108/108/108 107/107/107
f 97/97/97 98/98/98 109/109/109 108/108/108
f 98/98/98 99/99/99 110/110/110 109/109/109
f 100/100/101 101/101/100 112/112/111 111/111/112
f 101/101/100 102/102/102 113/113/113 112/112/111
f 102/102/102 103/103/103 114/114/114 113/113/113
f 103/103/103 104/104/104 115/115/115 114/114/114
f 104/104/104 105/105/105 116/116/116 115/115/115
f 105/105/105 106/106/106 117/117/117 116/116/116
f 106/106/106 107/107/107 118/118/118 117/117/117
f 107/107/107 108/108/108 119/119/119 118/118/118
f 108/108/108 109/109/109 120/120/120 119/119/119
f 109/109/109 110/110/110 121/121/121 120/120/120
g default
v -23.655580 0.071894 58.065605
v -23.060462 0.071894 58.065605
v -23.655580 14.099943 58.065605
v -23.060462 14.099943 58.065605
v -23.655580 14.099943 -58.065605
v -23.060462 14.099943 -58.065605
v -23.655580 0.071894 -58.065605
v -23.060462 0.071894 -58.065605
vt 0.001891 0.668528
vt 0.331371 0.668528
vt 0.331371 0.998008
vt 0.001891 0.998008
vt 0.338717 0.668528
vt 0.668197 0.668528
vt 0.668197 0.998008
vt 0.338717 0.998008
vt 0.338718 0.001992
vt 0.668198 0.001992
vt 0.668198 0.331472
vt 0.338718 0.331472
vt 0.282402 0.335258
vt 0.611882 0.335258
vt 0.611882 0.664738
vt 0.282402 0.664738
vt 0.001892 0.001993
vt 0.331372 0.001993
vt 0.331372 0.331473
vt 0.001892 0.331473
vt 0.617704 0.664734
vt 0.617704 0.335263
vt 0.947175 0.335263
vt 0.947175 0.664734
vn 0.000000 0.000000 1.000000
vn 0.000000 0.000000 1.000000
vn 0.000000 0.000000 1.000000
vn 0.000000 0.000000 1.000000
vn 0.000000 1.000000 0.000000
vn 0.000000 1.000000 0.000000
vn 0.000000 1.000000 0.000000
vn 0.000000 1.000000 0.000000
vn 0.000000 0.000000 -1.000000
vn 0.000000 0.000000 -1.000000
vn 0.000000 0.000000 -1.000000
vn 0.000000 0.000000 -1.000000
vn 0.000000 -1.000000 0.000000
vn 0.000000 -1.000000 0.000000
vn 0.000000 -1.000000 0.000000
vn 0.000000 -1.000000 0.000000
vn 1.000000 0.000000 0.000000
vn 1.000000 0.000000 0.000000
vn 1.000000 0.000000 0.000000
vn 1.000000 0.000000 0.000000
vn -1.000000 0.000000 0.000000
vn -1.000000 0.000000 0.000000
vn -1.000000 0.000000 0.000000
vn -1.000000 0.000000 0.000000
s off
g pCube1
usemtl set3
f 122/138/122 123/139/123 125/140/124 124/141/125
f 124/130/126 125/131/127 127/132/128 126/133/129
f 126/142/130 127/143/131 129/144/132 128/145/133
f 128/134/134 129/135/135 123/136/136 122/137/137
f 123/122/138 129/123/139 127/124/140 125/125/141
f 128/126/142 122/127/143 124/128/144 126/129/145
g default
v 23.845467 -0.437148 58.318257
v 24.440584 -0.437148 58.318257
v 23.845467 14.151264 58.318257
v 24.440584 14.151264 58.318257
v 23.845467 14.151264 -58.318257
v 24.440584 14.151264 -58.318257
v 23.845467 -0.437148 -58.318257
v 24.440584 -0.437148 -58.318257
vt 0.001891 0.668529
vt 0.331365 0.668529
vt 0.331365 0.998008
vt 0.001891 0.998008
vt 0.338718 0.668529
vt 0.668196 0.668529
vt 0.668196 0.998008
vt 0.338718 0.998008
vt 0.338718 0.331466
vt 0.338718 0.001992
vt 0.668192 0.001992
vt 0.668192 0.331466
vt 0.282394 0.335262
vt 0.611873 0.335262
vt 0.611873 0.664741
vt 0.282394 0.664741
vt 0.001893 0.001994
vt 0.331372 0.001994
vt 0.331372 0.331473
vt 0.001893 0.331473
vt 0.617695 0.664729
vt 0.617695 0.335255
vt 0.947170 0.335255
vt 0.947170 0.664729
vn 0.000000 0.000000 1.000000
vn 0.000000 0.000000 1.000000
vn 0.000000 0.000000 1.000000
vn 0.000000 0.000000 1.000000
vn 0.000000 1.000000 0.000000
vn 0.000000 1.000000 0.000000
vn 0.000000 1.000000 0.000000
vn 0.000000 1.000000 0.000000
vn 0.000000 0.000000 -1.000000
vn 0.000000 0.000000 -1.000000
vn 0.000000 0.000000 -1.000000
vn 0.000000 0.000000 -1.000000
vn 0.000000 -1.000000 0.000000
vn 0.000000 -1.000000 0.000000
vn 0.000000 -1.000000 0.000000
vn 0.000000 -1.000000 0.000000
vn 1.000000 0.000000 0.000000
vn 1.000000 0.000000 0.000000
vn 1.000000 0.000000 0.000000
vn 1.000000 0.000000 0.000000
vn -1.000000 0.000000 0.000000
vn -1.000000 0.000000 0.000000
vn -1.000000 0.000000 0.000000
vn -1.000000 0.000000 0.000000
s off
g pCube2
usemtl set3
f 130/162/146 131/163/147 133/164/148 132/165/149
f 132/154/150 133/155/151 135/156/152 134/157/153
f 134/166/154 135/167/155 137/168/156 136/169/157
f 136/158/158 137/159/159 131/160/160 130/161/161
f 131/146/162 137/147/163 135/148/164 133/149/165
f 136/150/166 130/151/167 132/152/168 134/153/169
g default
v -28.579935 0.071894 -0.283259
v -28.579015 0.071894 0.311857
v -28.579935 14.099943 -0.283259
v -28.579015 14.099943 0.311857
v -10.076507 14.099943 -0.311857
v -10.075587 14.099943 0.283259
v -10.076507 0.071894 -0.311857
v -10.075587 0.071894 0.283259
vt 0.001890 0.668528
vt 0.331370 0.668528
vt 0.331370 0.998008
vt 0.001890 0.998008
vt 0.338705 0.668528
vt 0.668185 0.668528
vt 0.668185 0.998008
vt 0.338705 0.998008
vt 0.338705 0.001992
vt 0.668185 0.001992
vt 0.668185 0.331472
vt 0.338705 0.331472
vt 0.282357 0.335260
vt 0.611837 0.335260
vt 0.611837 0.664740
vt 0.282357 0.664740
vt 0.001890 0.001992
vt 0.331370 0.001992
vt 0.331370 0.331472
vt 0.001890 0.331472
vt 0.617660 0.335260
vt 0.947140 0.335260
vt 0.947140 0.664740
vt 0.617660 0.664740
vn -0.999999 0.000000 0.001546
vn -0.999999 0.000000 0.001546
vn -0.999999 0.000000 0.001546
vn -0.999999 0.000000 0.001546
vn 0.000000 1.000000 0.000000
vn 0.000000 1.000000 0.000000
vn 0.000000 1.000000 0.000000
vn 0.000000 1.000000 0.000000
vn 0.999999 0.000000 -0.001546
vn 0.999999 0.000000 -0.001546
vn 0.999999 0.000000 -0.001546
vn 0.999999 0.000000 -0.001546
vn 0.000000 -1.000000 0.000000
vn 0.000000 -1.000000 0.000000
vn 0.000000 -1.000000 0.000000
vn 0.000000 -1.000000 0.000000
vn 0.001546 0.000000 0.999999
vn 0.001546 0.000000 0.999999
vn 0.001546 0.000000 0.999999
vn 0.001546 0.000000 0.999999
vn -0.001546 0.000000 -0.999999
vn -0.001546 0.000000 -0.999999
vn -0.001546 0.000000 -0.999999
vn -0.001546 0.000000 -0.999999
s off
g pCube3
usemtl set6
f 138/186/170 139/187/171 141/188/172 140/189/173
f 140/178/174 141/179/175 143/180/176 142/181/177
f 142/190/178 143/191/179 145/192/180 144/193/181
f 144/182/182 145/183/183 139/184/184 138/185/185
f 139/170/186 145/171/187 143/172/188 141/173/189
f 144/174/190 138/175/191 140/176/192 142/177/193
g default
v 10.899807 0.071894 -0.283259
v 10.900727 0.071894 0.311857
v 10.899807 14.099943 -0.283259
v 10.900727 14.099943 0.311857
v 29.403235 14.099943 -0.311857
v 29.404155 14.099943 0.283259
v 29.403235 0.071894 -0.311857
v 29.404155 0.071894 0.283259
vt 0.001890 0.668528
vt 0.331370 0.668528
vt 0.331370 0.998008
vt 0.001890 0.998008
vt 0.338705 0.668528
vt 0.668185 0.668528
vt 0.668185 0.998008
vt 0.338705 0.998008
vt 0.338705 0.001992
vt 0.668185 0.001992
vt 0.668185 0.331472
vt 0.338705 0.331472
vt 0.282357 0.335260
vt 0.611837 0.335260
vt 0.611837 0.664740
vt 0.282357 0.664740
vt 0.001890 0.001992
vt 0.331370 0.001992
vt 0.331370 0.331472
vt 0.001890 0.331472
vt 0.617660 0.335260
vt 0.947140 0.335260
vt 0.947140 0.664740
vt 0.617660 0.664740
vn -0.999999 0.000000 0.001546
vn -0.999999 0.000000 0.001546
vn -0.999999 0.000000 0.001546
vn -0.999999 0.000000 0.001546
vn 0.000000 1.000000 0.000000
vn 0.000000 1.000000 0.000000
vn 0.000000 1.000000 0.000000
vn 0.000000 1.000000 0.000000
vn 0.999999 0.000000 -0.001546
vn 0.999999 0.000000 -0.001546
vn 0.999999 0.000000 -0.001546
vn 0.999999 0.000000 -0.001546
vn 0.000000 -1.000000 0.000000
vn 0.000000 -1.000000 0.000000
vn 0.000000 -1.000000 0.000000
vn 0.000000 -1.000000 0.000000
vn 0.001546 0.000000 0.999999
vn 0.001546 0.000000 0.999999
vn 0.001546 0.000000 0.999999
vn 0.001546 0.000000 0.999999
vn -0.001546 0.000000 -0.999999
vn -0.001546 0.000000 -0.999999
vn -0.001546 0.000000 -0.999999
vn -0.001546 0.000000 -0.999999
s off
g pCube4
usemtl set6
f 146/210/194 147/211/195 149/212/196 148/213/197
f 148/202/198 149/203/199 151/204/200 150/205/201
f 150/214/202 151/215/203 153/216/204 152/217/205
f 152/206/206 153/207/207 147/208/208 146/209/209
f 147/194/210 153/195/211 151/196/212 149/197/213
f 152/198/214 146/199/215 148/200/216 150/201/217
g default
v 11.545504 0.054489 -22.864784
v 11.546426 0.054489 -22.268192
v 11.545504 14.117348 -22.864784
v 11.546426 14.117348 -22.268192
v 30.094845 14.117348 -22.893454
v 30.095766 14.117348 -22.296862
v 30.094845 0.054489 -22.893454
v 30.095766 0.054489 -22.296862
v 12.282667 0.054489 -58.335035
v 11.686095 0.054489 -58.340022
v 12.282667 14.117348 -58.335035
v 11.686095 14.117348 -58.340022
v 11.980923 14.117348 -22.243983
v 11.384350 14.117348 -22.248970
v 11.980923 0.054489 -22.243983
v 11.384350 0.054489 -22.248970
vt 0.664809 0.372788
vt 0.676611 0.372788
vt 0.676611 0.650988
vt 0.664809 0.650988
vt 0.658903 0.651006
vt 0.647100 0.651006
vt 0.647100 0.372806
vt 0.658903 0.372806
vt 0.050885 0.715966
vt 0.050885 0.001992
vt 0.329084 0.001992
vt 0.329084 0.715966
vt 0.336056 0.715966
vt 0.336056 0.001992
vt 0.614256 0.001992
vt 0.614256 0.715966
vt 0.633030 0.368964
vt 0.621228 0.368946
vt 0.621794 0.001992
vt 0.633597 0.002010
vt 0.639989 0.002010
vt 0.651791 0.001992
vt 0.652358 0.368946
vt 0.640556 0.368964
vt 0.019689 0.715966
vt 0.007887 0.716065
vt 0.001918 0.002091
vt 0.013719 0.001992
vt 0.038297 0.716065
vt 0.026495 0.715966
vt 0.032464 0.001992
vt 0.044266 0.002091
vt 0.658750 0.368946
vt 0.658750 0.001992
vt 0.936950 0.001992
vt 0.936950 0.368946
vt 0.960717 0.372788
vt 0.960717 0.739742
vt 0.682517 0.739742
vt 0.682517 0.372788
vt 0.641194 0.651006
vt 0.629393 0.651006
vt 0.629393 0.372807
vt 0.641194 0.372807
vt 0.623486 0.998008
vt 0.611685 0.998008
vt 0.611685 0.719808
vt 0.623486 0.719808
vn -0.999999 0.000000 0.001545
vn -0.999999 0.000000 0.001545
vn -0.999999 0.000000 0.001545
vn -0.999999 0.000000 0.001545
vn 0.000000 1.000000 0.000000
vn 0.000000 1.000000 0.000000
vn 0.000000 1.000000 0.000000
vn 0.000000 1.000000 0.000000
vn 0.999999 0.000000 -0.001545
vn 0.999999 0.000000 -0.001545
vn 0.999999 0.000000 -0.001545
vn 0.999999 0.000000 -0.001545
vn 0.000000 -1.000000 0.000000
vn 0.000000 -1.000000 0.000000
vn 0.000000 -1.000000 0.000000
vn 0.000000 -1.000000 0.000000
vn 0.001546 0.000000 0.999999
vn 0.001546 0.000000 0.999999
vn 0.001546 0.000000 0.999999
vn 0.001546 0.000000 0.999999
vn -0.001546 0.000000 -0.999999
vn -0.001546 0.000000 -0.999999
vn -0.001546 0.000000 -0.999999
vn -0.001546 0.000000 -0.999999
vn 0.008357 0.000000 -0.999965
vn 0.008357 0.000000 -0.999965
vn 0.008357 0.000000 -0.999965
vn 0.008357 0.000000 -0.999965
vn 0.000000 1.000000 0.000000
vn 0.000000 1.000000 0.000000
vn 0.000000 1.000000 0.000000
vn 0.000000 1.000000 0.000000
vn -0.008357 0.000000 0.999965
vn -0.008357 0.000000 0.999965
vn -0.008357 0.000000 0.999965
vn -0.008357 0.000000 0.999965
vn 0.000000 -1.000000 0.000000
vn 0.000000 -1.000000 0.000000
vn 0.000000 -1.000000 0.000000
vn 0.000000 -1.000000 0.000000
vn -0.999965 0.000000 -0.008360
vn -0.999965 0.000000 -0.008360
vn -0.999965 0.000000 -0.008360
vn -0.999965 0.000000 -0.008360
vn 0.999965 0.000000 0.008360
vn 0.999965 0.000000 0.008360
vn 0.999965 0.000000 0.008360
vn 0.999965 0.000000 0.008360
s off
g pCube7
usemtl set6
f 154/218/218 155/219/219 157/220/220 156/221/221
f 156/234/222 157/235/223 159/236/224 158/237/225
f 158/222/226 159/223/227 161/224/228 160/225/229
f 160/238/230 161/239/231 155/240/232 154/241/233
f 155/250/234 161/251/235 159/252/236 157/253/237
f 160/254/238 154/255/239 156/256/240 158/257/241
f 162/258/242 163/259/243 165/260/244 164/261/245
f 164/242/246 165/243/247 167/244/248 166/245/249
f 166/262/250 167/263/251 169/264/252 168/265/253
f 168/246/254 169/247/255 163/248/256 162/249/257
f 163/226/258 169/227/259 167/228/260 165/229/261
f 168/230/262 162/231/263 164/232/264 166/233/265
g default
v -26.227778 0.071894 -23.745217
v -26.226858 0.071894 -23.150100
v -26.227778 14.099943 -23.745217
v -26.226858 14.099943 -23.150100
v -7.724350 14.099943 -23.773815
v -7.723430 14.099943 -23.178698
v -7.724350 0.071894 -23.773815
v -7.723430 0.071894 -23.178698
vt 0.001890 0.668528
vt 0.331370 0.668528
vt 0.331370 0.998008
vt 0.001890 0.998008
vt 0.338705 0.668528
vt 0.668185 0.668528
vt 0.668185 0.998008
vt 0.338705 0.998008
vt 0.338705 0.001992
vt 0.668185 0.001992
vt 0.668185 0.331472
vt 0.338705 0.331472
vt 0.282357 0.335260
vt 0.611837 0.335260
vt 0.611837 0.664740
vt 0.282357 0.664740
vt 0.001890 0.001992
vt 0.331370 0.001992
vt 0.331370 0.331472
vt 0.001890 0.331472
vt 0.617660 0.335260
vt 0.947140 0.335260
vt 0.947140 0.664740
vt 0.617660 0.664740
vn -0.999999 0.000000 0.001546
vn -0.999999 0.000000 0.001546
vn -0.999999 0.000000 0.001546
vn -0.999999 0.000000 0.001546
vn 0.000000 1.000000 0.000000
vn 0.000000 1.000000 0.000000
vn 0.000000 1.000000 0.000000
vn 0.000000 1.000000 0.000000
vn 0.999999 0.000000 -0.001546
vn 0.999999 0.000000 -0.001546
vn 0.999999 0.000000 -0.001546
vn 0.999999 0.000000 -0.001546
vn 0.000000 -1.000000 0.000000
vn 0.000000 -1.000000 0.000000
vn 0.000000 -1.000000 0.000000
vn 0.000000 -1.000000 0.000000
vn 0.001546 0.000000 0.999999
vn 0.001546 0.000000 0.999999
vn 0.001546 0.000000 0.999999
vn 0.001546 0.000000 0.999999
vn -0.001546 0.000000 -0.999999
vn -0.001546 0.000000 -0.999999
vn -0.001546 0.000000 -0.999999
vn -0.001546 0.000000 -0.999999
s off
g pCube8
usemtl set6
f 170/282/266 171/283/267 173/284/268 172/285/269
f 172/274/270 173/275/271 175/276/272 174/277/273
f 174/286/274 175/287/275 177/288/276 176/289/277
f 176/278/278 177/279/279 171/280/280 170/281/281
f 171/266/282 177/267/283 175/268/284 173/269/285
f 176/270/286 170/271/287 172/272/288 174/273/289
g default
v -23.855192 0.071894 -44.269290
v -23.854272 0.071894 -43.674173
v -23.855192 14.099943 -44.269290
v -23.854272 14.099943 -43.674173
v -5.351764 14.099943 -44.297888
v -5.350844 14.099943 -43.702771
v -5.351764 0.071894 -44.297888
v -5.350844 0.071894 -43.702771
vt 0.001890 0.668528
vt 0.331370 0.668528
vt 0.331370 0.998008
vt 0.001890 0.998008
vt 0.338705 0.668528
vt 0.668185 0.668528
vt 0.668185 0.998008
vt 0.338705 0.998008
vt 0.338705 0.001992
vt 0.668185 0.001992
vt 0.668185 0.331472
vt 0.338705 0.331472
vt 0.282357 0.335260
vt 0.611837 0.335260
vt 0.611837 0.664740
vt 0.282357 0.664740
vt 0.001890 0.001992
vt 0.331370 0.001992
vt 0.331370 0.331472
vt 0.001890 0.331472
vt 0.617660 0.335260
vt 0.947140 0.335260
vt 0.947140 0.664740
vt 0.617660 0.664740
vn -0.999999 0.000000 0.001546
vn -0.999999 0.000000 0.001546
vn -0.999999 0.000000 0.001546
vn -0.999999 0.000000 0.001546
vn 0.000000 1.000000 0.000000
vn 0.000000 1.000000 0.000000
vn 0.000000 1.000000 0.000000
vn 0.000000 1.000000 0.000000
vn 0.999999 0.000000 -0.001546
vn 0.999999 0.000000 -0.001546
vn 0.999999 0.000000 -0.001546
vn 0.999999 0.000000 -0.001546
vn 0.000000 -1.000000 0.000000
vn 0.000000 -1.000000 0.000000
vn 0.000000 -1.000000 0.000000
vn 0.000000 -1.000000 0.000000
vn 0.001546 0.000000 0.999999
vn 0.001546 0.000000 0.999999
vn 0.001546 0.000000 0.999999
vn 0.001546 0.000000 0.999999
vn -0.001546 0.000000 -0.999999
vn -0.001546 0.000000 -0.999999
vn -0.001546 0.000000 -0.999999
vn -0.001546 0.000000 -0.999999
s off
g pCube9
usemtl set6
f 178/306/290 179/307/291 181/308/292 180/309/293
f 180/298/294 181/299/295 183/300/296 182/301/297
f 182/310/298 183/311/299 185/312/300 184/313/301
f 184/302/302 185/303/303 179/304/304 178/305/305
f 179/290/306 185/291/307 183/292/308 181/293/309
f 184/294/310 178/295/311 180/296/312 182/297/313
g default
v -23.786295 0.071894 -58.302075
v -23.785375 0.071894 -57.706958
v -23.786295 14.099943 -58.302075
v -23.785375 14.099943 -57.706958
v 24.551824 14.099943 -58.376784
v 24.552744 14.099943 -57.781667
v 24.551824 0.071894 -58.376784
v 24.552744 0.071894 -57.781667
vt 0.001891 0.668528
vt 0.331370 0.668528
vt 0.331370 0.998008
vt 0.001891 0.998008
vt 0.338707 0.668528
vt 0.668187 0.668528
vt 0.668187 0.998008
vt 0.338707 0.998008
vt 0.338707 0.331471
vt 0.338707 0.001993
vt 0.668185 0.001993
vt 0.668185 0.331471
vt 0.282364 0.335260
vt 0.611844 0.335260
vt 0.611844 0.664740
vt 0.282364 0.664740
vt 0.001891 0.001992
vt 0.331371 0.001992
vt 0.331371 0.331472
vt 0.001891 0.331472
vt 0.617666 0.664739
vt 0.617666 0.335261
vt 0.947145 0.335261
vt 0.947145 0.664739
vn -0.999999 0.000000 0.001546
vn -0.999999 0.000000 0.001546
vn -0.999999 0.000000 0.001546
vn -0.999999 0.000000 0.001546
vn 0.000000 1.000000 0.000000
vn 0.000000 1.000000 0.000000
vn 0.000000 1.000000 0.000000
vn 0.000000 1.000000 0.000000
vn 0.999999 0.000000 -0.001546
vn 0.999999 0.000000 -0.001546
vn 0.999999 0.000000 -0.001546
vn 0.999999 0.000000 -0.001546
vn 0.000000 -1.000000 0.000000
vn 0.000000 -1.000000 0.000000
vn 0.000000 -1.000000 0.000000
vn 0.000000 -1.000000 0.000000
vn 0.001546 0.000000 0.999999
vn 0.001546 0.000000 0.999999
vn 0.001546 0.000000 0.999999
vn 0.001546 0.000000 0.999999
vn -0.001546 0.000000 -0.999999
vn -0.001546 0.000000 -0.999999
vn -0.001546 0.000000 -0.999999
vn -0.001546 0.000000 -0.999999
s off
g pCube10
usemtl set3
f 186/330/314 187/331/315 189/332/316 188/333/317
f 188/322/318 189/323/319 191/324/320 190/325/321
f 190/334/322 191/335/323 193/336/324 192/337/325
f 192/326/326 193/327/327 187/328/328 186/329/329
f 187/314/330 193/315/331 191/316/332 189/317/333
f 192/318/334 186/319/335 188/320/336 190/321/337
g default
v -28.289760 0.071894 45.328686
v -28.286144 0.071894 47.667856
v -28.289760 14.099943 45.328686
v -28.286144 14.099943 47.667856
v -9.786332 14.099943 45.300088
v -9.782716 14.099943 47.639258
v -9.786332 0.071894 45.300088
v -9.782716 0.071894 47.639258
vt 0.001891 0.998008
vt 0.001891 0.668528
vt 0.331371 0.668528
vt 0.331371 0.998008
vt 0.338705 0.668528
vt 0.668185 0.668528
vt 0.668185 0.998008
vt 0.338705 0.998008
vt 0.338705 0.001992
vt 0.668185 0.001992
vt 0.668185 0.331472
vt 0.338705 0.331472
vt 0.282359 0.335261
vt 0.611838 0.335261
vt 0.611838 0.664740
vt 0.282359 0.664740
vt 0.001890 0.001992
vt 0.331370 0.001992
vt 0.331370 0.331472
vt 0.001890 0.331472
vt 0.617661 0.664739
vt 0.617661 0.335261
vt 0.947139 0.335261
vt 0.947139 0.664739
vn -0.999999 0.000000 0.001546
vn -0.999999 0.000000 0.001546
vn -0.999999 0.000000 0.001546
vn -0.999999 0.000000 0.001546
vn 0.000000 1.000000 0.000000
vn 0.000000 1.000000 0.000000
vn 0.000000 1.000000 0.000000
vn 0.000000 1.000000 0.000000
vn 0.999999 0.000000 -0.001546
vn 0.999999 0.000000 -0.001546
vn 0.999999 0.000000 -0.001546
vn 0.999999 0.000000 -0.001546
vn 0.000000 -1.000000 0.000000
vn 0.000000 -1.000000 0.000000
vn 0.000000 -1.000000 0.000000
vn 0.000000 -1.000000 0.000000
vn 0.001546 0.000000 0.999999
vn 0.001546 0.000000 0.999999
vn 0.001546 0.000000 0.999999
vn 0.001546 0.000000 0.999999
vn -0.001546 0.000000 -0.999999
vn -0.001546 0.000000 -0.999999
vn -0.001546 0.000000 -0.999999
vn -0.001546 0.000000 -0.999999
s off
g pCube11
usemtl set2
f 194/354/338 195/355/339 197/356/340 196/357/341
f 196/346/342 197/347/343 199/348/344 198/349/345
f 198/358/346 199/359/347 201/360/348 200/361/349
f 200/350/350 201/351/351 195/352/352 194/353/353
f 195/338/354 201/339/355 199/340/356 197/341/357
f 200/342/358 194/343/359 196/344/360 198/345/361
g default
v 16.799072 0.071894 32.059620
v 14.460806 0.071894 32.124750
v 16.799072 14.099943 32.059620
v 14.460806 14.099943 32.124750
v 17.564196 14.099943 59.528379
v 15.225931 14.099943 59.593510
v 17.564196 0.071894 59.528379
v 15.225931 0.071894 59.593510
vt 0.001890 0.668528
vt 0.331369 0.668528
vt 0.331369 0.998008
vt 0.001890 0.998008
vt 0.338706 0.668528
vt 0.668186 0.668528
vt 0.668186 0.998008
vt 0.338706 0.998008
vt 0.338706 0.331471
vt 0.338706 0.001992
vt 0.668184 0.001992
vt 0.668184 0.331471
vt 0.282359 0.335261
vt 0.611839 0.335261
vt 0.611839 0.664741
vt 0.282359 0.664741
vt 0.001891 0.001992
vt 0.331371 0.001992
vt 0.331371 0.331472
vt 0.001891 0.331472
vt 0.617661 0.664738
vt 0.617661 0.335259
vt 0.947140 0.335259
vt 0.947140 0.664738
vn -0.027844 0.000000 -0.999612
vn -0.027844 0.000000 -0.999612
vn -0.027844 0.000000 -0.999612
vn -0.027844 0.000000 -0.999612
vn -0.000000 1.000000 0.000000
vn -0.000000 1.000000 0.000000
vn -0.000000 1.000000 0.000000
vn -0.000000 1.000000 0.000000
vn 0.027844 0.000000 0.999612
vn 0.027844 0.000000 0.999612
vn 0.027844 0.000000 0.999612
vn 0.027844 0.000000 0.999612
vn 0.000000 -1.000000 0.000000
vn 0.000000 -1.000000 0.000000
vn 0.000000 -1.000000 0.000000
vn 0.000000 -1.000000 0.000000
vn -0.999612 0.000000 0.027844
vn -0.999612 0.000000 0.027844
vn -0.999612 0.000000 0.027844
vn -0.999612 0.000000 0.027844
vn 0.999612 0.000000 -0.027844
vn 0.999612 0.000000 -0.027844
vn 0.999612 0.000000 -0.027844
vn 0.999612 0.000000 -0.027844
s off
g pCube12
usemtl set2
f 202/378/362 203/379/363 205/380/364 204/381/365
f 204/370/366 205/371/367 207/372/368 206/373/369
f 206/382/370 207/383/371 209/384/372 208/385/373
f 208/374/374 209/375/375 203/376/376 202/377/377
f 203/362/378 209/363/379 207/364/380 205/365/381
f 208/366/382 202/367/383 204/368/384 206/369/385
g default
v -24.711082 14.263436 63.348070
v -19.768865 14.263436 63.348070
v -14.826653 14.263436 63.348070
v -9.884433 14.263436 63.348070
v -4.942216 14.263436 63.348070
v 0.000000 14.263436 63.348070
v 4.942218 14.263436 63.348070
v 9.884433 14.263436 63.348070
v 14.826653 14.263436 63.348070
v 19.768871 14.263436 63.348070
v 24.711082 14.263436 63.348070
v -24.711082 14.263436 50.678451
v -19.768865 14.263436 50.678451
v -14.826653 14.263436 50.678451
v -9.884433 14.263436 50.678451
v -4.689007 14.262927 50.029361
v -0.253210 14.262927 50.029361
v 4.942218 14.263436 50.678451
v 9.884433 14.263436 50.678451
v 14.826653 14.263436 50.678451
v 19.768871 14.263436 50.678451
v 24.711082 14.263436 50.678451
v -24.711082 14.263436 38.008862
v -19.768865 14.263436 38.008862
v -14.826653 14.263436 38.008862
v -9.884433 14.263436 38.008862
v -4.689007 14.262927 38.657978
v -0.253210 14.262927 38.657978
v 4.942218 14.263436 38.008862
v 9.884433 14.263436 38.008862
v 14.826653 14.263436 38.008862
v 19.768871 14.263436 38.008862
v 24.711082 14.263436 38.008862
v -24.711082 14.263436 25.339224
v -19.768865 14.263436 25.339224
v -14.826653 14.263436 25.339224
v -9.884433 14.263436 25.339224
v -4.942216 14.263436 25.339224
v 0.000000 14.263436 25.339224
v 4.942218 14.263436 25.339224
v 9.884433 14.263436 25.339224
v 14.826653 14.263436 25.339224
v 19.768871 14.263436 25.339224
v 24.711082 14.263436 25.339224
v -24.711082 14.263436 12.669612
v -19.768865 14.263436 12.669612
v -14.826653 14.263436 12.669612
v -9.884433 14.263436 12.669612
v -4.942216 14.263436 12.669612
v 0.000000 14.263436 12.669612
v 4.942218 14.263436 12.669612
v 9.884433 14.263436 12.669612
v 14.826653 14.263436 12.669612
v 19.768871 14.263436 12.669612
v 24.711082 14.263436 12.669612
v -24.711082 14.263436 0.000000
v -19.768865 14.263436 0.000000
v -14.826653 14.263436 0.000000
v -9.884433 14.263436 0.000000
v -4.942216 14.263436 0.000000
v 0.000000 14.263436 0.000000
v 4.942218 14.263436 0.000000
v 9.884433 14.263436 0.000000
v 14.826653 14.263436 0.000000
v 19.768871 14.263436 0.000000
v 24.711082 14.263436 0.000000
v -24.711082 14.263436 -12.669616
v -19.768865 14.263436 -12.669616
v -14.826653 14.263436 -12.669616
v -9.884433 14.263436 -12.669616
v -4.942216 14.263436 -12.669616
v 0.000000 14.263436 -12.669616
v 4.942218 14.263436 -12.669616
v 9.884433 14.263436 -12.669616
v 14.826653 14.263436 -12.669616
v 19.768871 14.263436 -12.669616
v 24.711082 14.263436 -12.669616
v -24.711082 14.263436 -25.339224
v -19.768865 14.263436 -25.339224
v -14.826653 14.263436 -25.339224
v -9.884433 14.263436 -25.339224
v -4.942216 14.263436 -25.339224
v 0.000000 14.263436 -25.339224
v 4.942218 14.263436 -25.339224
v 9.884433 14.263436 -25.339224
v 14.826653 14.263436 -25.339224
v 19.768871 14.263436 -25.339224
v 24.711082 14.263436 -25.339224
v -24.711082 14.263436 -38.008862
v -19.768865 14.263436 -38.008862
v -14.826653 14.263436 -38.008862
v -9.884433 14.263436 -38.008862
v -4.942216 14.263436 -38.008862
v 0.000000 14.263436 -38.008862
v 4.942218 14.263436 -38.008862
v 9.884433 14.263436 -38.008862
v 14.826653 14.263436 -38.008862
v 19.768871 14.263436 -38.008862
v 24.711082 14.263436 -38.008862
v -24.711082 14.263436 -50.678455
v -19.768865 14.263436 -50.678455
v -14.826653 14.263436 -50.678455
v -9.884433 14.263436 -50.678455
v -4.942216 14.263436 -50.678455
v 0.000000 14.263436 -50.678455
v 4.942218 14.263436 -50.678455
v 9.884433 14.263436 -50.678455
v 14.826653 14.263436 -50.678455
v 19.768871 14.263436 -50.678455
v 24.711082 14.263436 -50.678455
v -24.711082 14.263436 -63.348070
v -19.768865 14.263436 -63.348070
v -14.826653 14.263436 -63.348070
v -9.884433 14.263436 -63.348070
v -4.942216 14.263436 -63.348070
v 0.000000 14.263436 -63.348070
v 4.942218 14.263436 -63.348070
v 9.884433 14.263436 -63.348070
v 14.826653 14.263436 -63.348070
v 19.768871 14.263436 -63.348070
v 24.711082 14.263436 -63.348070
v -4.197933 14.262927 48.770469
v -0.744284 14.262927 48.770469
v -0.744284 14.262927 39.916870
v -4.197933 14.262927 39.916870
v 5.075069 14.263436 -1.702855
v 9.751581 14.263436 -1.702855
v 9.751581 14.263436 -13.691328
v 5.075069 14.263436 -13.691328
v 5.075069 14.263436 -25.679806
v 9.751581 14.263436 -25.679806
v 9.751581 14.263436 -37.668292
v 5.075069 14.263436 -37.668292
v 5.075069 14.263436 -49.656765
v 9.751581 14.263436 -49.656765
v 9.751581 14.263436 -61.645238
v 5.075069 14.263436 -61.645238
v 6.113173 14.263436 -1.702855
v 8.713477 14.263436 -1.702855
v 8.713477 14.263436 -13.691328
v 6.113173 14.263436 -13.691328
v 6.113173 14.263436 -25.679806
v 8.713477 14.263436 -25.679806
v 8.713477 14.263436 -37.668292
v 6.113173 14.263436 -37.668292
v 6.113173 14.263436 -49.656765
v 8.713477 14.263436 -49.656765
v 8.713477 14.263436 -61.645238
v 6.113173 14.263436 -61.645238
v -18.847202 14.263436 10.306885
v -15.748314 14.263436 10.306885
v -15.748314 14.263436 2.362729
v -18.847202 14.263436 2.362729
v -14.079763 14.263436 -52.593142
v -10.631322 14.263436 -52.593142
v -10.631322 14.263436 -61.433387
v -14.079763 14.263436 -61.433387
v -18.657482 14.263436 -28.188322
v -15.938033 14.263436 -28.188322
v -15.938033 14.263436 -35.159771
v -18.657482 14.263436 -35.159771
v -13.945390 14.263436 -2.259156
v -10.765693 14.263436 -2.259156
v -10.765693 14.263436 -10.410460
v -13.945390 14.263436 -10.410460
v -18.898502 14.263436 61.116850
v -15.697016 14.263436 61.116850
v -15.697016 14.263436 52.909675
v -18.898502 14.263436 52.909675
vt 0.000000 0.000000
vt 0.100000 0.000000
vt 0.200000 0.000000
vt 0.300000 0.000000
vt 0.400000 0.000000
vt 0.500000 0.000000
vt 0.600000 0.000000
vt 0.700000 0.000000
vt 0.800000 0.000000
vt 0.900000 0.000000
vt 1.000000 0.000000
vt 0.000000 0.100000
vt 0.100000 0.100000
vt 0.200000 0.100000
vt 0.300000 0.100000
vt 0.400000 0.100000
vt 0.500000 0.100000
vt 0.600000 0.100000
vt 0.700000 0.100000
vt 0.800000 0.100000
vt 0.900000 0.100000
vt 1.000000 0.100000
vt 0.000000 0.200000
vt 0.100000 0.200000
vt 0.200000 0.200000
vt 0.300000 0.200000
vt 0.400000 0.200000
vt 0.500000 0.200000
vt 0.600000 0.200000
vt 0.700000 0.200000
vt 0.800000 0.200000
vt 0.900000 0.200000
vt 1.000000 0.200000
vt 0.000000 0.300000
vt 0.100000 0.300000
vt 0.200000 0.300000
vt 0.300000 0.300000
vt 0.400000 0.300000
vt 0.500000 0.300000
vt 0.600000 0.300000
vt 0.700000 0.300000
vt 0.800000 0.300000
vt 0.900000 0.300000
vt 1.000000 0.300000
vt 0.000000 0.400000
vt 0.100000 0.400000
vt 0.200000 0.400000
vt 0.300000 0.400000
vt 0.400000 0.400000
vt 0.500000 0.400000
vt 0.600000 0.400000
vt 0.700000 0.400000
vt 0.800000 0.400000
vt 0.900000 0.400000
vt 1.000000 0.400000
vt 0.000000 0.500000
vt 0.100000 0.500000
vt 0.200000 0.500000
vt 0.300000 0.500000
vt 0.400000 0.500000
vt 0.500000 0.500000
vt 0.600000 0.500000
vt 0.700000 0.500000
vt 0.800000 0.500000
vt 0.900000 0.500000
vt 1.000000 0.500000
vt 0.000000 0.600000
vt 0.100000 0.600000
vt 0.200000 0.600000
vt 0.300000 0.600000
vt 0.400000 0.600000
vt 0.500000 0.600000
vt 0.600000 0.600000
vt 0.700000 0.600000
vt 0.800000 0.600000
vt 0.900000 0.600000
vt 1.000000 0.600000
vt 0.000000 0.700000
vt 0.100000 0.700000
vt 0.200000 0.700000
vt 0.300000 0.700000
vt 0.400000 0.700000
vt 0.500000 0.700000
vt 0.600000 0.700000
vt 0.700000 0.700000
vt 0.800000 0.700000
vt 0.900000 0.700000
vt 1.000000 0.700000
vt 0.000000 0.800000
vt 0.100000 0.800000
vt 0.200000 0.800000
vt 0.300000 0.800000
vt 0.400000 0.800000
vt 0.500000 0.800000
vt 0.600000 0.800000
vt 0.700000 0.800000
vt 0.800000 0.800000
vt 0.900000 0.800000
vt 1.000000 0.800000
vt 0.000000 0.900000
vt 0.100000 0.900000
vt 0.200000 0.900000
vt 0.300000 0.900000
vt 0.400000 0.900000
vt 0.500000 0.900000
vt 0.600000 0.900000
vt 0.700000 0.900000
vt 0.800000 0.900000
vt 0.900000 0.900000
vt 1.000000 0.900000
vt 0.000000 1.000000
vt 0.100000 1.000000
vt 0.200000 1.000000
vt 0.300000 1.000000
vt 0.400000 1.000000
vt 0.500000 1.000000
vt 0.600000 1.000000
vt 0.700000 1.000000
vt 0.800000 1.000000
vt 0.900000 1.000000
vt 1.000000 1.000000
vt 0.400000 0.100000
vt 0.500000 0.100000
vt 0.500000 0.200000
vt 0.400000 0.200000
vt 0.600000 0.500000
vt 0.700000 0.500000
vt 0.700000 0.600000
vt 0.600000 0.600000
vt 0.600000 0.700000
vt 0.700000 0.700000
vt 0.700000 0.800000
vt 0.600000 0.800000
vt 0.600000 0.900000
vt 0.700000 0.900000
vt 0.700000 1.000000
vt 0.600000 1.000000
vt 0.600000 0.500000
vt 0.700000 0.500000
vt 0.700000 0.600000
vt 0.600000 0.600000
vt 0.600000 0.700000
vt 0.700000 0.700000
vt 0.700000 0.800000
vt 0.600000 0.800000
vt 0.600000 0.900000
vt 0.700000 0.900000
vt 0.700000 1.000000
vt 0.600000 1.000000
vt 0.100000 0.400000
vt 0.200000 0.400000
vt 0.200000 0.500000
vt 0.100000 0.500000
vt 0.200000 0.900000
vt 0.300000 0.900000
vt 0.300000 1.000000
vt 0.200000 1.000000
vt 0.100000 0.700000
vt 0.200000 0.700000
vt 0.200000 0.800000
vt 0.100000 0.800000
vt 0.200000 0.500000
vt 0.300000 0.500000
vt 0.300000 0.600000
vt 0.200000 0.600000
vt 0.100000 0.000000
vt 0.200000 0.000000
vt 0.200000 0.100000
vt 0.100000 0.100000
vn 0.000000 1.000000 0.000000
vn 0.000000 1.000000 0.000000
vn 0.000000 1.000000 0.000000
vn 0.000000 1.000000 0.000000
vn 0.000000 1.000000 0.000000
vn 0.000000 1.000000 0.000000
vn 0.000000 1.000000 0.000000
vn 0.000000 1.000000 0.000000
vn 0.000000 1.000000 0.000000
vn 0.000025 1.000000 -0.000010
vn 0.000036 1.000000 -0.000005
vn 0.000000 1.000000 0.000000
vn 0.000026 1.000000 -0.000028
vn 0.000049 1.000000 -0.000019
vn -0.000026 1.000000 -0.000028
vn -0.000049 1.000000 -0.000019
vn -0.000025 1.000000 -0.000010
vn -0.000036 1.000000 -0.000005
vn 0.000000 1.000000 0.000000
vn 0.000000 1.000000 0.000000
vn 0.000000 1.000000 0.000000
vn 0.000000 1.000000 0.000000
vn 0.000000 1.000000 0.000000
vn 0.000000 1.000000 0.000000
vn 0.000000 1.000000 0.000000
vn 0.000000 1.000000 0.000000
vn 0.000000 1.000000 0.000000
vn 0.000000 1.000000 0.000000
vn 0.000000 1.000000 0.000000
vn 0.000036 1.000000 0.000005
vn 0.000049 1.000000 0.000019
vn 0.000000 1.000000 0.000000
vn 0.000000 1.000000 0.000000
vn 0.000000 1.000000 0.000000
vn 0.000000 1.000000 0.000000
vn -0.000036 1.000000 0.000005
vn -0.000049 1.000000 0.000019
vn 0.000000 1.000000 0.000000
vn 0.000000 1.000000 0.000000
vn 0.000000 1.000000 0.000000
vn 0.000000 1.000000 0.000000
vn 0.000000 1.000000 0.000000
vn 0.000000 1.000000 0.000000
vn 0.000000 1.000000 0.000000
vn 0.000013 1.000000 0.000005
vn 0.000013 1.000000 0.000014
vn -0.000013 1.000000 0.000014
vn -0.000013 1.000000 0.000005
vn 0.000000 1.000000 0.000000
vn 0.000000 1.000000 0.000000
vn 0.000000 1.000000 0.000000
vn 0.000000 1.000000 0.000000
vn 0.000000 1.000000 0.000000
vn 0.000000 1.000000 0.000000
vn 0.000000 1.000000 0.000000
vn 0.000000 1.000000 0.000000
vn 0.000000 1.000000 0.000000
vn 0.000000 1.000000 0.000000
vn 0.000000 1.000000 0.000000
vn 0.000000 1.000000 0.000000
vn 0.000000 1.000000 0.000000
vn 0.000000 1.000000 0.000000
vn 0.000000 1.000000 0.000000
vn 0.000000 1.000000 0.000000
vn 0.000000 1.000000 0.000000
vn 0.000000 1.000000 0.000000
vn 0.000000 1.000000 0.000000
vn 0.000000 1.000000 0.000000
vn 0.000000 1.000000 0.000000
vn 0.000000 1.000000 0.000000
vn 0.000000 1.000000 0.000000
vn 0.000000 1.000000 0.000000
vn 0.000000 1.000000 0.000000
vn 0.000000 1.000000 0.000000
vn 0.000000 1.000000 0.000000
vn 0.000000 1.000000 0.000000
vn 0.000000 1.000000 0.000000
vn 0.000000 1.000000 0.000000
vn 0.000000 1.000000 0.000000
vn 0.000000 1.000000 0.000000
vn 0.000000 1.000000 0.000000
vn 0.000000 1.000000 0.000000
vn 0.000000 1.000000 0.000000
vn 0.000000 1.000000 0.000000
vn 0.000000 1.000000 0.000000
vn 0.000000 1.000000 0.000000
vn 0.000000 1.000000 0.000000
vn 0.000000 1.000000 0.000000
vn 0.000000 1.000000 0.000000
vn 0.000000 1.000000 0.000000
vn 0.000000 1.000000 0.000000
vn 0.000000 1.000000 0.000000
vn 0.000000 1.000000 0.000000
vn 0.000000 1.000000 0.000000
vn 0.000000 1.000000 0.000000
vn 0.000000 1.000000 0.000000
vn 0.000000 1.000000 0.000000
vn 0.000000 1.000000 0.000000
vn 0.000000 1.000000 0.000000
vn 0.000000 1.000000 0.000000
vn 0.000000 1.000000 0.000000
vn 0.000000 1.000000 0.000000
vn 0.000000 1.000000 0.000000
vn 0.000000 1.000000 0.000000
vn 0.000000 1.000000 0.000000
vn 0.000000 1.000000 0.000000
vn 0.000000 1.000000 0.000000
vn 0.000000 1.000000 0.000000
vn 0.000000 1.000000 0.000000
vn 0.000000 1.000000 0.000000
vn 0.000000 1.000000 0.000000
vn 0.000000 1.000000 0.000000
vn 0.000000 1.000000 0.000000
vn 0.000000 1.000000 0.000000
vn 0.000000 1.000000 0.000000
vn 0.000000 1.000000 0.000000
vn 0.000000 1.000000 0.000000
vn 0.000000 1.000000 0.000000
vn 0.000000 1.000000 0.000000
vn 0.000000 1.000000 0.000000
vn 0.000000 1.000000 0.000000
vn 0.000000 1.000000 0.000000
vn 0.000000 1.000000 0.000000
vn 0.000000 1.000000 0.000000
vn 0.000000 1.000000 0.000000
vn 0.000000 1.000000 0.000000
vn 0.000000 1.000000 0.000000
vn 0.000000 1.000000 0.000000
vn 0.000000 1.000000 0.000000
vn 0.000000 1.000000 0.000000
vn 0.000000 1.000000 0.000000
vn 0.000000 1.000000 0.000000
vn 0.000000 1.000000 0.000000
vn 0.000000 1.000000 0.000000
vn 0.000000 1.000000 0.000000
vn 0.000000 1.000000 0.000000
vn 0.000000 1.000000 0.000000
vn 0.000000 1.000000 0.000000
vn 0.000000 1.000000 0.000000
vn 0.000000 1.000000 0.000000
vn 0.000000 1.000000 0.000000
vn 0.000000 1.000000 0.000000
vn 0.000000 1.000000 0.000000
vn 0.000000 1.000000 0.000000
vn 0.000000 1.000000 0.000000
vn 0.000000 1.000000 0.000000
vn 0.000000 1.000000 0.000000
vn 0.000000 1.000000 0.000000
vn 0.000000 1.000000 0.000000
vn 0.000000 1.000000 0.000000
vn 0.000000 1.000000 0.000000
vn 0.000000 1.000000 0.000000
vn 0.000000 1.000000 0.000000
vn 0.000000 1.000000 0.000000
vn 0.000000 1.000000 0.000000
vn 0.000000 1.000000 0.000000
vn 0.000000 1.000000 0.000000
vn 0.000000 1.000000 0.000000
vn 0.000000 1.000000 -0.000000
vn 0.000000 1.000000 -0.000000
vn 0.000000 1.000000 -0.000000
vn 0.000000 1.000000 -0.000000
vn 0.000000 1.000000 0.000000
vn 0.000000 1.000000 0.000000
vn 0.000000 1.000000 0.000000
vn 0.000000 1.000000 0.000000
vn 0.000000 1.000000 0.000000
vn 0.000000 1.000000 0.000000
vn 0.000000 1.000000 0.000000
vn 0.000000 1.000000 0.000000
vn 0.000000 1.000000 0.000000
vn 0.000000 1.000000 0.000000
vn 0.000000 1.000000 0.000000
vn 0.000000 1.000000 0.000000
vn 0.000000 1.000000 0.000000
vn 0.000000 1.000000 0.000000
vn 0.000000 1.000000 0.000000
vn 0.000000 1.000000 0.000000
vn 0.000000 1.000000 0.000000
vn 0.000000 1.000000 0.000000
vn 0.000000 1.000000 0.000000
vn 0.000000 1.000000 0.000000
vn 0.000000 -1.000000 0.000000
vn 0.000000 -1.000000 0.000000
vn 0.000000 -1.000000 0.000000
vn 0.000000 -1.000000 0.000000
vn 0.000000 1.000000 0.000000
vn 0.000000 1.000000 0.000000
vn 0.000000 1.000000 0.000000
vn 0.000000 1.000000 0.000000
vn 0.000000 1.000000 0.000000
vn 0.000000 1.000000 0.000000
vn 0.000000 1.000000 0.000000
vn 0.000000 1.000000 0.000000
vn 0.000000 1.000000 0.000000
vn 0.000000 1.000000 0.000000
vn 0.000000 1.000000 0.000000
vn 0.000000 1.000000 0.000000
vn 0.000000 1.000000 0.000000
vn 0.000000 1.000000 0.000000
vn 0.000000 1.000000 0.000000
vn 0.000000 1.000000 0.000000
vn 0.000000 1.000000 0.000000
vn 0.000000 1.000000 0.000000
vn 0.000000 1.000000 0.000000
vn 0.000000 1.000000 0.000000
vn 0.000000 -1.000000 0.000000
vn 0.000000 -1.000000 0.000000
vn 0.000000 -1.000000 0.000000
vn 0.000000 -1.000000 0.000000
vn 0.000000 1.000000 0.000000
vn 0.000000 1.000000 0.000000
vn 0.000000 1.000000 0.000000
vn 0.000000 1.000000 0.000000
vn 0.000000 1.000000 0.000000
vn 0.000000 1.000000 0.000000
vn 0.000000 1.000000 0.000000
vn 0.000000 1.000000 0.000000
vn 0.000000 1.000000 0.000000
vn 0.000000 1.000000 0.000000
vn 0.000000 1.000000 0.000000
vn 0.000000 1.000000 0.000000
vn 0.000000 0.000000 0.000000
vn 0.000000 0.000000 0.000000
vn 0.000000 0.000000 0.000000
vn 0.000000 0.000000 0.000000
vn 0.000000 1.000000 0.000000
vn 0.000000 1.000000 0.000000
vn 0.000000 1.000000 0.000000
vn 0.000000 1.000000 0.000000
vn 0.000000 0.000000 0.000000
vn 0.000000 0.000000 0.000000
vn 0.000000 0.000000 0.000000
vn 0.000000 0.000000 0.000000
vn 0.000000 1.000000 0.000000
vn 0.000000 1.000000 0.000000
vn 0.000000 1.000000 0.000000
vn 0.000000 1.000000 0.000000
vn 0.000000 0.000000 0.000000
vn 0.000000 0.000000 0.000000
vn 0.000000 0.000000 0.000000
vn 0.000000 0.000000 0.000000
vn 0.000000 1.000000 0.000000
vn 0.000000 1.000000 0.000000
vn 0.000000 1.000000 0.000000
vn 0.000000 1.000000 0.000000
vn 0.000000 0.000000 0.000000
vn 0.000000 0.000000 0.000000
vn 0.000000 0.000000 0.000000
vn 0.000000 0.000000 0.000000
vn 0.000000 1.000000 0.000000
vn 0.000000 1.000000 0.000000
vn 0.000000 1.000000 0.000000
vn 0.000000 1.000000 0.000000
vn 0.000000 0.000000 0.000000
vn 0.000000 0.000000 0.000000
vn 0.000000 0.000000 0.000000
vn 0.000000 0.000000 0.000000
vn 0.000000 1.000000 0.000000
vn 0.000000 1.000000 0.000000
vn 0.000000 1.000000 0.000000
vn 0.000000 1.000000 0.000000
vn 0.000000 0.000000 0.000000
vn 0.000000 0.000000 0.000000
vn 0.000000 0.000000 0.000000
vn 0.000000 0.000000 0.000000
vn 0.000000 1.000000 0.000000
vn 0.000000 1.000000 0.000000
vn 0.000000 1.000000 0.000000
vn 0.000000 1.000000 0.000000
vn 0.000000 1.000000 0.000000
vn 0.000000 1.000000 0.000000
vn 0.000000 1.000000 0.000000
vn 0.000000 1.000000 0.000000
vn 0.000000 1.000000 0.000000
vn 0.000000 1.000000 0.000000
vn 0.000000 1.000000 0.000000
vn 0.000000 1.000000 0.000000
vn 0.000000 1.000000 0.000000
vn 0.000000 1.000000 0.000000
vn 0.000000 1.000000 0.000000
vn 0.000000 1.000000 0.000000
vn 0.000000 1.000000 0.000000
vn 0.000000 1.000000 0.000000
vn 0.000000 1.000000 0.000000
vn 0.000000 1.000000 0.000000
vn 0.000000 1.000000 0.000000
vn 0.000000 1.000000 0.000000
vn 0.000000 1.000000 0.000000
vn 0.000000 1.000000 0.000000
vn 0.000000 1.000000 0.000000
vn 0.000000 1.000000 0.000000
vn 0.000000 1.000000 0.000000
vn 0.000000 1.000000 0.000000
vn 0.000000 1.000000 0.000000
vn 0.000000 1.000000 0.000000
vn 0.000000 1.000000 0.000000
vn 0.000000 1.000000 0.000000
vn 0.000000 1.000000 0.000000
vn 0.000000 1.000000 0.000000
vn 0.000000 1.000000 0.000000
vn 0.000000 1.000000 0.000000
vn 0.000000 1.000000 0.000000
vn 0.000000 1.000000 0.000000
vn 0.000000 1.000000 0.000000
vn 0.000000 1.000000 0.000000
vn 0.000000 1.000000 0.000000
vn 0.000000 1.000000 0.000000
vn 0.000000 1.000000 0.000000
vn 0.000000 1.000000 0.000000
vn 0.000000 1.000000 0.000000
vn 0.000000 1.000000 0.000000
vn 0.000000 1.000000 0.000000
vn 0.000000 1.000000 0.000000
vn 0.000000 1.000000 0.000000
vn 0.000000 1.000000 0.000000
vn 0.000000 1.000000 0.000000
vn 0.000000 1.000000 0.000000
vn 0.000000 1.000000 0.000000
vn 0.000000 1.000000 0.000000
vn 0.000000 1.000000 0.000000
vn 0.000000 1.000000 0.000000
vn 0.000000 1.000000 0.000000
vn 0.000000 1.000000 0.000000
vn 0.000000 1.000000 0.000000
vn 0.000000 1.000000 0.000000
vn 0.000000 1.000000 0.000000
vn 0.000000 1.000000 0.000000
vn 0.000000 1.000000 0.000000
vn 0.000000 1.000000 0.000000
vn 0.000000 1.000000 0.000000
vn 0.000000 1.000000 0.000000
vn 0.000000 1.000000 0.000000
vn 0.000000 1.000000 0.000000
vn 0.000000 1.000000 0.000000
vn 0.000000 1.000000 0.000000
vn 0.000000 1.000000 0.000000
vn 0.000000 1.000000 0.000000
vn 0.000000 1.000000 0.000000
vn 0.000000 1.000000 0.000000
vn 0.000000 1.000000 0.000000
vn 0.000000 1.000000 0.000000
vn 0.000000 1.000000 0.000000
vn 0.000000 1.000000 0.000000
vn 0.000000 1.000000 0.000000
vn 0.000000 1.000000 0.000000
vn 0.000000 1.000000 0.000000
vn 0.000000 1.000000 0.000000
vn 0.000000 1.000000 0.000000
vn 0.000000 1.000000 0.000000
s 1
g pPlane2
usemtl set5
f 210/386/386 211/387/387 222/398/388 221/397/389
s off
usemtl standardSurface13SG
f 375/551/390 376/552/391 377/553/392 378/554/393
s 1
usemtl set5
f 212/388/394 213/389/395 224/400/396 223/399/397
f 213/389/395 214/390/398 225/401/399 224/400/396
f 214/390/398 215/391/400 226/402/401 225/401/399
f 215/391/400 216/392/402 227/403/403 226/402/401
f 216/392/402 217/393/404 228/404/405 227/403/403
f 217/393/404 218/394/406 229/405/407 228/404/405
f 218/394/406 219/395/408 230/406/409 229/405/407
f 219/395/408 220/396/410 231/407/411 230/406/409
f 221/397/389 222/398/388 233/409/412 232/408/413
f 222/398/388 223/399/397 234/410/414 233/409/412
f 223/399/397 224/400/396 235/411/415 234/410/414
f 224/400/396 225/401/399 236/412/416 235/411/415
s off
usemtl standardSurface12SG
f 331/507/417 332/508/418 333/509/419 334/510/420
s 1
usemtl set5
f 226/402/401 227/403/403 238/414/421 237/413/422
f 227/403/403 228/404/405 239/415/423 238/414/421
f 228/404/405 229/405/407 240/416/424 239/415/423
f 229/405/407 230/406/409 241/417/425 240/416/424
f 230/406/409 231/407/411 242/418/426 241/417/425
f 232/408/413 233/409/412 244/420/427 243/419/428
f 233/409/412 234/410/414 245/421/429 244/420/427
f 234/410/414 235/411/415 246/422/430 245/421/429
f 235/411/415 236/412/416 247/423/431 246/422/430
f 236/412/416 237/413/422 248/424/432 247/423/431
f 237/413/422 238/414/421 249/425/433 248/424/432
f 238/414/421 239/415/423 250/426/434 249/425/433
f 239/415/423 240/416/424 251/427/435 250/426/434
f 240/416/424 241/417/425 252/428/436 251/427/435
f 241/417/425 242/418/426 253/429/437 252/428/436
f 243/419/428 244/420/427 255/431/438 254/430/439
f 244/420/427 245/421/429 256/432/440 255/431/438
f 245/421/429 246/422/430 257/433/441 256/432/440
f 246/422/430 247/423/431 258/434/442 257/433/441
f 247/423/431 248/424/432 259/435/443 258/434/442
f 248/424/432 249/425/433 260/436/444 259/435/443
f 249/425/433 250/426/434 261/437/445 260/436/444
usemtl standardSurface14SG
f 250/426/434 251/427/435 262/438/446 261/437/445
usemtl set5
f 251/427/435 252/428/436 263/439/447 262/438/446
f 252/428/436 253/429/437 264/440/448 263/439/447
f 254/430/439 255/431/438 266/442/449 265/441/450
s off
usemtl standardSurface15SG
f 359/535/451 360/536/452 361/537/453 362/538/454
s 1
usemtl set5
f 256/432/440 257/433/441 268/444/455 267/443/456
f 257/433/441 258/434/442 269/445/457 268/444/455
f 258/434/442 259/435/443 270/446/458 269/445/457
f 259/435/443 260/436/444 271/447/459 270/446/458
f 260/436/444 261/437/445 272/448/460 271/447/459
f 261/437/445 262/438/446 273/449/461 272/448/460
f 262/438/446 263/439/447 274/450/462 273/449/461
f 263/439/447 264/440/448 275/451/463 274/450/462
f 265/441/450 266/442/449 277/453/464 276/452/465
f 266/442/449 267/443/466 278/454/467 277/453/464
s off
usemtl standardSurface17SG
f 371/547/468 372/548/469 373/549/470 374/550/471
s 1
usemtl set5
f 268/444/455 269/445/457 280/456/472 279/455/473
f 269/445/457 270/446/458 281/457/474 280/456/472
f 270/446/458 271/447/459 282/458/475 281/457/474
s off
usemtl standardSurface16SG
f 347/523/476 348/524/477 349/525/478 350/526/479
s 1
usemtl set5
f 272/448/460 273/449/461 284/460/480 283/459/481
f 273/449/461 274/450/462 285/461/482 284/460/480
f 274/450/462 275/451/463 286/462/483 285/461/482
f 276/452/465 277/453/464 288/464/484 287/463/485
f 277/453/464 278/454/467 289/465/486 288/464/484
f 278/454/467 279/455/473 290/466/487 289/465/486
f 279/455/473 280/456/472 291/467/488 290/466/487
f 280/456/472 281/457/474 292/468/489 291/467/488
f 281/457/474 282/458/475 293/469/490 292/468/489
f 282/458/475 283/459/481 294/470/491 293/469/490
f 283/459/481 284/460/480 295/471/492 294/470/491
f 284/460/480 285/461/482 296/472/493 295/471/492
f 285/461/482 286/462/483 297/473/494 296/472/493
f 287/463/485 288/464/484 299/475/495 298/474/496
s off
usemtl standardSurface18SG
f 367/543/497 368/544/498 369/545/499 370/546/500
s 1
usemtl set5
f 289/465/486 290/466/487 301/477/501 300/476/502
f 290/466/487 291/467/488 302/478/503 301/477/501
f 291/467/488 292/468/489 303/479/504 302/478/503
f 292/468/489 293/469/490 304/480/505 303/479/504
s off
usemtl standardSurface19SG
f 351/527/506 352/528/507 353/529/508 354/530/509
s 1
usemtl set5
f 294/470/491 295/471/492 306/482/510 305/481/511
f 295/471/492 296/472/493 307/483/512 306/482/510
f 296/472/493 297/473/494 308/484/513 307/483/512
f 298/474/496 299/475/495 310/486/514 309/485/515
f 299/475/495 300/476/502 311/487/516 310/486/514
f 300/476/502 301/477/501 312/488/517 311/487/516
f 301/477/501 302/478/503 313/489/518 312/488/517
f 302/478/503 303/479/504 314/490/519 313/489/518
f 303/479/504 304/480/505 315/491/520 314/490/519
f 304/480/505 305/481/511 316/492/521 315/491/520
f 305/481/511 306/482/510 317/493/522 316/492/521
f 306/482/510 307/483/512 318/494/523 317/493/522
f 307/483/512 308/484/513 319/495/524 318/494/523
f 309/485/515 310/486/514 321/497/525 320/496/526
f 310/486/514 311/487/516 322/498/527 321/497/525
s off
usemtl standardSurface20SG
f 363/539/528 364/540/529 365/541/530 366/542/531
s 1
usemtl set5
f 312/488/517 313/489/518 324/500/532 323/499/533
f 313/489/518 314/490/519 325/501/534 324/500/532
f 314/490/519 315/491/520 326/502/535 325/501/534
s off
usemtl standardSurface21SG
f 355/531/536 356/532/537 357/533/538 358/534/539
s 1
usemtl set5
f 316/492/521 317/493/522 328/504/540 327/503/541
f 317/493/522 318/494/523 329/505/542 328/504/540
f 318/494/523 319/495/524 330/506/543 329/505/542
s off
f 225/401/544 226/402/545 332/508/546 331/507/547
f 226/402/548 237/413/549 333/509/550 332/508/551
f 237/413/552 236/412/553 334/510/554 333/509/555
f 236/412/556 225/401/557 331/507/558 334/510/559
f 271/447/560 272/448/561 336/512/562 335/511/563
f 272/448/564 283/459/565 337/513/566 336/512/567
f 283/459/568 282/458/569 338/514/570 337/513/571
f 282/458/572 271/447/573 335/511/574 338/514/575
f 293/469/576 294/470/577 340/516/578 339/515/579
f 294/470/580 305/481/581 341/517/582 340/516/583
f 305/481/584 304/480/585 342/518/586 341/517/587
f 304/480/588 293/469/589 339/515/590 342/518/591
f 315/491/592 316/492/593 344/520/594 343/519/595
f 316/492/596 327/503/597 345/521/598 344/520/599
f 327/503/600 326/502/601 346/522/602 345/521/603
f 326/502/604 315/491/605 343/519/606 346/522/607
f 335/511/608 336/512/609 348/524/610 347/523/611
f 336/512/612 337/513/613 349/525/614 348/524/615
f 337/513/616 338/514/617 350/526/618 349/525/619
f 338/514/620 335/511/621 347/523/622 350/526/623
f 339/515/624 340/516/625 352/528/626 351/527/627
f 340/516/628 341/517/629 353/529/630 352/528/631
f 341/517/632 342/518/633 354/530/634 353/529/635
f 342/518/636 339/515/637 351/527/638 354/530/639
f 343/519/640 344/520/641 356/532/642 355/531/643
f 344/520/644 345/521/645 357/533/646 356/532/647
f 345/521/648 346/522/649 358/534/650 357/533/651
f 346/522/652 343/519/653 355/531/654 358/534/655
f 255/431/656 256/432/657 360/536/658 359/535/659
f 256/432/660 267/443/661 361/537/662 360/536/663
f 267/443/664 266/442/665 362/538/666 361/537/667
f 266/442/668 255/431/669 359/535/670 362/538/671
f 311/487/672 312/488/673 364/540/674 363/539/675
f 312/488/676 323/499/677 365/541/678 364/540/679
f 323/499/680 322/498/681 366/542/682 365/541/683
f 322/498/684 311/487/685 363/539/686 366/542/687
f 288/464/688 289/465/689 368/544/690 367/543/691
f 289/465/692 300/476/693 369/545/694 368/544/695
f 300/476/696 299/475/697 370/546/698 369/545/699
f 299/475/700 288/464/701 367/543/702 370/546/703
f 267/443/704 268/444/705 372/548/706 371/547/707
f 268/444/708 279/455/709 373/549/710 372/548/711
f 279/455/712 278/454/713 374/550/714 373/549/715
f 278/454/716 267/443/717 371/547/718 374/550/719
f 211/387/720 212/388/721 376/552/722 375/551/723
f 212/388/724 223/399/725 377/553/726 376/552/727
f 223/399/728 222/398/729 378/554/730 377/553/731
f 222/398/732 211/387/733 375/551/734 378/554/735
g default
v -7.978167 14.136883 -0.235326
v -8.086334 14.136883 -0.447617
v -8.254809 14.136883 -0.616092
v -8.467101 14.136883 -0.724260
v -8.702427 14.136883 -0.761532
v -8.937753 14.136883 -0.724260
v -9.150045 14.136883 -0.616092
v -9.318519 14.136883 -0.447617
v -9.426686 14.136883 -0.235326
v -9.463959 14.136883 0.000000
v -9.426686 14.136883 0.235326
v -9.318519 14.136883 0.447617
v -9.150043 14.136883 0.616092
v -8.937753 14.136883 0.724260
v -8.702427 14.136883 0.761532
v -8.467101 14.136883 0.724260
v -8.254810 14.136883 0.616092
v -8.086335 14.136883 0.447617
v -7.978167 14.136883 0.235326
v -7.940895 14.136883 0.000000
v -7.978167 14.409769 -0.235326
v -8.086334 14.409769 -0.447617
v -8.254809 14.409769 -0.616092
v -8.467101 14.409769 -0.724260
v -8.702427 14.409769 -0.761532
v -8.937753 14.409769 -0.724260
v -9.150045 14.409769 -0.616092
v -9.318519 14.409769 -0.447617
v -9.426686 14.409769 -0.235326
v -9.463959 14.409769 0.000000
v -9.426686 14.409769 0.235326
v -9.318519 14.409769 0.447617
v -9.150043 14.409769 0.616092
v -8.937753 14.409769 0.724260
v -8.702427 14.409769 0.761532
v -8.467101 14.409769 0.724260
v -8.254810 14.409769 0.616092
v -8.086335 14.409769 0.447617
v -7.978167 14.409769 0.235326
v -7.940895 14.409769 0.000000
v -8.702427 14.409769 0.000000
v -8.287719 14.136883 -0.134747
v -8.349655 14.136883 -0.256304
v -8.702427 14.136883 -0.000000
v -8.446123 14.136883 -0.352772
v -8.567680 14.136883 -0.414708
v -8.702427 14.136883 -0.436050
v -8.837173 14.136883 -0.414708
v -8.958731 14.136883 -0.352771
v -9.055198 14.136883 -0.256304
v -9.117134 14.136883 -0.134747
v -9.138476 14.136883 -0.000000
v -9.117134 14.136883 0.134747
v -9.055198 14.136883 0.256303
v -8.958730 14.136883 0.352771
v -8.837173 14.136883 0.414708
v -8.702427 14.136883 0.436049
v -8.567680 14.136883 0.414708
v -8.446124 14.136883 0.352771
v -8.349656 14.136883 0.256303
v -8.287719 14.136883 0.134747
v -8.266377 14.136883 -0.000000
vt 0.648603 0.107966
vt 0.626409 0.064408
vt 0.591842 0.029841
vt 0.548284 0.007647
vt 0.500000 -0.000000
vt 0.451716 0.007647
vt 0.408159 0.029841
vt 0.373591 0.064409
vt 0.351397 0.107966
vt 0.343750 0.156250
vt 0.351397 0.204534
vt 0.373591 0.248091
vt 0.408159 0.282659
vt 0.451716 0.304853
vt 0.500000 0.312500
vt 0.548284 0.304853
vt 0.591841 0.282659
vt 0.626409 0.248091
vt 0.648603 0.204534
vt 0.656250 0.156250
vt 0.375000 0.312500
vt 0.387500 0.312500
vt 0.400000 0.312500
vt 0.412500 0.312500
vt 0.425000 0.312500
vt 0.437500 0.312500
vt 0.450000 0.312500
vt 0.462500 0.312500
vt 0.475000 0.312500
vt 0.487500 0.312500
vt 0.500000 0.312500
vt 0.512500 0.312500
vt 0.525000 0.312500
vt 0.537500 0.312500
vt 0.550000 0.312500
vt 0.562500 0.312500
vt 0.575000 0.312500
vt 0.587500 0.312500
vt 0.600000 0.312500
vt 0.612500 0.312500
vt 0.625000 0.312500
vt 0.375000 0.687500
vt 0.387500 0.687500
vt 0.400000 0.687500
vt 0.412500 0.687500
vt 0.425000 0.687500
vt 0.437500 0.687500
vt 0.450000 0.687500
vt 0.462500 0.687500
vt 0.475000 0.687500
vt 0.487500 0.687500
vt 0.500000 0.687500
vt 0.512500 0.687500
vt 0.525000 0.687500
vt 0.537500 0.687500
vt 0.550000 0.687500
vt 0.562500 0.687500
vt 0.575000 0.687500
vt 0.587500 0.687500
vt 0.600000 0.687500
vt 0.612500 0.687500
vt 0.625000 0.687500
vt 0.648603 0.795466
vt 0.626409 0.751908
vt 0.591842 0.717341
vt 0.548284 0.695147
vt 0.500000 0.687500
vt 0.451716 0.695147
vt 0.408159 0.717341
vt 0.373591 0.751909
vt 0.351397 0.795466
vt 0.343750 0.843750
vt 0.351397 0.892034
vt 0.373591 0.935591
vt 0.408159 0.970159
vt 0.451716 0.992353
vt 0.500000 1.000000
vt 0.548284 0.992353
vt 0.591841 0.970159
vt 0.626409 0.935591
vt 0.648603 0.892034
vt 0.656250 0.843750
vt 0.500000 0.156250
vt 0.500000 0.843750
vt 0.626409 0.064408
vt 0.648603 0.107966
vt 0.591842 0.029841
vt 0.548284 0.007647
vt 0.500000 -0.000000
vt 0.451716 0.007647
vt 0.408159 0.029841
vt 0.373591 0.064409
vt 0.351397 0.107966
vt 0.343750 0.156250
vt 0.351397 0.204534
vt 0.373591 0.248091
vt 0.408159 0.282659
vt 0.451716 0.304853
vt 0.500000 0.312500
vt 0.548284 0.304853
vt 0.591841 0.282659
vt 0.626409 0.248091
vt 0.648603 0.204534
vt 0.656250 0.156250
vn 0.951057 0.000000 -0.309015
vn 0.809018 0.000000 -0.587784
vn 0.809018 0.000000 -0.587784
vn 0.951057 0.000000 -0.309015
vn 0.587784 0.000000 -0.809018
vn 0.587784 0.000000 -0.809018
vn 0.309017 0.000000 -0.951057
vn 0.309017 0.000000 -0.951057
vn -0.000000 0.000000 -1.000000
vn -0.000000 0.000000 -1.000000
vn -0.309017 0.000000 -0.951057
vn -0.309017 0.000000 -0.951057
vn -0.587786 0.000000 -0.809017
vn -0.587786 0.000000 -0.809017
vn -0.809018 0.000000 -0.587784
vn -0.809018 0.000000 -0.587784
vn -0.951056 0.000000 -0.309018
vn -0.951056 0.000000 -0.309018
vn -1.000000 0.000000 0.000000
vn -1.000000 0.000000 0.000000
vn -0.951056 0.000000 0.309018
vn -0.951056 0.000000 0.309018
vn -0.809017 0.000000 0.587786
vn -0.809017 0.000000 0.587786
vn -0.587785 0.000000 0.809017
vn -0.587785 0.000000 0.809017
vn -0.309017 0.000000 0.951056
vn -0.309017 0.000000 0.951056
vn -0.000000 0.000000 1.000000
vn -0.000000 0.000000 1.000000
vn 0.309017 0.000000 0.951056
vn 0.309017 0.000000 0.951056
vn 0.587785 0.000000 0.809017
vn 0.587785 0.000000 0.809017
vn 0.809017 0.000000 0.587786
vn 0.809017 0.000000 0.587786
vn 0.951056 0.000000 0.309018
vn 0.951056 0.000000 0.309018
vn 1.000000 0.000000 0.000000
vn 1.000000 0.000000 0.000000
vn 0.000000 -1.000000 0.000000
vn 0.000000 -1.000000 -0.000000
vn 0.000000 -1.000000 -0.000000
vn 0.000000 -1.000000 0.000000
vn 0.000000 -1.000000 -0.000000
vn 0.000000 -1.000000 -0.000000
vn 0.000000 -1.000000 -0.000000
vn 0.000000 -1.000000 -0.000000
vn 0.000000 -1.000000 0.000000
vn 0.000000 -1.000000 0.000000
vn 0.000000 -1.000000 0.000000
vn 0.000000 -1.000000 -0.000000
vn 0.000000 -1.000000 -0.000000
vn 0.000000 -1.000000 -0.000000
vn 0.000000 -1.000000 0.000000
vn 0.000000 -1.000000 -0.000000
vn 0.000000 -1.000000 0.000000
vn 0.000000 -1.000000 0.000000
vn 0.000000 -1.000000 0.000000
vn 0.000000 -1.000000 0.000000
vn 0.000000 -1.000000 0.000000
vn 0.000000 1.000000 0.000000
vn 0.000000 1.000000 0.000000
vn 0.000000 1.000000 0.000000
vn 0.000000 1.000000 0.000000
vn 0.000000 1.000000 0.000000
vn 0.000000 1.000000 0.000000
vn 0.000000 1.000000 0.000000
vn 0.000000 1.000000 0.000000
vn 0.000000 1.000000 0.000000
vn 0.000000 1.000000 0.000000
vn 0.000000 1.000000 0.000000
vn 0.000000 1.000000 0.000000
vn 0.000000 1.000000 0.000000
vn 0.000000 1.000000 0.000000
vn 0.000000 1.000000 0.000000
vn 0.000000 1.000000 0.000000
vn 0.000000 1.000000 0.000000
vn 0.000000 1.000000 0.000000
vn 0.000000 1.000000 0.000000
vn 0.000000 1.000000 0.000000
vn 0.000000 1.000000 0.000000
vn 0.000001 -1.000000 -0.000001
vn 0.000001 -1.000000 -0.000001
vn 0.000001 -1.000000 -0.000001
vn 0.000001 -1.000000 -0.000001
vn 0.000001 -1.000000 -0.000001
vn 0.000001 -1.000000 -0.000001
vn 0.000001 -1.000000 -0.000001
vn 0.000001 -1.000000 -0.000001
vn 0.000001 -1.000000 -0.000001
vn 0.000001 -1.000000 -0.000001
vn 0.000001 -1.000000 -0.000001
vn 0.000001 -1.000000 -0.000001
vn 0.000000 -1.000000 -0.000001
vn 0.000000 -1.000000 -0.000001
vn 0.000000 -1.000000 -0.000001
vn 0.000000 -1.000000 -0.000001
vn -0.000000 -1.000000 -0.000001
vn -0.000000 -1.000000 -0.000001
vn -0.000000 -1.000000 -0.000001
vn -0.000000 -1.000000 -0.000001
vn -0.000001 -1.000000 -0.000001
vn -0.000001 -1.000000 -0.000001
vn -0.000001 -1.000000 -0.000001
vn -0.000001 -1.000000 -0.000001
vn -0.000001 -1.000000 -0.000001
vn -0.000001 -1.000000 -0.000001
vn -0.000001 -1.000000 -0.000001
vn -0.000001 -1.000000 -0.000001
vn -0.000001 -1.000000 -0.000001
vn -0.000001 -1.000000 -0.000001
vn -0.000001 -1.000000 -0.000001
vn -0.000001 -1.000000 -0.000001
vn -0.000001 -1.000000 -0.000000
vn -0.000001 -1.000000 -0.000000
vn -0.000001 -1.000000 -0.000000
vn -0.000001 -1.000000 -0.000000
vn -0.000001 -1.000000 0.000000
vn -0.000001 -1.000000 0.000000
vn -0.000001 -1.000000 0.000000
vn -0.000001 -1.000000 0.000000
vn -0.000001 -1.000000 0.000001
vn -0.000001 -1.000000 0.000001
vn -0.000001 -1.000000 0.000001
vn -0.000001 -1.000000 0.000001
vn -0.000001 -1.000000 0.000001
vn -0.000001 -1.000000 0.000001
vn -0.000001 -1.000000 0.000001
vn -0.000001 -1.000000 0.000001
vn -0.000001 -1.000000 0.000001
vn -0.000001 -1.000000 0.000001
vn -0.000001 -1.000000 0.000001
vn -0.000001 -1.000000 0.000001
vn -0.000000 -1.000000 0.000001
vn -0.000000 -1.000000 0.000001
vn -0.000000 -1.000000 0.000001
vn -0.000000 -1.000000 0.000001
vn 0.000000 -1.000000 0.000001
vn 0.000000 -1.000000 0.000001
vn 0.000000 -1.000000 0.000001
vn 0.000000 -1.000000 0.000001
vn 0.000001 -1.000000 0.000001
vn 0.000001 -1.000000 0.000001
vn 0.000001 -1.000000 0.000001
vn 0.000001 -1.000000 0.000001
vn 0.000001 -1.000000 0.000001
vn 0.000001 -1.000000 0.000001
vn 0.000001 -1.000000 0.000001
vn 0.000001 -1.000000 0.000001
vn 0.000001 -1.000000 0.000001
vn 0.000001 -1.000000 0.000001
vn 0.000001 -1.000000 0.000001
vn 0.000001 -1.000000 0.000001
vn 0.000001 -1.000000 0.000000
vn 0.000001 -1.000000 0.000000
vn 0.000001 -1.000000 0.000000
vn 0.000001 -1.000000 0.000000
vn 0.000001 -1.000000 -0.000000
vn 0.000001 -1.000000 -0.000000
vn 0.000001 -1.000000 -0.000000
vn 0.000001 -1.000000 -0.000000
s 1
g pCylinder1
usemtl initialShadingGroup
f 379/575/736 380/576/737 400/597/738 399/596/739
f 380/576/737 381/577/740 401/598/741 400/597/738
f 381/577/740 382/578/742 402/599/743 401/598/741
f 382/578/742 383/579/744 403/600/745 402/599/743
f 383/579/744 384/580/746 404/601/747 403/600/745
f 384/580/746 385/581/748 405/602/749 404/601/747
f 385/581/748 386/582/750 406/603/751 405/602/749
f 386/582/750 387/583/752 407/604/753 406/603/751
f 387/583/752 388/584/754 408/605/755 407/604/753
f 388/584/754 389/585/756 409/606/757 408/605/755
f 389/585/756 390/586/758 410/607/759 409/606/757
f 390/586/758 391/587/760 411/608/761 410/607/759
f 391/587/760 392/588/762 412/609/763 411/608/761
f 392/588/762 393/589/764 413/610/765 412/609/763
f 393/589/764 394/590/766 414/611/767 413/610/765
f 394/590/766 395/591/768 415/612/769 414/611/767
f 395/591/768 396/592/770 416/613/771 415/612/769
f 396/592/770 397/593/772 417/614/773 416/613/771
f 397/593/772 398/594/774 418/615/775 417/614/773
f 398/594/774 379/595/736 399/616/739 418/615/775
s 2
usemtl standardSurface5SG
f 421/639/776 420/640/777 422/637/778
f 423/641/779 421/639/776 422/637/778
f 424/642/780 423/641/779 422/637/778
f 425/643/781 424/642/780 422/637/778
f 426/644/782 425/643/781 422/637/778
f 427/645/783 426/644/782 422/637/778
f 428/646/784 427/645/783 422/637/778
f 429/647/785 428/646/784 422/637/778
f 430/648/786 429/647/785 422/637/778
f 431/649/787 430/648/786 422/637/778
f 432/650/788 431/649/787 422/637/778
f 433/651/789 432/650/788 422/637/778
f 434/652/790 433/651/789 422/637/778
f 435/653/791 434/652/790 422/637/778
f 436/654/792 435/653/791 422/637/778
f 437/655/793 436/654/792 422/637/778
f 438/656/794 437/655/793 422/637/778
f 439/657/795 438/656/794 422/637/778
f 440/658/796 439/657/795 422/637/778
f 420/640/777 440/658/796 422/637/778
s 3
usemtl initialShadingGroup
f 399/635/797 400/634/798 419/638/799
f 400/634/798 401/633/800 419/638/799
f 401/633/800 402/632/801 419/638/799
f 402/632/801 403/631/802 419/638/799
f 403/631/802 404/630/803 419/638/799
f 404/630/803 405/629/804 419/638/799
f 405/629/804 406/628/805 419/638/799
f 406/628/805 407/627/806 419/638/799
f 407/627/806 408/626/807 419/638/799
f 408/626/807 409/625/808 419/638/799
f 409/625/808 410/624/809 419/638/799
f 410/624/809 411/623/810 419/638/799
f 411/623/810 412/622/811 419/638/799
f 412/622/811 413/621/812 419/638/799
f 413/621/812 414/620/813 419/638/799
f 414/620/813 415/619/814 419/638/799
f 415/619/814 416/618/815 419/638/799
f 416/618/815 417/617/816 419/638/799
f 417/617/816 418/636/817 419/638/799
f 418/636/817 399/635/797 419/638/799
s off
f 380/556/818 379/555/819 420/640/820 421/639/821
f 381/557/822 380/556/823 421/639/824 423/641/825
f 382/558/826 381/557/827 423/641/828 424/642/829
f 383/559/830 382/558/831 424/642/832 425/643/833
f 384/560/834 383/559/835 425/643/836 426/644/837
f 385/561/838 384/560/839 426/644/840 427/645/841
f 386/562/842 385/561/843 427/645/844 428/646/845
f 387/563/846 386/562/847 428/646/848 429/647/849
f 388/564/850 387/563/851 429/647/852 430/648/853
f 389/565/854 388/564/855 430/648/856 431/649/857
f 390/566/858 389/565/859 431/649/860 432/650/861
f 391/567/862 390/566/863 432/650/864 433/651/865
f 392/568/866 391/567/867 433/651/868 434/652/869
f 393/569/870 392/568/871 434/652/872 435/653/873
f 394/570/874 393/569/875 435/653/876 436/654/877
f 395/571/878 394/570/879 436/654/880 437/655/881
f 396/572/882 395/571/883 437/655/884 438/656/885
f 397/573/886 396/572/887 438/656/888 439/657/889
f 398/574/890 397/573/891 439/657/892 440/658/893
f 379/555/894 398/574/895 440/658/896 420/640/897
g default
v -1.985700 14.136883 15.803748
v -2.093866 14.136883 15.591457
v -2.262342 14.136883 15.422982
v -2.474634 14.136883 15.314814
v -2.709959 14.136883 15.277542
v -2.945285 14.136883 15.314814
v -3.157577 14.136883 15.422982
v -3.326051 14.136883 15.591457
v -3.434219 14.136883 15.803748
v -3.471491 14.136883 16.039074
v -3.434219 14.136883 16.274400
v -3.326051 14.136883 16.486691
v -3.157576 14.136883 16.655166
v -2.945285 14.136883 16.763333
v -2.709959 14.136883 16.800605
v -2.474634 14.136883 16.763333
v -2.262343 14.136883 16.655166
v -2.093868 14.136883 16.486691
v -1.985700 14.136883 16.274400
v -1.948428 14.136883 16.039074
v -1.985700 14.409769 15.803748
v -2.093866 14.409769 15.591457
v -2.262342 14.409769 15.422982
v -2.474634 14.409769 15.314814
v -2.709959 14.409769 15.277542
v -2.945285 14.409769 15.314814
v -3.157577 14.409769 15.422982
v -3.326051 14.409769 15.591457
v -3.434219 14.409769 15.803748
v -3.471491 14.409769 16.039074
v -3.434219 14.409769 16.274400
v -3.326051 14.409769 16.486691
v -3.157576 14.409769 16.655166
v -2.945285 14.409769 16.763333
v -2.709959 14.409769 16.800605
v -2.474634 14.409769 16.763333
v -2.262343 14.409769 16.655166
v -2.093868 14.409769 16.486691
v -1.985700 14.409769 16.274400
v -1.948428 14.409769 16.039074
v -2.709959 14.409769 16.039074
v -2.295251 14.136883 15.904327
v -2.357187 14.136883 15.782770
v -2.709959 14.136883 16.039074
v -2.453656 14.136883 15.686302
v -2.575213 14.136883 15.624366
v -2.709959 14.136883 15.603024
v -2.844706 14.136883 15.624366
v -2.966263 14.136883 15.686302
v -3.062731 14.136883 15.782770
v -3.124667 14.136883 15.904327
v -3.146009 14.136883 16.039074
v -3.124667 14.136883 16.173821
v -3.062731 14.136883 16.295377
v -2.966262 14.136883 16.391845
v -2.844706 14.136883 16.453782
v -2.709959 14.136883 16.475123
v -2.575213 14.136883 16.453782
v -2.453656 14.136883 16.391845
v -2.357188 14.136883 16.295377
v -2.295251 14.136883 16.173821
v -2.273910 14.136883 16.039074
vt 0.648603 0.107966
vt 0.626409 0.064408
vt 0.591842 0.029841
vt 0.548284 0.007647
vt 0.500000 -0.000000
vt 0.451716 0.007647
vt 0.408159 0.029841
vt 0.373591 0.064409
vt 0.351397 0.107966
vt 0.343750 0.156250
vt 0.351397 0.204534
vt 0.373591 0.248091
vt 0.408159 0.282659
vt 0.451716 0.304853
vt 0.500000 0.312500
vt 0.548284 0.304853
vt 0.591841 0.282659
vt 0.626409 0.248091
vt 0.648603 0.204534
vt 0.656250 0.156250
vt 0.375000 0.312500
vt 0.387500 0.312500
vt 0.400000 0.312500
vt 0.412500 0.312500
vt 0.425000 0.312500
vt 0.437500 0.312500
vt 0.450000 0.312500
vt 0.462500 0.312500
vt 0.475000 0.312500
vt 0.487500 0.312500
vt 0.500000 0.312500
vt 0.512500 0.312500
vt 0.525000 0.312500
vt 0.537500 0.312500
vt 0.550000 0.312500
vt 0.562500 0.312500
vt 0.575000 0.312500
vt 0.587500 0.312500
vt 0.600000 0.312500
vt 0.612500 0.312500
vt 0.625000 0.312500
vt 0.375000 0.687500
vt 0.387500 0.687500
vt 0.400000 0.687500
vt 0.412500 0.687500
vt 0.425000 0.687500
vt 0.437500 0.687500
vt 0.450000 0.687500
vt 0.462500 0.687500
vt 0.475000 0.687500
vt 0.487500 0.687500
vt 0.500000 0.687500
vt 0.512500 0.687500
vt 0.525000 0.687500
vt 0.537500 0.687500
vt 0.550000 0.687500
vt 0.562500 0.687500
vt 0.575000 0.687500
vt 0.587500 0.687500
vt 0.600000 0.687500
vt 0.612500 0.687500
vt 0.625000 0.687500
vt 0.648603 0.795466
vt 0.626409 0.751908
vt 0.591842 0.717341
vt 0.548284 0.695147
vt 0.500000 0.687500
vt 0.451716 0.695147
vt 0.408159 0.717341
vt 0.373591 0.751909
vt 0.351397 0.795466
vt 0.343750 0.843750
vt 0.351397 0.892034
vt 0.373591 0.935591
vt 0.408159 0.970159
vt 0.451716 0.992353
vt 0.500000 1.000000
vt 0.548284 0.992353
vt 0.591841 0.970159
vt 0.626409 0.935591
vt 0.648603 0.892034
vt 0.656250 0.843750
vt 0.500000 0.156250
vt 0.500000 0.843750
vt 0.626409 0.064408
vt 0.648603 0.107966
vt 0.591842 0.029841
vt 0.548284 0.007647
vt 0.500000 -0.000000
vt 0.451716 0.007647
vt 0.408159 0.029841
vt 0.373591 0.064409
vt 0.351397 0.107966
vt 0.343750 0.156250
vt 0.351397 0.204534
vt 0.373591 0.248091
vt 0.408159 0.282659
vt 0.451716 0.304853
vt 0.500000 0.312500
vt 0.548284 0.304853
vt 0.591841 0.282659
vt 0.626409 0.248091
vt 0.648603 0.204534
vt 0.656250 0.156250
vn 0.951057 0.000000 -0.309015
vn 0.809018 0.000000 -0.587784
vn 0.809018 0.000000 -0.587784
vn 0.951057 0.000000 -0.309015
vn 0.587784 0.000000 -0.809018
vn 0.587784 0.000000 -0.809018
vn 0.309017 0.000000 -0.951057
vn 0.309017 0.000000 -0.951057
vn -0.000000 0.000000 -1.000000
vn -0.000000 0.000000 -1.000000
vn -0.309017 0.000000 -0.951057
vn -0.309017 0.000000 -0.951057
vn -0.587786 0.000000 -0.809017
vn -0.587786 0.000000 -0.809017
vn -0.809018 0.000000 -0.587784
vn -0.809018 0.000000 -0.587784
vn -0.951056 0.000000 -0.309018
vn -0.951056 0.000000 -0.309018
vn -1.000000 0.000000 0.000000
vn -1.000000 0.000000 0.000000
vn -0.951056 0.000000 0.309018
vn -0.951056 0.000000 0.309018
vn -0.809017 0.000000 0.587786
vn -0.809017 0.000000 0.587786
vn -0.587785 0.000000 0.809017
vn -0.587785 0.000000 0.809017
vn -0.309017 0.000000 0.951056
vn -0.309017 0.000000 0.951056
vn -0.000000 0.000000 1.000000
vn -0.000000 0.000000 1.000000
vn 0.309017 0.000000 0.951056
vn 0.309017 0.000000 0.951056
vn 0.587785 0.000000 0.809017
vn 0.587785 0.000000 0.809017
vn 0.809017 0.000000 0.587786
vn 0.809017 0.000000 0.587786
vn 0.951056 0.000000 0.309018
vn 0.951056 0.000000 0.309018
vn 1.000000 0.000000 0.000000
vn 1.000000 0.000000 0.000000
vn 0.000000 -1.000000 0.000000
vn 0.000000 -1.000000 -0.000000
vn 0.000000 -1.000000 -0.000000
vn 0.000000 -1.000000 0.000000
vn 0.000000 -1.000000 -0.000000
vn 0.000000 -1.000000 -0.000000
vn 0.000000 -1.000000 -0.000000
vn 0.000000 -1.000000 -0.000000
vn 0.000000 -1.000000 0.000000
vn 0.000000 -1.000000 0.000000
vn 0.000000 -1.000000 0.000000
vn 0.000000 -1.000000 -0.000000
vn 0.000000 -1.000000 -0.000000
vn 0.000000 -1.000000 -0.000000
vn 0.000000 -1.000000 0.000000
vn 0.000000 -1.000000 -0.000000
vn 0.000000 -1.000000 0.000000
vn 0.000000 -1.000000 0.000000
vn 0.000000 -1.000000 0.000000
vn 0.000000 -1.000000 0.000000
vn 0.000000 -1.000000 0.000000
vn 0.000000 1.000000 0.000000
vn 0.000000 1.000000 0.000000
vn 0.000000 1.000000 0.000000
vn 0.000000 1.000000 0.000000
vn 0.000000 1.000000 0.000000
vn 0.000000 1.000000 0.000000
vn 0.000000 1.000000 0.000000
vn 0.000000 1.000000 0.000000
vn 0.000000 1.000000 0.000000
vn 0.000000 1.000000 0.000000
vn 0.000000 1.000000 0.000000
vn 0.000000 1.000000 0.000000
vn 0.000000 1.000000 0.000000
vn 0.000000 1.000000 0.000000
vn 0.000000 1.000000 0.000000
vn 0.000000 1.000000 0.000000
vn 0.000000 1.000000 0.000000
vn 0.000000 1.000000 0.000000
vn 0.000000 1.000000 0.000000
vn 0.000000 1.000000 0.000000
vn 0.000000 1.000000 0.000000
vn 0.000001 -1.000000 -0.000001
vn 0.000001 -1.000000 -0.000001
vn 0.000001 -1.000000 -0.000001
vn 0.000001 -1.000000 -0.000001
vn 0.000001 -1.000000 -0.000001
vn 0.000001 -1.000000 -0.000001
vn 0.000001 -1.000000 -0.000001
vn 0.000001 -1.000000 -0.000001
vn 0.000001 -1.000000 -0.000001
vn 0.000001 -1.000000 -0.000001
vn 0.000001 -1.000000 -0.000001
vn 0.000001 -1.000000 -0.000001
vn 0.000000 -1.000000 -0.000001
vn 0.000000 -1.000000 -0.000001
vn 0.000000 -1.000000 -0.000001
vn 0.000000 -1.000000 -0.000001
vn -0.000000 -1.000000 -0.000001
vn -0.000000 -1.000000 -0.000001
vn -0.000000 -1.000000 -0.000001
vn -0.000000 -1.000000 -0.000001
vn -0.000001 -1.000000 -0.000001
vn -0.000001 -1.000000 -0.000001
vn -0.000001 -1.000000 -0.000001
vn -0.000001 -1.000000 -0.000001
vn -0.000001 -1.000000 -0.000001
vn -0.000001 -1.000000 -0.000001
vn -0.000001 -1.000000 -0.000001
vn -0.000001 -1.000000 -0.000001
vn -0.000001 -1.000000 -0.000001
vn -0.000001 -1.000000 -0.000001
vn -0.000001 -1.000000 -0.000001
vn -0.000001 -1.000000 -0.000001
vn -0.000001 -1.000000 -0.000000
vn -0.000001 -1.000000 -0.000000
vn -0.000001 -1.000000 -0.000000
vn -0.000001 -1.000000 -0.000000
vn -0.000001 -1.000000 0.000000
vn -0.000001 -1.000000 0.000000
vn -0.000001 -1.000000 0.000000
vn -0.000001 -1.000000 0.000000
vn -0.000001 -1.000000 0.000001
vn -0.000001 -1.000000 0.000001
vn -0.000001 -1.000000 0.000001
vn -0.000001 -1.000000 0.000001
vn -0.000001 -1.000000 0.000001
vn -0.000001 -1.000000 0.000001
vn -0.000001 -1.000000 0.000001
vn -0.000001 -1.000000 0.000001
vn -0.000001 -1.000000 0.000001
vn -0.000001 -1.000000 0.000001
vn -0.000001 -1.000000 0.000001
vn -0.000001 -1.000000 0.000001
vn -0.000000 -1.000000 0.000001
vn -0.000000 -1.000000 0.000001
vn -0.000000 -1.000000 0.000001
vn -0.000000 -1.000000 0.000001
vn 0.000000 -1.000000 0.000001
vn 0.000000 -1.000000 0.000001
vn 0.000000 -1.000000 0.000001
vn 0.000000 -1.000000 0.000001
vn 0.000001 -1.000000 0.000001
vn 0.000001 -1.000000 0.000001
vn 0.000001 -1.000000 0.000001
vn 0.000001 -1.000000 0.000001
vn 0.000001 -1.000000 0.000001
vn 0.000001 -1.000000 0.000001
vn 0.000001 -1.000000 0.000001
vn 0.000001 -1.000000 0.000001
vn 0.000001 -1.000000 0.000001
vn 0.000001 -1.000000 0.000001
vn 0.000001 -1.000000 0.000001
vn 0.000001 -1.000000 0.000001
vn 0.000001 -1.000000 0.000000
vn 0.000001 -1.000000 0.000000
vn 0.000001 -1.000000 0.000000
vn 0.000001 -1.000000 0.000000
vn 0.000001 -1.000000 -0.000000
vn 0.000001 -1.000000 -0.000000
vn 0.000001 -1.000000 -0.000000
vn 0.000001 -1.000000 -0.000000
s 1
g pCylinder2
usemtl initialShadingGroup
f 441/679/898 442/680/899 462/701/900 461/700/901
f 442/680/899 443/681/902 463/702/903 462/701/900
f 443/681/902 444/682/904 464/703/905 463/702/903
f 444/682/904 445/683/906 465/704/907 464/703/905
f 445/683/906 446/684/908 466/705/909 465/704/907
f 446/684/908 447/685/910 467/706/911 466/705/909
f 447/685/910 448/686/912 468/707/913 467/706/911
f 448/686/912 449/687/914 469/708/915 468/707/913
f 449/687/914 450/688/916 470/709/917 469/708/915
f 450/688/916 451/689/918 471/710/919 470/709/917
f 451/689/918 452/690/920 472/711/921 471/710/919
f 452/690/920 453/691/922 473/712/923 472/711/921
f 453/691/922 454/692/924 474/713/925 473/712/923
f 454/692/924 455/693/926 475/714/927 474/713/925
f 455/693/926 456/694/928 476/715/929 475/714/927
f 456/694/928 457/695/930 477/716/931 476/715/929
f 457/695/930 458/696/932 478/717/933 477/716/931
f 458/696/932 459/697/934 479/718/935 478/717/933
f 459/697/934 460/698/936 480/719/937 479/718/935
f 460/698/936 441/699/898 461/720/901 480/719/937
s 2
usemtl standardSurface5SG
f 483/743/938 482/744/939 484/741/940
f 485/745/941 483/743/938 484/741/940
f 486/746/942 485/745/941 484/741/940
f 487/747/943 486/746/942 484/741/940
f 488/748/944 487/747/943 484/741/940
f 489/749/945 488/748/944 484/741/940
f 490/750/946 489/749/945 484/741/940
f 491/751/947 490/750/946 484/741/940
f 492/752/948 491/751/947 484/741/940
f 493/753/949 492/752/948 484/741/940
f 494/754/950 493/753/949 484/741/940
f 495/755/951 494/754/950 484/741/940
f 496/756/952 495/755/951 484/741/940
f 497/757/953 496/756/952 484/741/940
f 498/758/954 497/757/953 484/741/940
f 499/759/955 498/758/954 484/741/940
f 500/760/956 499/759/955 484/741/940
f 501/761/957 500/760/956 484/741/940
f 502/762/958 501/761/957 484/741/940
f 482/744/939 502/762/958 484/741/940
s 3
usemtl initialShadingGroup
f 461/739/959 462/738/960 481/742/961
f 462/738/960 463/737/962 481/742/961
f 463/737/962 464/736/963 481/742/961
f 464/736/963 465/735/964 481/742/961
f 465/735/964 466/734/965 481/742/961
f 466/734/965 467/733/966 481/742/961
f 467/733/966 468/732/967 481/742/961
f 468/732/967 469/731/968 481/742/961
f 469/731/968 470/730/969 481/742/961
f 470/730/969 471/729/970 481/742/961
f 471/729/970 472/728/971 481/742/961
f 472/728/971 473/727/972 481/742/961
f 473/727/972 474/726/973 481/742/961
f 474/726/973 475/725/974 481/742/961
f 475/725/974 476/724/975 481/742/961
f 476/724/975 477/723/976 481/742/961
f 477/723/976 478/722/977 481/742/961
f 478/722/977 479/721/978 481/742/961
f 479/721/978 480/740/979 481/742/961
f 480/740/979 461/739/959 481/742/961
s off
f 442/660/980 441/659/981 482/744/982 483/743/983
f 443/661/984 442/660/985 483/743/986 485/745/987
f 444/662/988 443/661/989 485/745/990 486/746/991
f 445/663/992 444/662/993 486/746/994 487/747/995
f 446/664/996 445/663/997 487/747/998 488/748/999
f 447/665/1000 446/664/1001 488/748/1002 489/749/1003
f 448/666/1004 447/665/1005 489/749/1006 490/750/1007
f 449/667/1008 448/666/1009 490/750/1010 491/751/1011
f 450/668/1012 449/667/1013 491/751/1014 492/752/1015
f 451/669/1016 450/668/1017 492/752/1018 493/753/1019
f 452/670/1020 451/669/1021 493/753/1022 494/754/1023
f 453/671/1024 452/670/1025 494/754/1026 495/755/1027
f 454/672/1028 453/671/1029 495/755/1030 496/756/1031
f 455/673/1032 454/672/1033 496/756/1034 497/757/1035
f 456/674/1036 455/673/1037 497/757/1038 498/758/1039
f 457/675/1040 456/674/1041 498/758/1042 499/759/1043
f 458/676/1044 457/675/1045 499/759/1046 500/760/1047
f 459/677/1048 458/676/1049 500/760/1050 501/761/1051
f 460/678/1052 459/677/1053 501/761/1054 502/762/1055
f 441/659/1056 460/678/1057 502/762/1058 482/744/1059
g default
v -15.135659 14.136883 20.402810
v -15.243826 14.136883 20.190519
v -15.412301 14.136883 20.022044
v -15.624593 14.136883 19.913877
v -15.859918 14.136883 19.876605
v -16.095245 14.136883 19.913877
v -16.307536 14.136883 20.022044
v -16.476010 14.136883 20.190519
v -16.584178 14.136883 20.402810
v -16.621450 14.136883 20.638136
v -16.584178 14.136883 20.873463
v -16.476010 14.136883 21.085753
v -16.307535 14.136883 21.254228
v -16.095245 14.136883 21.362396
v -15.859918 14.136883 21.399668
v -15.624593 14.136883 21.362396
v -15.412302 14.136883 21.254228
v -15.243827 14.136883 21.085753
v -15.135659 14.136883 20.873462
v -15.098387 14.136883 20.638136
v -15.135659 14.409769 20.402810
v -15.243826 14.409769 20.190519
v -15.412301 14.409769 20.022044
v -15.624593 14.409769 19.913877
v -15.859918 14.409769 19.876605
v -16.095245 14.409769 19.913877
v -16.307536 14.409769 20.022044
v -16.476010 14.409769 20.190519
v -16.584178 14.409769 20.402810
v -16.621450 14.409769 20.638136
v -16.584178 14.409769 20.873463
v -16.476010 14.409769 21.085753
v -16.307535 14.409769 21.254228
v -16.095245 14.409769 21.362396
v -15.859918 14.409769 21.399668
v -15.624593 14.409769 21.362396
v -15.412302 14.409769 21.254228
v -15.243827 14.409769 21.085753
v -15.135659 14.409769 20.873462
v -15.098387 14.409769 20.638136
v -15.859918 14.409769 20.638136
v -15.445211 14.136883 20.503389
v -15.507146 14.136883 20.381833
v -15.859918 14.136883 20.638136
v -15.603615 14.136883 20.285365
v -15.725172 14.136883 20.223428
v -15.859918 14.136883 20.202087
v -15.994665 14.136883 20.223428
v -16.116222 14.136883 20.285365
v -16.212690 14.136883 20.381833
v -16.274626 14.136883 20.503390
v -16.295968 14.136883 20.638136
v -16.274626 14.136883 20.772883
v -16.212690 14.136883 20.894440
v -16.116221 14.136883 20.990908
v -15.994665 14.136883 21.052844
v -15.859918 14.136883 21.074186
v -15.725172 14.136883 21.052844
v -15.603615 14.136883 20.990908
v -15.507147 14.136883 20.894440
v -15.445211 14.136883 20.772883
v -15.423869 14.136883 20.638136
vt 0.648603 0.107966
vt 0.626409 0.064408
vt 0.591842 0.029841
vt 0.548284 0.007647
vt 0.500000 -0.000000
vt 0.451716 0.007647
vt 0.408159 0.029841
vt 0.373591 0.064409
vt 0.351397 0.107966
vt 0.343750 0.156250
vt 0.351397 0.204534
vt 0.373591 0.248091
vt 0.408159 0.282659
vt 0.451716 0.304853
vt 0.500000 0.312500
vt 0.548284 0.304853
vt 0.591841 0.282659
vt 0.626409 0.248091
vt 0.648603 0.204534
vt 0.656250 0.156250
vt 0.375000 0.312500
vt 0.387500 0.312500
vt 0.400000 0.312500
vt 0.412500 0.312500
vt 0.425000 0.312500
vt 0.437500 0.312500
vt 0.450000 0.312500
vt 0.462500 0.312500
vt 0.475000 0.312500
vt 0.487500 0.312500
vt 0.500000 0.312500
vt 0.512500 0.312500
vt 0.525000 0.312500
vt 0.537500 0.312500
vt 0.550000 0.312500
vt 0.562500 0.312500
vt 0.575000 0.312500
vt 0.587500 0.312500
vt 0.600000 0.312500
vt 0.612500 0.312500
vt 0.625000 0.312500
vt 0.375000 0.687500
vt 0.387500 0.687500
vt 0.400000 0.687500
vt 0.412500 0.687500
vt 0.425000 0.687500
vt 0.437500 0.687500
vt 0.450000 0.687500
vt 0.462500 0.687500
vt 0.475000 0.687500
vt 0.487500 0.687500
vt 0.500000 0.687500
vt 0.512500 0.687500
vt 0.525000 0.687500
vt 0.537500 0.687500
vt 0.550000 0.687500
vt 0.562500 0.687500
vt 0.575000 0.687500
vt 0.587500 0.687500
vt 0.600000 0.687500
vt 0.612500 0.687500
vt 0.625000 0.687500
vt 0.648603 0.795466
vt 0.626409 0.751908
vt 0.591842 0.717341
vt 0.548284 0.695147
vt 0.500000 0.687500
vt 0.451716 0.695147
vt 0.408159 0.717341
vt 0.373591 0.751909
vt 0.351397 0.795466
vt 0.343750 0.843750
vt 0.351397 0.892034
vt 0.373591 0.935591
vt 0.408159 0.970159
vt 0.451716 0.992353
vt 0.500000 1.000000
vt 0.548284 0.992353
vt 0.591841 0.970159
vt 0.626409 0.935591
vt 0.648603 0.892034
vt 0.656250 0.843750
vt 0.500000 0.156250
vt 0.500000 0.843750
vt 0.626409 0.064408
vt 0.648603 0.107966
vt 0.591842 0.029841
vt 0.548284 0.007647
vt 0.500000 -0.000000
vt 0.451716 0.007647
vt 0.408159 0.029841
vt 0.373591 0.064409
vt 0.351397 0.107966
vt 0.343750 0.156250
vt 0.351397 0.204534
vt 0.373591 0.248091
vt 0.408159 0.282659
vt 0.451716 0.304853
vt 0.500000 0.312500
vt 0.548284 0.304853
vt 0.591841 0.282659
vt 0.626409 0.248091
vt 0.648603 0.204534
vt 0.656250 0.156250
vn 0.951057 0.000000 -0.309015
vn 0.809018 0.000000 -0.587784
vn 0.809018 0.000000 -0.587784
vn 0.951057 0.000000 -0.309015
vn 0.587784 0.000000 -0.809018
vn 0.587784 0.000000 -0.809018
vn 0.309017 0.000000 -0.951057
vn 0.309017 0.000000 -0.951057
vn -0.000000 0.000000 -1.000000
vn -0.000000 0.000000 -1.000000
vn -0.309017 0.000000 -0.951057
vn -0.309017 0.000000 -0.951057
vn -0.587786 0.000000 -0.809017
vn -0.587786 0.000000 -0.809017
vn -0.809018 0.000000 -0.587784
vn -0.809018 0.000000 -0.587784
vn -0.951056 0.000000 -0.309018
vn -0.951056 0.000000 -0.309018
vn -1.000000 0.000000 0.000000
vn -1.000000 0.000000 0.000000
vn -0.951056 0.000000 0.309018
vn -0.951056 0.000000 0.309018
vn -0.809017 0.000000 0.587786
vn -0.809017 0.000000 0.587786
vn -0.587785 0.000000 0.809017
vn -0.587785 0.000000 0.809017
vn -0.309017 0.000000 0.951056
vn -0.309017 0.000000 0.951056
vn -0.000000 0.000000 1.000000
vn -0.000000 0.000000 1.000000
vn 0.309017 0.000000 0.951056
vn 0.309017 0.000000 0.951056
vn 0.587785 0.000000 0.809017
vn 0.587785 0.000000 0.809017
vn 0.809017 0.000000 0.587786
vn 0.809017 0.000000 0.587786
vn 0.951056 0.000000 0.309018
vn 0.951056 0.000000 0.309018
vn 1.000000 0.000000 0.000000
vn 1.000000 0.000000 0.000000
vn 0.000000 -1.000000 0.000000
vn 0.000000 -1.000000 -0.000000
vn 0.000000 -1.000000 -0.000000
vn 0.000000 -1.000000 0.000000
vn 0.000000 -1.000000 -0.000000
vn 0.000000 -1.000000 -0.000000
vn 0.000000 -1.000000 -0.000000
vn 0.000000 -1.000000 -0.000000
vn 0.000000 -1.000000 0.000000
vn 0.000000 -1.000000 0.000000
vn 0.000000 -1.000000 0.000000
vn 0.000000 -1.000000 -0.000000
vn 0.000000 -1.000000 -0.000000
vn 0.000000 -1.000000 -0.000000
vn 0.000000 -1.000000 0.000000
vn 0.000000 -1.000000 -0.000000
vn 0.000000 -1.000000 0.000000
vn 0.000000 -1.000000 0.000000
vn 0.000000 -1.000000 0.000000
vn 0.000000 -1.000000 0.000000
vn 0.000000 -1.000000 0.000000
vn 0.000000 1.000000 0.000000
vn 0.000000 1.000000 0.000000
vn 0.000000 1.000000 0.000000
vn 0.000000 1.000000 0.000000
vn 0.000000 1.000000 0.000000
vn 0.000000 1.000000 0.000000
vn 0.000000 1.000000 0.000000
vn 0.000000 1.000000 0.000000
vn 0.000000 1.000000 0.000000
vn 0.000000 1.000000 0.000000
vn 0.000000 1.000000 0.000000
vn 0.000000 1.000000 0.000000
vn 0.000000 1.000000 0.000000
vn 0.000000 1.000000 0.000000
vn 0.000000 1.000000 0.000000
vn 0.000000 1.000000 0.000000
vn 0.000000 1.000000 0.000000
vn 0.000000 1.000000 0.000000
vn 0.000000 1.000000 0.000000
vn 0.000000 1.000000 0.000000
vn 0.000000 1.000000 0.000000
vn 0.000001 -1.000000 -0.000001
vn 0.000001 -1.000000 -0.000001
vn 0.000001 -1.000000 -0.000001
vn 0.000001 -1.000000 -0.000001
vn 0.000001 -1.000000 -0.000001
vn 0.000001 -1.000000 -0.000001
vn 0.000001 -1.000000 -0.000001
vn 0.000001 -1.000000 -0.000001
vn 0.000001 -1.000000 -0.000001
vn 0.000001 -1.000000 -0.000001
vn 0.000001 -1.000000 -0.000001
vn 0.000001 -1.000000 -0.000001
vn 0.000000 -1.000000 -0.000001
vn 0.000000 -1.000000 -0.000001
vn 0.000000 -1.000000 -0.000001
vn 0.000000 -1.000000 -0.000001
vn -0.000000 -1.000000 -0.000001
vn -0.000000 -1.000000 -0.000001
vn -0.000000 -1.000000 -0.000001
vn -0.000000 -1.000000 -0.000001
vn -0.000001 -1.000000 -0.000001
vn -0.000001 -1.000000 -0.000001
vn -0.000001 -1.000000 -0.000001
vn -0.000001 -1.000000 -0.000001
vn -0.000001 -1.000000 -0.000001
vn -0.000001 -1.000000 -0.000001
vn -0.000001 -1.000000 -0.000001
vn -0.000001 -1.000000 -0.000001
vn -0.000001 -1.000000 -0.000001
vn -0.000001 -1.000000 -0.000001
vn -0.000001 -1.000000 -0.000001
vn -0.000001 -1.000000 -0.000001
vn -0.000001 -1.000000 -0.000000
vn -0.000001 -1.000000 -0.000000
vn -0.000001 -1.000000 -0.000000
vn -0.000001 -1.000000 -0.000000
vn -0.000001 -1.000000 0.000000
vn -0.000001 -1.000000 0.000000
vn -0.000001 -1.000000 0.000000
vn -0.000001 -1.000000 0.000000
vn -0.000001 -1.000000 0.000001
vn -0.000001 -1.000000 0.000001
vn -0.000001 -1.000000 0.000001
vn -0.000001 -1.000000 0.000001
vn -0.000001 -1.000000 0.000001
vn -0.000001 -1.000000 0.000001
vn -0.000001 -1.000000 0.000001
vn -0.000001 -1.000000 0.000001
vn -0.000001 -1.000000 0.000001
vn -0.000001 -1.000000 0.000001
vn -0.000001 -1.000000 0.000001
vn -0.000001 -1.000000 0.000001
vn -0.000000 -1.000000 0.000001
vn -0.000000 -1.000000 0.000001
vn -0.000000 -1.000000 0.000001
vn -0.000000 -1.000000 0.000001
vn 0.000000 -1.000000 0.000001
vn 0.000000 -1.000000 0.000001
vn 0.000000 -1.000000 0.000001
vn 0.000000 -1.000000 0.000001
vn 0.000001 -1.000000 0.000001
vn 0.000001 -1.000000 0.000001
vn 0.000001 -1.000000 0.000001
vn 0.000001 -1.000000 0.000001
vn 0.000001 -1.000000 0.000001
vn 0.000001 -1.000000 0.000001
vn 0.000001 -1.000000 0.000001
vn 0.000001 -1.000000 0.000001
vn 0.000001 -1.000000 0.000001
vn 0.000001 -1.000000 0.000001
vn 0.000001 -1.000000 0.000001
vn 0.000001 -1.000000 0.000001
vn 0.000001 -1.000000 0.000000
vn 0.000001 -1.000000 0.000000
vn 0.000001 -1.000000 0.000000
vn 0.000001 -1.000000 0.000000
vn 0.000001 -1.000000 -0.000000
vn 0.000001 -1.000000 -0.000000
vn 0.000001 -1.000000 -0.000000
vn 0.000001 -1.000000 -0.000000
s 1
g pCylinder3
usemtl initialShadingGroup
f 503/783/1060 504/784/1061 524/805/1062 523/804/1063
f 504/784/1061 505/785/1064 525/806/1065 524/805/1062
f 505/785/1064 506/786/1066 526/807/1067 525/806/1065
f 506/786/1066 507/787/1068 527/808/1069 526/807/1067
f 507/787/1068 508/788/1070 528/809/1071 527/808/1069
f 508/788/1070 509/789/1072 529/810/1073 528/809/1071
f 509/789/1072 510/790/1074 530/811/1075 529/810/1073
f 510/790/1074 511/791/1076 531/812/1077 530/811/1075
f 511/791/1076 512/792/1078 532/813/1079 531/812/1077
f 512/792/1078 513/793/1080 533/814/1081 532/813/1079
f 513/793/1080 514/794/1082 534/815/1083 533/814/1081
f 514/794/1082 515/795/1084 535/816/1085 534/815/1083
f 515/795/1084 516/796/1086 536/817/1087 535/816/1085
f 516/796/1086 517/797/1088 537/818/1089 536/817/1087
f 517/797/1088 518/798/1090 538/819/1091 537/818/1089
f 518/798/1090 519/799/1092 539/820/1093 538/819/1091
f 519/799/1092 520/800/1094 540/821/1095 539/820/1093
f 520/800/1094 521/801/1096 541/822/1097 540/821/1095
f 521/801/1096 522/802/1098 542/823/1099 541/822/1097
f 522/802/1098 503/803/1060 523/824/1063 542/823/1099
s 2
usemtl standardSurface5SG
f 545/847/1100 544/848/1101 546/845/1102
f 547/849/1103 545/847/1100 546/845/1102
f 548/850/1104 547/849/1103 546/845/1102
f 549/851/1105 548/850/1104 546/845/1102
f 550/852/1106 549/851/1105 546/845/1102
f 551/853/1107 550/852/1106 546/845/1102
f 552/854/1108 551/853/1107 546/845/1102
f 553/855/1109 552/854/1108 546/845/1102
f 554/856/1110 553/855/1109 546/845/1102
f 555/857/1111 554/856/1110 546/845/1102
f 556/858/1112 555/857/1111 546/845/1102
f 557/859/1113 556/858/1112 546/845/1102
f 558/860/1114 557/859/1113 546/845/1102
f 559/861/1115 558/860/1114 546/845/1102
f 560/862/1116 559/861/1115 546/845/1102
f 561/863/1117 560/862/1116 546/845/1102
f 562/864/1118 561/863/1117 546/845/1102
f 563/865/1119 562/864/1118 546/845/1102
f 564/866/1120 563/865/1119 546/845/1102
f 544/848/1101 564/866/1120 546/845/1102
s 3
usemtl initialShadingGroup
f 523/843/1121 524/842/1122 543/846/1123
f 524/842/1122 525/841/1124 543/846/1123
f 525/841/1124 526/840/1125 543/846/1123
f 526/840/1125 527/839/1126 543/846/1123
f 527/839/1126 528/838/1127 543/846/1123
f 528/838/1127 529/837/1128 543/846/1123
f 529/837/1128 530/836/1129 543/846/1123
f 530/836/1129 531/835/1130 543/846/1123
f 531/835/1130 532/834/1131 543/846/1123
f 532/834/1131 533/833/1132 543/846/1123
f 533/833/1132 534/832/1133 543/846/1123
f 534/832/1133 535/831/1134 543/846/1123
f 535/831/1134 536/830/1135 543/846/1123
f 536/830/1135 537/829/1136 543/846/1123
f 537/829/1136 538/828/1137 543/846/1123
f 538/828/1137 539/827/1138 543/846/1123
f 539/827/1138 540/826/1139 543/846/1123
f 540/826/1139 541/825/1140 543/846/1123
f 541/825/1140 542/844/1141 543/846/1123
f 542/844/1141 523/843/1121 543/846/1123
s off
f 504/764/1142 503/763/1143 544/848/1144 545/847/1145
f 505/765/1146 504/764/1147 545/847/1148 547/849/1149
f 506/766/1150 505/765/1151 547/849/1152 548/850/1153
f 507/767/1154 506/766/1155 548/850/1156 549/851/1157
f 508/768/1158 507/767/1159 549/851/1160 550/852/1161
f 509/769/1162 508/768/1163 550/852/1164 551/853/1165
f 510/770/1166 509/769/1167 551/853/1168 552/854/1169
f 511/771/1170 510/770/1171 552/854/1172 553/855/1173
f 512/772/1174 511/771/1175 553/855/1176 554/856/1177
f 513/773/1178 512/772/1179 554/856/1180 555/857/1181
f 514/774/1182 513/773/1183 555/857/1184 556/858/1185
f 515/775/1186 514/774/1187 556/858/1188 557/859/1189
f 516/776/1190 515/775/1191 557/859/1192 558/860/1193
f 517/777/1194 516/776/1195 558/860/1196 559/861/1197
f 518/778/1198 517/777/1199 559/861/1200 560/862/1201
f 519/779/1202 518/778/1203 560/862/1204 561/863/1205
f 520/780/1206 519/779/1207 561/863/1208 562/864/1209
f 521/781/1210 520/780/1211 562/864/1212 563/865/1213
f 522/782/1214 521/781/1215 563/865/1216 564/866/1217
f 503/763/1218 522/782/1219 564/866/1220 544/848/1221
g default
v 12.085597 14.136883 45.247855
v 11.977431 14.136883 45.035564
v 11.808955 14.136883 44.867089
v 11.596663 14.136883 44.758922
v 11.361338 14.136883 44.721650
v 11.126012 14.136883 44.758922
v 10.913720 14.136883 44.867089
v 10.745246 14.136883 45.035564
v 10.637078 14.136883 45.247855
v 10.599806 14.136883 45.483182
v 10.637078 14.136883 45.718508
v 10.745246 14.136883 45.930799
v 10.913721 14.136883 46.099274
v 11.126012 14.136883 46.207441
v 11.361338 14.136883 46.244713
v 11.596663 14.136883 46.207441
v 11.808954 14.136883 46.099273
v 11.977429 14.136883 45.930798
v 12.085597 14.136883 45.718508
v 12.122869 14.136883 45.483182
v 12.085597 14.409769 45.247855
v 11.977431 14.409769 45.035564
v 11.808955 14.409769 44.867089
v 11.596663 14.409769 44.758922
v 11.361338 14.409769 44.721650
v 11.126012 14.409769 44.758922
v 10.913720 14.409769 44.867089
v 10.745246 14.409769 45.035564
v 10.637078 14.409769 45.247855
v 10.599806 14.409769 45.483182
v 10.637078 14.409769 45.718508
v 10.745246 14.409769 45.930799
v 10.913721 14.409769 46.099274
v 11.126012 14.409769 46.207441
v 11.361338 14.409769 46.244713
v 11.596663 14.409769 46.207441
v 11.808954 14.409769 46.099273
v 11.977429 14.409769 45.930798
v 12.085597 14.409769 45.718508
v 12.122869 14.409769 45.483182
v 11.361338 14.409769 45.483182
v 11.776046 14.136883 45.348435
v 11.714110 14.136883 45.226878
v 11.361338 14.136883 45.483181
v 11.617641 14.136883 45.130410
v 11.496084 14.136883 45.068474
v 11.361338 14.136883 45.047132
v 11.226591 14.136883 45.068474
v 11.105034 14.136883 45.130410
v 11.008566 14.136883 45.226878
v 10.946630 14.136883 45.348435
v 10.925288 14.136883 45.483181
v 10.946630 14.136883 45.617928
v 11.008566 14.136883 45.739485
v 11.105035 14.136883 45.835953
v 11.226591 14.136883 45.897889
v 11.361338 14.136883 45.919231
v 11.496084 14.136883 45.897889
v 11.617641 14.136883 45.835953
v 11.714109 14.136883 45.739485
v 11.776046 14.136883 45.617928
v 11.797387 14.136883 45.483181
vt 0.648603 0.107966
vt 0.626409 0.064408
vt 0.591842 0.029841
vt 0.548284 0.007647
vt 0.500000 -0.000000
vt 0.451716 0.007647
vt 0.408159 0.029841
vt 0.373591 0.064409
vt 0.351397 0.107966
vt 0.343750 0.156250
vt 0.351397 0.204534
vt 0.373591 0.248091
vt 0.408159 0.282659
vt 0.451716 0.304853
vt 0.500000 0.312500
vt 0.548284 0.304853
vt 0.591841 0.282659
vt 0.626409 0.248091
vt 0.648603 0.204534
vt 0.656250 0.156250
vt 0.375000 0.312500
vt 0.387500 0.312500
vt 0.400000 0.312500
vt 0.412500 0.312500
vt 0.425000 0.312500
vt 0.437500 0.312500
vt 0.450000 0.312500
vt 0.462500 0.312500
vt 0.475000 0.312500
vt 0.487500 0.312500
vt 0.500000 0.312500
vt 0.512500 0.312500
vt 0.525000 0.312500
vt 0.537500 0.312500
vt 0.550000 0.312500
vt 0.562500 0.312500
vt 0.575000 0.312500
vt 0.587500 0.312500
vt 0.600000 0.312500
vt 0.612500 0.312500
vt 0.625000 0.312500
vt 0.375000 0.687500
vt 0.387500 0.687500
vt 0.400000 0.687500
vt 0.412500 0.687500
vt 0.425000 0.687500
vt 0.437500 0.687500
vt 0.450000 0.687500
vt 0.462500 0.687500
vt 0.475000 0.687500
vt 0.487500 0.687500
vt 0.500000 0.687500
vt 0.512500 0.687500
vt 0.525000 0.687500
vt 0.537500 0.687500
vt 0.550000 0.687500
vt 0.562500 0.687500
vt 0.575000 0.687500
vt 0.587500 0.687500
vt 0.600000 0.687500
vt 0.612500 0.687500
vt 0.625000 0.687500
vt 0.648603 0.795466
vt 0.626409 0.751908
vt 0.591842 0.717341
vt 0.548284 0.695147
vt 0.500000 0.687500
vt 0.451716 0.695147
vt 0.408159 0.717341
vt 0.373591 0.751909
vt 0.351397 0.795466
vt 0.343750 0.843750
vt 0.351397 0.892034
vt 0.373591 0.935591
vt 0.408159 0.970159
vt 0.451716 0.992353
vt 0.500000 1.000000
vt 0.548284 0.992353
vt 0.591841 0.970159
vt 0.626409 0.935591
vt 0.648603 0.892034
vt 0.656250 0.843750
vt 0.500000 0.156250
vt 0.500000 0.843750
vt 0.626409 0.064408
vt 0.648603 0.107966
vt 0.591842 0.029841
vt 0.548284 0.007647
vt 0.500000 -0.000000
vt 0.451716 0.007647
vt 0.408159 0.029841
vt 0.373591 0.064409
vt 0.351397 0.107966
vt 0.343750 0.156250
vt 0.351397 0.204534
vt 0.373591 0.248091
vt 0.408159 0.282659
vt 0.451716 0.304853
vt 0.500000 0.312500
vt 0.548284 0.304853
vt 0.591841 0.282659
vt 0.626409 0.248091
vt 0.648603 0.204534
vt 0.656250 0.156250
vn 0.951057 0.000000 -0.309015
vn 0.809018 0.000000 -0.587784
vn 0.809018 0.000000 -0.587784
vn 0.951057 0.000000 -0.309015
vn 0.587784 0.000000 -0.809018
vn 0.587784 0.000000 -0.809018
vn 0.309017 0.000000 -0.951057
vn 0.309017 0.000000 -0.951057
vn -0.000000 0.000000 -1.000000
vn -0.000000 0.000000 -1.000000
vn -0.309017 0.000000 -0.951057
vn -0.309017 0.000000 -0.951057
vn -0.587786 0.000000 -0.809017
vn -0.587786 0.000000 -0.809017
vn -0.809018 0.000000 -0.587784
vn -0.809018 0.000000 -0.587784
vn -0.951056 0.000000 -0.309018
vn -0.951056 0.000000 -0.309018
vn -1.000000 0.000000 0.000000
vn -1.000000 0.000000 0.000000
vn -0.951056 0.000000 0.309018
vn -0.951056 0.000000 0.309018
vn -0.809017 0.000000 0.587786
vn -0.809017 0.000000 0.587786
vn -0.587785 0.000000 0.809017
vn -0.587785 0.000000 0.809017
vn -0.309017 0.000000 0.951056
vn -0.309017 0.000000 0.951056
vn -0.000000 0.000000 1.000000
vn -0.000000 0.000000 1.000000
vn 0.309017 0.000000 0.951056
vn 0.309017 0.000000 0.951056
vn 0.587785 0.000000 0.809017
vn 0.587785 0.000000 0.809017
vn 0.809017 0.000000 0.587786
vn 0.809017 0.000000 0.587786
vn 0.951056 0.000000 0.309018
vn 0.951056 0.000000 0.309018
vn 1.000000 0.000000 0.000000
vn 1.000000 0.000000 0.000000
vn 0.000000 -1.000000 0.000000
vn 0.000000 -1.000000 -0.000000
vn 0.000000 -1.000000 -0.000000
vn 0.000000 -1.000000 0.000000
vn 0.000000 -1.000000 -0.000000
vn 0.000000 -1.000000 -0.000000
vn 0.000000 -1.000000 -0.000000
vn 0.000000 -1.000000 -0.000000
vn 0.000000 -1.000000 0.000000
vn 0.000000 -1.000000 0.000000
vn 0.000000 -1.000000 0.000000
vn 0.000000 -1.000000 -0.000000
vn 0.000000 -1.000000 -0.000000
vn 0.000000 -1.000000 -0.000000
vn 0.000000 -1.000000 0.000000
vn 0.000000 -1.000000 -0.000000
vn 0.000000 -1.000000 0.000000
vn 0.000000 -1.000000 0.000000
vn 0.000000 -1.000000 0.000000
vn 0.000000 -1.000000 0.000000
vn 0.000000 -1.000000 0.000000
vn 0.000000 1.000000 0.000000
vn 0.000000 1.000000 0.000000
vn 0.000000 1.000000 0.000000
vn 0.000000 1.000000 0.000000
vn 0.000000 1.000000 0.000000
vn 0.000000 1.000000 0.000000
vn 0.000000 1.000000 0.000000
vn 0.000000 1.000000 0.000000
vn 0.000000 1.000000 0.000000
vn 0.000000 1.000000 0.000000
vn 0.000000 1.000000 0.000000
vn 0.000000 1.000000 0.000000
vn 0.000000 1.000000 0.000000
vn 0.000000 1.000000 0.000000
vn 0.000000 1.000000 0.000000
vn 0.000000 1.000000 0.000000
vn 0.000000 1.000000 0.000000
vn 0.000000 1.000000 0.000000
vn 0.000000 1.000000 0.000000
vn 0.000000 1.000000 0.000000
vn 0.000000 1.000000 0.000000
vn 0.000001 -1.000000 -0.000001
vn 0.000001 -1.000000 -0.000001
vn 0.000001 -1.000000 -0.000001
vn 0.000001 -1.000000 -0.000001
vn 0.000001 -1.000000 -0.000001
vn 0.000001 -1.000000 -0.000001
vn 0.000001 -1.000000 -0.000001
vn 0.000001 -1.000000 -0.000001
vn 0.000001 -1.000000 -0.000001
vn 0.000001 -1.000000 -0.000001
vn 0.000001 -1.000000 -0.000001
vn 0.000001 -1.000000 -0.000001
vn 0.000000 -1.000000 -0.000001
vn 0.000000 -1.000000 -0.000001
vn 0.000000 -1.000000 -0.000001
vn 0.000000 -1.000000 -0.000001
vn -0.000000 -1.000000 -0.000001
vn -0.000000 -1.000000 -0.000001
vn -0.000000 -1.000000 -0.000001
vn -0.000000 -1.000000 -0.000001
vn -0.000001 -1.000000 -0.000001
vn -0.000001 -1.000000 -0.000001
vn -0.000001 -1.000000 -0.000001
vn -0.000001 -1.000000 -0.000001
vn -0.000001 -1.000000 -0.000001
vn -0.000001 -1.000000 -0.000001
vn -0.000001 -1.000000 -0.000001
vn -0.000001 -1.000000 -0.000001
vn -0.000001 -1.000000 -0.000001
vn -0.000001 -1.000000 -0.000001
vn -0.000001 -1.000000 -0.000001
vn -0.000001 -1.000000 -0.000001
vn -0.000001 -1.000000 -0.000000
vn -0.000001 -1.000000 -0.000000
vn -0.000001 -1.000000 -0.000000
vn -0.000001 -1.000000 -0.000000
vn -0.000001 -1.000000 0.000000
vn -0.000001 -1.000000 0.000000
vn -0.000001 -1.000000 0.000000
vn -0.000001 -1.000000 0.000000
vn -0.000001 -1.000000 0.000001
vn -0.000001 -1.000000 0.000001
vn -0.000001 -1.000000 0.000001
vn -0.000001 -1.000000 0.000001
vn -0.000001 -1.000000 0.000001
vn -0.000001 -1.000000 0.000001
vn -0.000001 -1.000000 0.000001
vn -0.000001 -1.000000 0.000001
vn -0.000001 -1.000000 0.000001
vn -0.000001 -1.000000 0.000001
vn -0.000001 -1.000000 0.000001
vn -0.000001 -1.000000 0.000001
vn -0.000000 -1.000000 0.000001
vn -0.000000 -1.000000 0.000001
vn -0.000000 -1.000000 0.000001
vn -0.000000 -1.000000 0.000001
vn 0.000000 -1.000000 0.000001
vn 0.000000 -1.000000 0.000001
vn 0.000000 -1.000000 0.000001
vn 0.000000 -1.000000 0.000001
vn 0.000001 -1.000000 0.000001
vn 0.000001 -1.000000 0.000001
vn 0.000001 -1.000000 0.000001
vn 0.000001 -1.000000 0.000001
vn 0.000001 -1.000000 0.000001
vn 0.000001 -1.000000 0.000001
vn 0.000001 -1.000000 0.000001
vn 0.000001 -1.000000 0.000001
vn 0.000001 -1.000000 0.000001
vn 0.000001 -1.000000 0.000001
vn 0.000001 -1.000000 0.000001
vn 0.000001 -1.000000 0.000001
vn 0.000001 -1.000000 0.000000
vn 0.000001 -1.000000 0.000000
vn 0.000001 -1.000000 0.000000
vn 0.000001 -1.000000 0.000000
vn 0.000001 -1.000000 -0.000000
vn 0.000001 -1.000000 -0.000000
vn 0.000001 -1.000000 -0.000000
vn 0.000001 -1.000000 -0.000000
s 1
g pCylinder4
usemtl initialShadingGroup
f 565/887/1222 566/888/1223 586/909/1224 585/908/1225
f 566/888/1223 567/889/1226 587/910/1227 586/909/1224
f 567/889/1226 568/890/1228 588/911/1229 587/910/1227
f 568/890/1228 569/891/1230 589/912/1231 588/911/1229
f 569/891/1230 570/892/1232 590/913/1233 589/912/1231
f 570/892/1232 571/893/1234 591/914/1235 590/913/1233
f 571/893/1234 572/894/1236 592/915/1237 591/914/1235
f 572/894/1236 573/895/1238 593/916/1239 592/915/1237
f 573/895/1238 574/896/1240 594/917/1241 593/916/1239
f 574/896/1240 575/897/1242 595/918/1243 594/917/1241
f 575/897/1242 576/898/1244 596/919/1245 595/918/1243
f 576/898/1244 577/899/1246 597/920/1247 596/919/1245
f 577/899/1246 578/900/1248 598/921/1249 597/920/1247
f 578/900/1248 579/901/1250 599/922/1251 598/921/1249
f 579/901/1250 580/902/1252 600/923/1253 599/922/1251
f 580/902/1252 581/903/1254 601/924/1255 600/923/1253
f 581/903/1254 582/904/1256 602/925/1257 601/924/1255
f 582/904/1256 583/905/1258 603/926/1259 602/925/1257
f 583/905/1258 584/906/1260 604/927/1261 603/926/1259
f 584/906/1260 565/907/1222 585/928/1225 604/927/1261
s 2
usemtl standardSurface5SG
f 607/951/1262 606/952/1263 608/949/1264
f 609/953/1265 607/951/1262 608/949/1264
f 610/954/1266 609/953/1265 608/949/1264
f 611/955/1267 610/954/1266 608/949/1264
f 612/956/1268 611/955/1267 608/949/1264
f 613/957/1269 612/956/1268 608/949/1264
f 614/958/1270 613/957/1269 608/949/1264
f 615/959/1271 614/958/1270 608/949/1264
f 616/960/1272 615/959/1271 608/949/1264
f 617/961/1273 616/960/1272 608/949/1264
f 618/962/1274 617/961/1273 608/949/1264
f 619/963/1275 618/962/1274 608/949/1264
f 620/964/1276 619/963/1275 608/949/1264
f 621/965/1277 620/964/1276 608/949/1264
f 622/966/1278 621/965/1277 608/949/1264
f 623/967/1279 622/966/1278 608/949/1264
f 624/968/1280 623/967/1279 608/949/1264
f 625/969/1281 624/968/1280 608/949/1264
f 626/970/1282 625/969/1281 608/949/1264
f 606/952/1263 626/970/1282 608/949/1264
s 3
usemtl initialShadingGroup
f 585/947/1283 586/946/1284 605/950/1285
f 586/946/1284 587/945/1286 605/950/1285
f 587/945/1286 588/944/1287 605/950/1285
f 588/944/1287 589/943/1288 605/950/1285
f 589/943/1288 590/942/1289 605/950/1285
f 590/942/1289 591/941/1290 605/950/1285
f 591/941/1290 592/940/1291 605/950/1285
f 592/940/1291 593/939/1292 605/950/1285
f 593/939/1292 594/938/1293 605/950/1285
f 594/938/1293 595/937/1294 605/950/1285
f 595/937/1294 596/936/1295 605/950/1285
f 596/936/1295 597/935/1296 605/950/1285
f 597/935/1296 598/934/1297 605/950/1285
f 598/934/1297 599/933/1298 605/950/1285
f 599/933/1298 600/932/1299 605/950/1285
f 600/932/1299 601/931/1300 605/950/1285
f 601/931/1300 602/930/1301 605/950/1285
f 602/930/1301 603/929/1302 605/950/1285
f 603/929/1302 604/948/1303 605/950/1285
f 604/948/1303 585/947/1283 605/950/1285
s off
f 566/868/1304 565/867/1305 606/952/1306 607/951/1307
f 567/869/1308 566/868/1309 607/951/1310 609/953/1311
f 568/870/1312 567/869/1313 609/953/1314 610/954/1315
f 569/871/1316 568/870/1317 610/954/1318 611/955/1319
f 570/872/1320 569/871/1321 611/955/1322 612/956/1323
f 571/873/1324 570/872/1325 612/956/1326 613/957/1327
f 572/874/1328 571/873/1329 613/957/1330 614/958/1331
f 573/875/1332 572/874/1333 614/958/1334 615/959/1335
f 574/876/1336 573/875/1337 615/959/1338 616/960/1339
f 575/877/1340 574/876/1341 616/960/1342 617/961/1343
f 576/878/1344 575/877/1345 617/961/1346 618/962/1347
f 577/879/1348 576/878/1349 618/962/1350 619/963/1351
f 578/880/1352 577/879/1353 619/963/1354 620/964/1355
f 579/881/1356 578/880/1357 620/964/1358 621/965/1359
f 580/882/1360 579/881/1361 621/965/1362 622/966/1363
f 581/883/1364 580/882/1365 622/966/1366 623/967/1367
f 582/884/1368 581/883/1369 623/967/1370 624/968/1371
f 583/885/1372 582/884/1373 624/968/1374 625/969/1375
f 584/886/1376 583/885/1377 625/969/1378 626/970/1379
f 565/867/1380 584/886/1381 626/970/1382 606/952/1383
