<?xml version="1.0"?>
<COLLADA xmlns="http://www.collada.org/2005/11/COLLADASchema" version="1.4.1">
  <asset>
    <contributor>
      <author>Assimp</author>
      <authoring_tool>Assimp Exporter</authoring_tool>
    </contributor>
    <created>2018-09-14T14:18:34</created>
    <modified>2018-09-14T14:18:34</modified>
    <unit name="meter" meter="1" />
    <up_axis>Y_UP</up_axis>
  </asset>
  <library_effects>
    <effect id="DefaultMaterial-fx" name="DefaultMaterial">
      <profile_COMMON>
        <technique sid="standard">
          <phong>
          </phong>
        </technique>
      </profile_COMMON>
    </effect>
  </library_effects>
  <library_materials>
    <material id="DefaultMaterial" name="DefaultMaterial">
      <instance_effect url="#DefaultMaterial-fx"/>
    </material>
  </library_materials>
  <library_geometries>
    <geometry id="meshId0" name="meshId0_name" >
      <mesh>
        <source id="meshId0-positions" name="meshId0-positions">
          <float_array id="meshId0-positions-array" count="4047"> -0.105184 -0.696796 0.757508 -0.388618 -0.693324 0.889673 -0.38857 -0.885345 0.889655 -0.106848 -0.885863 0.758282 -0.884695 -0.719472 -0.426158 -0.645703 -0.72248 -0.537604 -0.646882 -0.882003 -0.537052 -0.884672 -0.881567 -0.426171 -0.840437 -0.995651 -0.0794171 -0.559292 -0.9982 -0.210517 -0.121857 -0.9982 0.727568 -0.403 -0.995651 0.858667 0.501831 -0.887808 -0.705329 0.512156 -0.709783 -0.710144 0.949591 -0.709783 0.227941 0.939267 -0.887808 0.232755 0.411815 0.533028 -0.66335 0.096813 0.547444 -0.516462 0.53425 0.547444 0.421623 0.849251 0.533028 0.274735 -0.949662 0.441641 -0.0284841 -0.952612 0.331001 -0.0271085 -0.515176 0.331001 0.910976 -0.512225 0.441641 0.9096 0.852089 -0.70854 0.311125 0.848679 -0.887616 0.312718 0.904882 -0.887718 0.286508 0.908281 -0.709229 0.284921 0.46824 0.474589 -0.718385 0.482312 0.412021 -0.724947 0.455722 0.412567 -0.712548 0.444192 0.456746 -0.707176 0.395629 -0.997983 -0.655803 0.833066 -0.997983 0.282282 0.526822 -0.999516 0.425086 0.0893853 -0.999516 -0.512998 -0.840657 0.559092 -0.0793179 -0.403221 0.559092 0.858767 -0.114161 0.560592 0.72398 -0.551598 0.560592 -0.214105 -0.099874 0.52641 0.755036 -0.38877 0.52491 0.889748 -0.388767 0.501721 0.889748 -0.100016 0.495785 0.755098 -0.641487 0.257052 -0.539568 -0.641615 0.230547 -0.539512 -0.88483 0.23554 -0.426096 -0.884834 0.262057 -0.426096 0.516904 0.411537 -0.712356 0.954339 0.411537 0.225729 0.956055 0.312863 0.224929 0.51862 0.312863 -0.713155 -0.94737 -0.885149 -0.029556 -0.509934 -0.885149 0.908529 -0.517294 -0.691684 0.911961 -0.954729 -0.691684 -0.0261233 0.912452 0.481363 0.282976 0.863335 0.498848 0.305883 0.863093 0.475987 0.305995 0.907639 0.459238 0.285219 0.467236 -0.887765 -0.71792 0.441999 -0.887718 -0.706153 0.443884 -0.70909 -0.707033 0.477561 -0.709497 -0.722735 -0.459416 -0.983288 0.884977 -0.896852 -0.983288 -0.0531079 0.395629 -0.997983 -0.655803 0.451965 -0.985825 -0.682075 0.889401 -0.985825 0.25601 0.833066 -0.997983 0.282282 0.50283 0.474104 -0.705794 0.940267 0.474104 0.232291 -0.897205 0.542781 -0.0529468 -0.45977 0.542781 0.885138 -0.459416 -0.983288 0.884977 -0.49506 -0.946455 0.901595 -0.932497 -0.946455 -0.0364896 -0.896852 -0.983288 -0.0531079 -0.49506 -0.946455 0.901595 -0.932497 -0.946455 -0.0364896 0.451965 -0.985825 -0.682075 0.487365 -0.949101 -0.698582 0.924801 -0.949101 0.239503 0.889401 -0.985825 0.25601 0.487365 -0.949101 -0.698582 0.924801 -0.949101 0.239503 0.467802 0.514601 -0.689461 0.905237 0.514601 0.248624 -0.93354 0.50363 -0.0360001 -0.496104 0.50363 0.902084 -0.439627 0.509181 0.913461 -0.45259 0.49181 0.919508 -0.435505 0.484864 0.91154 -0.471871 -0.692193 0.928499 -0.464508 -0.885206 0.925066 -0.444993 -0.885242 0.915964 -0.445071 -0.692634 0.916001 -0.469752 0.330648 0.927508 -0.445274 0.330369 0.916094 -0.4453 0.440564 0.916107 -0.466805 0.441006 0.926138 -0.459672 0.33024 0.857633 -0.413707 0.329679 0.836194 -0.413722 0.439403 0.836206 -0.459698 0.440348 0.857645 -0.109264 0.326172 0.737469 -0.125283 0.433483 0.701705 0.88203 0.313844 0.231987 0.883076 0.412784 0.231497 0.83747 0.41372 0.252763 0.836421 0.314404 0.253252 0.873875 0.450227 0.235785 0.838006 0.464327 0.252515 -0.125037 0.484125 0.701587 -0.41373 0.490061 0.836206 -0.451597 0.475796 0.853865 0.847874 -0.963803 0.313089 0.898938 -0.954248 0.289277 -0.388559 -0.961468 0.889649 -0.10724 -0.964018 0.758468 -0.441938 -0.953575 0.914539 -0.453116 -0.941143 0.91975 0.911131 -0.943275 0.283595 0.922733 -0.887752 0.27818 0.933058 -0.709475 0.273365 0.939525 0.313361 0.270354 0.93781 0.412172 0.271153 0.918607 0.412567 0.280107 0.917563 0.313714 0.280596 0.924928 0.464698 0.277157 0.548627 0.513262 0.452635 0.548565 0.482452 0.452659 0.523543 0.470792 0.399149 0.523298 0.420169 0.399267 0.540039 0.318246 0.436388 0.543468 -0.704751 0.455039 0.541843 -0.887052 0.455795 0.541448 -0.965335 0.455981 -0.114434 -0.49495 0.735703 -0.413605 -0.491472 0.83615 -0.413584 -0.681663 0.836138 -0.130105 -0.685136 0.703954 -0.645091 -0.558857 -0.537889 -0.884718 -0.555865 -0.426152 0.515042 -0.515787 -0.711488 0.952477 -0.515787 0.226596 -0.959003 -0.108615 -0.0241281 -0.521568 -0.108615 0.913956 0.935945 -0.515452 0.272021 0.909825 -0.515167 0.284203 0.486235 -0.126508 -0.726781 0.450037 -0.126063 -0.709902 0.454678 0.313526 -0.712065 0.484026 0.313158 -0.725746 -0.459503 -0.49091 0.857552 -0.459469 -0.681101 0.857534 -0.445105 -0.498562 0.916014 -0.473293 -0.498134 0.929162 0.874355 -0.507258 0.235562 0.828732 -0.506698 0.25684 0.827215 -0.696879 0.257546 0.87284 -0.697439 0.236268 0.53422 -0.5029 0.433234 0.518547 -0.69309 0.401479 -0.107709 -0.113602 0.746404 -0.413645 -0.110112 0.836169 -0.642058 0.14004 -0.539301 -0.643866 -0.230769 -0.538459 -0.884764 -0.227809 -0.426127 -0.884817 0.142983 -0.426102 0.520829 -0.126798 -0.714184 0.958266 -0.126798 0.223901 -0.956151 -0.49766 -0.0254603 -0.518716 -0.49766 0.912624 0.941734 -0.126409 0.269325 0.912922 -0.126047 0.282759 0.480448 -0.5155 -0.724079 0.445932 -0.51508 -0.707988 -0.45957 -0.109551 0.857583 -0.445173 -0.109422 0.916051 -0.476143 -0.109019 0.930488 0.877389 -0.125917 0.234149 0.831771 -0.125357 0.255421 0.540943 -0.121542 0.443929 -0.368158 0.224934 -0.667024 -0.368034 0.251431 -0.66708 -0.234955 -1 -0.361761 0.20248 -1 0.576324 -0.227323 0.558146 -0.365317 0.210113 0.558146 0.572767 0.218763 0.322215 0.594169 0.199007 0.426826 0.550486 -0.372212 -0.725888 -0.665134 -0.373372 -0.882505 -0.664595 0.224274 0.489119 0.603878 0.224418 0.523964 0.60381 0.199252 0.477458 0.550368 0.217499 -0.886458 0.607039 0.219142 -0.700771 0.60627 0.2171 -0.965818 0.607224 0.228443 -0.117568 0.620528 -0.3716 -0.562248 -0.665419 -0.0981096 -0.565597 -0.79295 -0.0987215 -0.729231 -0.792665 0.215192 -0.498922 0.59583 -0.0968827 -0.237489 -0.79352 -0.370374 -0.234128 -0.66599 -0.368566 0.136697 -0.666832 -0.095075 0.133299 -0.794363 -0.0947373 0.219322 -0.794524 -0.0946319 0.245811 -0.794574 -0.0998693 -0.883007 -0.792132 -0.388618 -0.693324 0.889673 -0.105184 -0.696796 0.757508 -0.125221 -0.696796 0.714537 -0.408654 -0.693324 0.846709 0.219142 -0.700771 0.60627 0.199105 -0.700771 0.563306 0.543468 -0.704751 0.455039 0.523431 -0.704751 0.412068 0.852089 -0.70854 0.311125 0.832052 -0.70854 0.268154 0.908281 -0.709229 0.284921 0.888244 -0.709229 0.24195 0.909825 -0.515167 0.284203 0.889788 -0.515167 0.241232 0.888244 -0.709229 0.24195 0.908281 -0.709229 0.284921 0.912922 -0.126047 0.282759 0.917563 0.313714 0.280596 0.897526 0.313714 0.237625 0.892885 -0.126047 0.239788 0.918607 0.412567 0.280107 0.89857 0.412567 0.237136 0.907639 0.459238 0.285219 0.887602 0.459238 0.242254 0.907639 0.459238 0.285219 0.863093 0.475987 0.305995 0.843058 0.475987 0.263024 0.887602 0.459238 0.242254 0.548565 0.482452 0.452659 0.528528 0.482452 0.409695 0.224274 0.489119 0.603878 0.204237 0.489119 0.560914 -0.100016 0.495785 0.755098 -0.120054 0.495785 0.712127 -0.388767 0.501721 0.889748 -0.408804 0.501721 0.846777 -0.435505 0.484864 0.91154 -0.455542 0.484864 0.868569 -0.435505 0.484864 0.91154 -0.4453 0.440564 0.916107 -0.465337 0.440564 0.873136 -0.455542 0.484864 0.868569 -0.445274 0.330369 0.916094 -0.465311 0.330369 0.873123 -0.445173 -0.109422 0.916051 -0.46521 -0.109422 0.87308 -0.445105 -0.498562 0.916014 -0.465142 -0.498562 0.873049 -0.445071 -0.692634 0.916001 -0.465108 -0.692634 0.87303 -0.412351 -0.690409 0.838778 -0.128906 -0.693881 0.706606 0.19542 -0.697856 0.555374 0.194221 -0.689111 0.552716 0.519748 -0.701835 0.404137 0.828379 -0.705624 0.260217 0.881928 -0.706281 0.235246 0.883465 -0.51319 0.234534 0.886547 -0.126014 0.233096 0.891188 0.313747 0.230934 0.892232 0.412621 0.230444 0.881707 0.456985 0.235351 0.839331 0.473072 0.255111 0.524818 0.479537 0.40177 0.200527 0.486204 0.552989 -0.123764 0.49287 0.704208 -0.412499 0.498806 0.838852 -0.45702 0.482597 0.859609 -0.46639 0.44051 0.863978 -0.466366 0.330337 0.863965 -0.466263 -0.109454 0.863922 -0.466197 -0.49665 0.863891 -0.466163 -0.68975 0.863872 -0.412351 -0.690409 0.838778 -0.128906 -0.693881 0.706606 0.19542 -0.697856 0.555374 0.519748 -0.701835 0.404137 0.828379 -0.705624 0.260217 0.881928 -0.706281 0.235246 0.881928 -0.706281 0.235246 0.883465 -0.51319 0.234534 0.886547 -0.126014 0.233096 0.891188 0.313747 0.230934 0.892232 0.412621 0.230444 0.881707 0.456985 0.235351 0.881707 0.456985 0.235351 0.839331 0.473072 0.255111 0.524818 0.479537 0.40177 0.200527 0.486204 0.552989 -0.123764 0.49287 0.704208 -0.412499 0.498806 0.838852 -0.45702 0.482597 0.859609 -0.45702 0.482597 0.859609 -0.46639 0.44051 0.863978 -0.466366 0.330337 0.863965 -0.466263 -0.109454 0.863922 -0.466197 -0.49665 0.863891 -0.466163 -0.68975 0.863872 -0.392167 -0.987105 0.881903 -0.110979 -0.989654 0.750779 0.942357 -0.887794 0.259604 0.952681 -0.709706 0.254789 0.859995 0.524483 0.298008 0.545067 0.538898 0.444865 -0.493648 0.441482 0.929224 -0.496597 0.330913 0.9306 0.537701 -0.990971 0.448297 0.84399 -0.989438 0.305474 -0.103367 0.552046 0.747234 -0.392386 0.550547 0.882002 -0.498715 -0.691812 0.931585 -0.491353 -0.885163 0.928152 0.959147 0.312987 0.251771 0.957429 0.411696 0.252577 -0.392167 -0.987105 0.881903 -0.448584 -0.974743 0.908213 0.942357 -0.887794 0.259604 0.92789 -0.949086 0.266351 -0.493648 0.441482 0.929224 -0.478002 0.500676 0.921925 0.859995 0.524483 0.298008 0.914265 0.506291 0.272702 -0.476481 -0.94647 0.921218 -0.491353 -0.885163 0.928152 -0.448584 -0.974743 0.908213 -0.476481 -0.94647 0.921218 0.900326 -0.97728 0.279202 0.84399 -0.989438 0.305474 0.92789 -0.949086 0.266351 0.900326 -0.97728 0.279202 -0.44751 0.534381 0.907711 -0.392386 0.550547 0.882002 0.943655 0.471752 0.258996 0.957429 0.411696 0.252577 -0.498715 -0.691812 0.931585 -0.500137 -0.497779 0.932248 0.959147 0.312987 0.251771 0.961356 -0.126701 0.250743 -0.502988 -0.108716 0.93358 -0.496597 0.330913 0.9306 0.955567 -0.515703 0.253444 0.537701 -0.990971 0.448297 0.213358 -0.991454 0.599541 -0.103367 0.552046 0.747234 0.220913 0.5496 0.596022 -0.110979 -0.989654 0.750779 0.545067 0.538898 0.444865 0.952681 -0.709706 0.254789 0.84399 -0.989438 0.305474 -0.448584 -0.974743 0.908213 0.92789 -0.949086 0.266351 -0.478002 0.500676 0.921925 0.914265 0.506291 0.272702 -0.476481 -0.94647 0.921218 0.900326 -0.97728 0.279202 -0.44751 0.534381 0.907711 0.943655 0.471752 0.258996 -0.500137 -0.497779 0.932248 0.961356 -0.126701 0.250743 -0.502988 -0.108716 0.93358 0.955567 -0.515703 0.253444 0.213358 -0.991454 0.599541 0.220913 0.5496 0.596022 -0.445071 -0.692634 0.916001 -0.465108 -0.692634 0.87303 -0.466163 -0.68975 0.863872 -0.934777 -0.885193 -0.0641496 -0.94214 -0.691981 -0.0607169 -0.907921 -0.692412 -0.0766722 -0.907876 -0.885242 -0.0766969 -0.943562 -0.497955 -0.0600539 -0.907966 -0.498399 -0.0766536 -0.946412 -0.108905 -0.0587217 -0.908056 -0.109377 -0.0766102 -0.940022 0.330715 -0.0617021 -0.908158 0.330329 -0.0765606 -0.920952 0.503146 -0.0705937 -0.897685 0.48845 -0.0814495 -0.908183 0.440564 -0.0765482 -0.937075 0.441157 -0.0630776 -0.90892 0.236035 -0.414862 -0.904041 0.255646 -0.417136 -0.90881 -0.227514 -0.414918 -0.908896 0.143275 -0.414875 -0.908735 -0.555566 -0.414949 -0.908696 -0.71917 -0.414968 -0.908657 -0.881523 -0.414986 0.452769 -0.949057 -0.711172 0.441238 -0.959795 -0.705794 0.424194 -0.934459 -0.697851 0.0785791 -0.973484 -0.536687 -0.245764 -0.973968 -0.385443 -0.245571 -0.947755 -0.385536 0.0787665 -0.948359 -0.536773 -0.570103 -0.972168 -0.234199 -0.569917 -0.947151 -0.234286 -0.851441 -0.969618 -0.103012 -0.851446 -0.946626 -0.103006 -0.907861 -0.957256 -0.0767031 -0.897106 -0.928976 -0.0817159 -0.919905 -0.946499 -0.0710832 -0.884668 -0.90721 -0.426171 -0.903655 -0.898317 -0.417322 -0.647071 -0.907653 -0.536965 -0.373561 -0.908163 -0.664509 -0.100061 -0.908673 -0.792039 0.385147 -0.94893 -0.67964 0.384904 -0.971952 -0.679528 0.15865 -0.883481 -0.91268 0.158379 -0.909154 -0.912556 0.160247 -0.732364 -0.913424 0.161977 -0.568761 -0.914229 0.165446 -0.240713 -0.915846 0.169363 0.129986 -0.917674 0.17053 0.240359 -0.918219 0.170251 0.213882 -0.918089 0.188427 0.230676 -0.926566 0.194027 0.213394 -0.929174 0.193144 0.129688 -0.928765 0.189231 -0.241005 -0.926938 0.185769 -0.56905 -0.925327 0.184042 -0.732652 -0.924521 0.182451 -0.883525 -0.923777 0.173411 -0.90205 -0.919564 -0.908202 0.516748 -0.076542 -0.851655 0.533059 -0.102913 -0.85165 0.501721 -0.102913 -0.562726 0.534559 -0.237638 -0.562915 0.495786 -0.237551 -0.238445 0.532114 -0.388857 -0.238645 0.48912 -0.388764 0.0857094 0.521411 -0.540008 0.085556 0.482456 -0.53994 0.400538 0.506997 -0.686815 0.40021 0.475987 -0.686666 0.456524 0.48857 -0.712926 -0.949723 -0.88516 -0.0499974 -0.957084 -0.691758 -0.0465709 -0.848907 0.552584 -0.0970082 -0.559881 0.554083 -0.231789 0.502754 0.411658 -0.727301 0.504471 0.312937 -0.728101 0.387447 -0.991475 -0.67353 0.081183 -0.993009 -0.53072 0.0885364 0.540936 -0.534146 0.403494 0.526521 -0.681015 -0.567496 -0.991692 -0.228238 -0.848688 -0.989142 -0.0971135 0.498005 -0.709712 -0.725089 0.487681 -0.887798 -0.720275 -0.954966 0.330929 -0.0475561 -0.952015 0.44152 -0.0489316 -0.949723 -0.88516 -0.0499974 -0.93485 -0.946466 -0.0569372 0.387447 -0.991475 -0.67353 0.443782 -0.979317 -0.699802 -0.848907 0.552584 -0.0970082 -0.905455 0.536273 -0.0706432 0.502754 0.411658 -0.727301 0.488681 0.474225 -0.720739 -0.905105 -0.976781 -0.0708043 -0.848688 -0.989142 -0.0971135 -0.93485 -0.946466 -0.0569372 -0.905105 -0.976781 -0.0708043 0.473215 -0.949089 -0.713527 0.487681 -0.887798 -0.720275 0.443782 -0.979317 -0.699802 0.473215 -0.949089 -0.713527 -0.935894 0.50351 -0.0564477 -0.952015 0.44152 -0.0489316 0.459482 0.508093 -0.70712 0.403494 0.526521 -0.681015 0.498005 -0.709712 -0.725089 0.500892 -0.515715 -0.726434 -0.954966 0.330929 -0.0475561 -0.961356 -0.108688 -0.0445757 0.50668 -0.126725 -0.729129 0.504471 0.312937 -0.728101 -0.958506 -0.497734 -0.0459079 0.0885364 0.540936 -0.534146 -0.235604 0.551638 -0.383001 -0.567496 -0.991692 -0.228238 -0.243159 -0.993491 -0.379476 -0.559881 0.554083 -0.231789 0.081183 -0.993009 -0.53072 -0.957084 -0.691758 -0.0465709 0.387447 -0.991475 -0.67353 -0.93485 -0.946466 -0.0569372 0.443782 -0.979317 -0.699802 -0.905455 0.536273 -0.0706432 0.488681 0.474225 -0.720739 -0.905105 -0.976781 -0.0708043 0.473215 -0.949089 -0.713527 -0.935894 0.50351 -0.0564477 0.459482 0.508093 -0.70712 0.500892 -0.515715 -0.726434 -0.961356 -0.108688 -0.0445757 0.50668 -0.126725 -0.729129 -0.958506 -0.497734 -0.0459079 -0.235604 0.551638 -0.383001 -0.243159 -0.993491 -0.379476 -0.120122 -0.856454 0.726589 -0.125254 -0.824342 0.72898 -0.0920047 -0.824342 0.80028 -0.0868743 -0.856454 0.797889 -0.14003 -0.796103 0.735871 -0.106781 -0.796103 0.807177 -0.162668 -0.775142 0.746429 -0.129421 -0.775142 0.817729 -0.19044 -0.76399 0.759379 -0.157191 -0.76399 0.830679 -0.219993 -0.76399 0.77316 -0.186744 -0.76399 0.84446 -0.247762 -0.775142 0.78611 -0.214514 -0.775142 0.85741 -0.2704 -0.796103 0.796662 -0.237153 -0.796103 0.867968 -0.285177 -0.824342 0.803552 -0.251928 -0.824342 0.874858 -0.290309 -0.856454 0.80595 -0.25706 -0.856454 0.87725 -0.285177 -0.888566 0.803552 -0.251928 -0.888566 0.874858 -0.2704 -0.916805 0.796662 -0.237153 -0.916805 0.867968 -0.247762 -0.937765 0.78611 -0.214514 -0.937765 0.85741 -0.219993 -0.948918 0.77316 -0.186744 -0.948918 0.84446 -0.219993 -0.948918 0.77316 -0.19044 -0.948918 0.759379 -0.157191 -0.948918 0.830679 -0.186744 -0.948918 0.84446 -0.16267 -0.937765 0.746429 -0.129421 -0.937765 0.817729 -0.14003 -0.916805 0.735871 -0.106781 -0.916805 0.807177 -0.125254 -0.888566 0.72898 -0.0920047 -0.888567 0.80028 -0.091255 -0.824988 0.806099 -0.0862268 -0.856454 0.80375 -0.105734 -0.797318 0.812846 -0.127917 -0.77678 0.823194 -0.155127 -0.765852 0.835884 -0.184085 -0.765853 0.849386 -0.211296 -0.77678 0.862075 -0.233479 -0.797318 0.872417 -0.247958 -0.824988 0.879171 -0.252986 -0.856454 0.881513 -0.247958 -0.88792 0.879171 -0.233479 -0.91559 0.872417 -0.211296 -0.936127 0.862075 -0.184085 -0.947056 0.849386 -0.155127 -0.947056 0.835884 -0.184085 -0.947056 0.849386 -0.127917 -0.936127 0.823194 -0.105734 -0.91559 0.812846 -0.091255 -0.88792 0.806099 -0.091255 -0.824988 0.806099 -0.095298 -0.826928 0.810039 -0.0905796 -0.856454 0.80784 -0.0862268 -0.856454 0.80375 -0.105734 -0.797318 0.812846 -0.108885 -0.800964 0.816372 -0.127917 -0.77678 0.823194 -0.1297 -0.781693 0.826082 -0.155127 -0.765852 0.835884 -0.155233 -0.771438 0.837985 -0.184085 -0.765853 0.849386 -0.182405 -0.771438 0.850656 -0.211296 -0.77678 0.862075 -0.207939 -0.781693 0.862565 -0.233479 -0.797318 0.872417 -0.228754 -0.800964 0.872268 -0.247958 -0.824988 0.879171 -0.242339 -0.826928 0.878601 -0.252986 -0.856454 0.881513 -0.247058 -0.856454 0.880807 -0.247958 -0.88792 0.879171 -0.242339 -0.88598 0.878601 -0.233479 -0.91559 0.872417 -0.228754 -0.911944 0.872268 -0.211296 -0.936127 0.862075 -0.207939 -0.931215 0.862565 -0.184085 -0.947056 0.849386 -0.182405 -0.941469 0.850656 -0.155127 -0.947056 0.835884 -0.155233 -0.941469 0.837985 -0.127917 -0.936127 0.823194 -0.1297 -0.931215 0.826082 -0.105734 -0.91559 0.812846 -0.108885 -0.911944 0.816372 -0.091255 -0.88792 0.806099 -0.095298 -0.88598 0.810039 -0.165943 -0.856455 0.850488 0.0805665 -0.935502 0.663022 0.0794806 -0.928703 0.66353 0.0865195 -0.928703 0.678624 0.0876054 -0.935502 0.678122 0.0763515 -0.922724 0.664986 0.0833904 -0.922724 0.680086 0.0715587 -0.918287 0.667223 0.0785976 -0.918287 0.682317 0.06568 -0.915925 0.669967 0.072719 -0.915925 0.685062 0.0594234 -0.915925 0.67288 0.0664623 -0.915925 0.68798 0.0535432 -0.918287 0.675625 0.0605821 -0.918287 0.690719 0.0487504 -0.922724 0.677861 0.0557893 -0.922724 0.692955 0.0456228 -0.928703 0.679318 0.0526618 -0.928703 0.694412 0.0445354 -0.935502 0.679826 0.0515743 -0.935502 0.69492 0.0456228 -0.9423 0.679318 0.0526618 -0.9423 0.694412 0.0487504 -0.948279 0.677861 0.0557893 -0.948279 0.692955 0.0535432 -0.952716 0.675625 0.0605821 -0.952716 0.690719 0.0594234 -0.955077 0.67288 0.0664623 -0.955077 0.68798 0.0594234 -0.955077 0.67288 0.06568 -0.955077 0.669967 0.072719 -0.955077 0.685062 0.0664623 -0.955077 0.68798 0.0715587 -0.952716 0.667223 0.0785976 -0.952716 0.682317 0.0763515 -0.948279 0.664986 0.0833904 -0.948279 0.680086 0.0794806 -0.9423 0.66353 0.0865195 -0.9423 0.678624 0.0866791 -0.92884 0.679857 0.0877433 -0.935502 0.679361 0.0836135 -0.922981 0.681288 0.0789167 -0.918633 0.683475 0.0731558 -0.91632 0.686164 0.0670246 -0.91632 0.689021 0.0612637 -0.918633 0.69171 0.0565669 -0.922981 0.693897 0.0535029 -0.92884 0.695329 0.0524372 -0.935502 0.695824 0.0535029 -0.942163 0.695329 0.0565669 -0.948021 0.693897 0.0612637 -0.952369 0.69171 0.0670246 -0.954683 0.689021 0.0731558 -0.954683 0.686164 0.0670246 -0.954683 0.689021 0.0789167 -0.952369 0.683475 0.0836135 -0.948021 0.681288 0.0866791 -0.942163 0.679857 0.0866791 -0.92884 0.679857 0.0858224 -0.92925 0.680693 0.0868216 -0.935502 0.680222 0.0877433 -0.935502 0.679361 0.0836135 -0.922981 0.681288 0.0829458 -0.923753 0.682032 0.0789167 -0.918633 0.683475 0.0785388 -0.919673 0.684089 0.0731558 -0.91632 0.686164 0.0731326 -0.917502 0.686604 0.0670246 -0.91632 0.689021 0.0673809 -0.917502 0.689287 0.0612637 -0.918633 0.69171 0.0619747 -0.919673 0.691809 0.0565669 -0.922981 0.693897 0.0575676 -0.923753 0.693866 0.0535029 -0.92884 0.695329 0.054691 -0.92925 0.695205 0.0524372 -0.935502 0.695824 0.0536919 -0.935502 0.695676 0.0535029 -0.942163 0.695329 0.054691 -0.941752 0.695205 0.0565669 -0.948021 0.693897 0.0575676 -0.94725 0.693866 0.0612637 -0.952369 0.69171 0.0619747 -0.951329 0.691809 0.0670246 -0.954683 0.689021 0.0673809 -0.9535 0.689287 0.0731558 -0.954683 0.686164 0.0731326 -0.9535 0.686604 0.0789167 -0.952369 0.683475 0.0785388 -0.951329 0.684089 0.0836135 -0.948021 0.681288 0.0829458 -0.94725 0.682032 0.0866791 -0.942163 0.679857 0.0858224 -0.941753 0.680693 0.0708663 -0.935502 0.689256 0.710065 -0.866345 0.343761 0.705731 -0.839219 0.345781 0.733817 -0.839219 0.406008 0.738151 -0.866345 0.403988 0.693248 -0.815365 0.351599 0.721334 -0.815365 0.411832 0.674125 -0.797659 0.360515 0.702211 -0.797659 0.420749 0.650668 -0.788239 0.371458 0.678752 -0.788239 0.431685 0.625703 -0.788239 0.383101 0.653789 -0.788239 0.443328 0.602246 -0.797659 0.394037 0.630332 -0.797659 0.454264 0.583123 -0.815365 0.402953 0.611207 -0.815365 0.463181 0.57064 -0.839219 0.408772 0.598726 -0.839219 0.469005 0.566306 -0.866345 0.410798 0.594391 -0.866345 0.471025 0.57064 -0.893471 0.408772 0.598726 -0.893471 0.469005 0.583123 -0.917325 0.402953 0.611207 -0.917325 0.463181 0.602246 -0.93503 0.394037 0.630332 -0.93503 0.454264 0.625703 -0.94445 0.383101 0.653789 -0.94445 0.443328 0.650668 -0.94445 0.371458 0.678752 -0.94445 0.431685 0.650668 -0.94445 0.371458 0.674125 -0.93503 0.360515 0.702211 -0.93503 0.420749 0.678752 -0.94445 0.431685 0.693248 -0.917325 0.351599 0.721334 -0.917325 0.411832 0.705731 -0.893471 0.345781 0.733817 -0.893471 0.406008 0.73445 -0.839765 0.410922 0.738698 -0.866345 0.408939 0.72222 -0.816391 0.416622 0.703481 -0.799043 0.425365 0.680496 -0.789812 0.436078 0.656035 -0.789812 0.447486 0.633049 -0.799043 0.458205 0.614311 -0.816391 0.466942 0.60208 -0.839765 0.472649 0.597833 -0.866345 0.474625 0.60208 -0.892924 0.472649 0.614311 -0.916298 0.466942 0.633049 -0.933647 0.458205 0.656035 -0.942877 0.447486 0.680496 -0.942878 0.436078 0.703481 -0.933647 0.425365 0.680496 -0.942878 0.436078 0.72222 -0.916298 0.416622 0.73445 -0.892924 0.410922 0.73445 -0.839765 0.410922 0.731034 -0.841404 0.414249 0.73502 -0.866345 0.41239 0.738698 -0.866345 0.408939 0.72222 -0.816391 0.416622 0.719557 -0.819472 0.419603 0.703481 -0.799043 0.425365 0.701976 -0.803193 0.4278 0.680496 -0.789812 0.436078 0.680407 -0.79453 0.437857 0.656035 -0.789812 0.447486 0.657454 -0.79453 0.448564 0.633049 -0.799043 0.458205 0.635885 -0.803193 0.45862 0.614311 -0.816391 0.466942 0.618302 -0.819472 0.466818 0.60208 -0.839765 0.472649 0.606826 -0.841404 0.472171 0.597833 -0.866345 0.474625 0.602841 -0.866345 0.47403 0.60208 -0.892924 0.472649 0.606826 -0.891286 0.472171 0.614311 -0.916298 0.466942 0.618302 -0.913218 0.466818 0.633049 -0.933647 0.458205 0.635885 -0.929497 0.45862 0.656035 -0.942877 0.447486 0.657454 -0.938159 0.448564 0.680496 -0.942878 0.436078 0.680407 -0.938159 0.437857 0.703481 -0.933647 0.425365 0.701976 -0.929497 0.4278 0.72222 -0.916298 0.416622 0.719557 -0.913218 0.419603 0.73445 -0.892924 0.410922 0.731034 -0.891286 0.414249 0.67136 -0.866345 0.448421 0.896266 -0.525562 0.239522 0.72438 -0.712053 0.320841 0.891027 -0.714786 0.231039 0.719762 -0.711867 0.319428 0.894767 -0.521995 0.236634 0.893842 -0.521916 0.234874 0.718837 -0.711788 0.317668 0.892152 -0.52521 0.231683 0.886913 -0.714435 0.223207 0.720264 -0.711701 0.313003 0.895939 -0.522955 0.238877 0.721714 -0.711982 0.321299 0.892621 -0.522671 0.232557 0.718396 -0.711698 0.314985 0.895939 -0.522955 0.238877 0.721714 -0.711982 0.321299 0.892621 -0.522671 0.232557 0.718396 -0.711698 0.314985 -0.908056 -0.109377 -0.0766102 -0.908158 0.330329 -0.0765606 -0.93081 0.156436 -0.38131 -0.930584 -0.218426 -0.379482 -0.908183 0.440564 -0.0765482 -0.930871 0.250263 -0.381818 -0.897685 0.48845 -0.0814495 -0.921923 0.291021 -0.386193 -0.897685 0.48845 -0.0814495 -0.85165 0.501721 -0.102913 -0.882616 0.302393 -0.404459 -0.921923 0.291021 -0.386193 -0.562915 0.495786 -0.237551 -0.635952 0.297745 -0.51881 -0.238645 0.48912 -0.388764 -0.358889 0.292242 -0.647704 0.085556 0.482456 -0.53994 -0.0820737 0.286411 -0.777007 0.40021 0.475987 -0.686666 0.186214 0.280467 -0.902785 0.444192 0.456746 -0.707176 0.22374 0.264017 -0.92032 0.444192 0.456746 -0.707176 0.455722 0.412567 -0.712548 0.233709 0.226403 -0.924794 0.22374 0.264017 -0.92032 0.454678 0.313526 -0.712065 0.233152 0.142097 -0.924056 0.450037 -0.126063 -0.709902 0.230535 -0.232691 -0.920915 0.445932 -0.51508 -0.707988 0.227842 -0.565099 -0.918486 0.443884 -0.70909 -0.707033 0.226297 -0.731054 -0.91747 0.441999 -0.887718 -0.706153 0.224739 -0.883897 -0.916664 0.424194 -0.934459 -0.697851 0.209555 -0.923894 -0.909514 0.424194 -0.934459 -0.697851 0.385147 -0.94893 -0.67964 0.176264 -0.936285 -0.893806 0.209555 -0.923894 -0.909514 0.0787665 -0.948359 -0.536773 -0.085319 -0.935844 -0.770662 -0.245571 -0.947755 -0.385536 -0.362893 -0.935344 -0.640783 -0.569917 -0.947151 -0.234286 -0.640822 -0.934807 -0.511679 -0.851446 -0.946626 -0.103006 -0.882004 -0.934314 -0.400301 -0.897106 -0.928976 -0.0817159 -0.921098 -0.919202 -0.382283 -0.897106 -0.928976 -0.0817159 -0.907876 -0.885242 -0.0766969 -0.930318 -0.881778 -0.378026 -0.921098 -0.919202 -0.382283 -0.907921 -0.692412 -0.0766722 -0.930363 -0.716782 -0.378088 -0.907966 -0.498399 -0.0766536 -0.930423 -0.550826 -0.378367 -0.92605 -0.225097 -0.400555 -0.926171 0.146709 -0.400983 -0.926202 0.239834 -0.401101 -0.91832 0.275117 -0.404831 -0.884281 0.285158 -0.420687 -0.64004 0.280242 -0.534413 -0.365688 0.27465 -0.662266 -0.0914409 0.268978 -0.790205 0.174588 0.263401 -0.914427 0.20699 0.248755 -0.929546 0.215743 0.216404 -0.93358 0.214943 0.132643 -0.93309 0.211353 -0.239072 -0.930934 0.208083 -0.568206 -0.929119 0.206403 -0.732395 -0.928257 0.20482 -0.88364 -0.927501 0.191256 -0.917977 -0.921156 0.162713 -0.928953 -0.907804 -0.0964722 -0.928481 -0.786649 -0.370992 -0.927974 -0.658529 -0.645605 -0.927457 -0.530602 -0.884001 -0.927003 -0.419708 -0.917772 -0.913559 -0.404013 -0.925869 -0.881565 -0.400246 -0.925909 -0.718425 -0.400246 -0.925952 -0.554233 -0.400308 -0.92605 -0.225097 -0.400555 -0.926171 0.146709 -0.400983 -0.926202 0.239834 -0.401101 -0.91832 0.275117 -0.404831 0.20699 0.248755 -0.929546 0.215743 0.216404 -0.93358 0.214943 0.132643 -0.93309 0.211353 -0.239072 -0.930934 0.208083 -0.568206 -0.929119 0.206403 -0.732395 -0.928257 0.20482 -0.88364 -0.927501 0.191256 -0.917977 -0.921156 0.191256 -0.917977 -0.921156 0.162713 -0.928953 -0.907804 -0.0964722 -0.928481 -0.786649 -0.370992 -0.927974 -0.658529 -0.645605 -0.927457 -0.530602 -0.884001 -0.927003 -0.419708 -0.917772 -0.913559 -0.404013 -0.917772 -0.913559 -0.404013 -0.925869 -0.881565 -0.400246 -0.925909 -0.718425 -0.400246 -0.925952 -0.554233 -0.400308 -0.731905 0.341359 -0.249374 -0.799226 0.298873 -0.393739 -0.571454 0.298873 -0.499949 -0.504135 0.341359 -0.355583 -0.731905 0.430259 -0.249374 -0.504135 0.430259 -0.355583 -0.571454 0.430259 -0.499949 -0.799226 0.430259 -0.393739 -0.731905 0.341359 -0.249374 -0.504135 0.341359 -0.355583 -0.504135 0.430259 -0.355583 -0.731905 0.430259 -0.249374 -0.504135 0.341359 -0.355583 -0.571454 0.298873 -0.499949 -0.571454 0.430259 -0.499949 -0.504135 0.430259 -0.355583 -0.571454 0.298873 -0.499949 -0.799226 0.298873 -0.393739 -0.799226 0.430259 -0.393739 -0.571454 0.430259 -0.499949 -0.799226 0.298873 -0.393739 -0.731905 0.341359 -0.249374 -0.731905 0.430259 -0.249374 -0.799226 0.430259 -0.393739 -0.593961 0.44711 -0.377078 -0.58922 0.44711 -0.391967 -0.708045 0.44711 -0.334336 -0.698444 0.44711 -0.328357 -0.705503 0.424803 -0.320289 -0.583835 0.424803 -0.377022 -0.593961 0.44711 -0.377078 -0.698444 0.44711 -0.328357 -0.578316 0.424803 -0.394359 -0.58922 0.44711 -0.391967 -0.593961 0.44711 -0.377078 -0.583835 0.424803 -0.377022 -0.610575 0.424803 -0.434362 -0.732241 0.424803 -0.377629 -0.721406 0.44711 -0.377598 -0.616923 0.44711 -0.426319 -0.733801 0.424803 -0.362071 -0.722745 0.44711 -0.364239 -0.721406 0.44711 -0.377598 -0.732241 0.424803 -0.377629 -0.616923 0.44711 -0.426319 -0.721406 0.44711 -0.377598 -0.722745 0.44711 -0.364239 -0.601059 0.44711 -0.41894 -0.610575 0.424803 -0.434362 -0.616923 0.44711 -0.426319 -0.601059 0.44711 -0.41894 -0.592103 0.424803 -0.425768 -0.705503 0.424803 -0.320289 -0.698444 0.44711 -0.328357 -0.708045 0.44711 -0.334336 -0.716684 0.424803 -0.327254 -0.587889 0.44711 -0.403275 -0.717082 0.44711 -0.342274 -0.576765 0.424803 -0.407526 -0.587889 0.44711 -0.403275 -0.732912 0.424803 -0.348098 -0.721982 0.44711 -0.352237 -0.591836 0.44711 -0.412266 -0.721982 0.44711 -0.352237 -0.576765 0.424803 -0.407526 -0.581361 0.424803 -0.417998 -0.591836 0.44711 -0.412266 -0.587889 0.44711 -0.403275 -0.581361 0.424803 -0.417998 -0.591836 0.44711 -0.412266 -0.727207 0.424803 -0.336493 -0.717082 0.44711 -0.342274 -0.679443 0.43819 -0.367498 -0.7422 0.718305 -0.338234 -0.735002 0.718305 -0.335613 -0.672243 0.43819 -0.364877 -0.682063 0.43819 -0.360298 -0.744821 0.718305 -0.331034 -0.674864 0.43819 -0.357677 -0.737621 0.718305 -0.328413 -0.672243 0.43819 -0.364877 -0.735002 0.718305 -0.335613 -0.834752 1 -0.289098 -0.841952 1 -0.291719 -0.844573 1 -0.284519 -0.837373 1 -0.281898 -0.841952 1 -0.291719 -0.834752 1 -0.289098 -0.844573 1 -0.284519 -0.837373 1 -0.281898 -0.834752 1 -0.289098 -0.298381 -0.714054 0.796594 -0.466953 -0.523906 0.876364 -0.47406 -0.71289 0.86759 -0.46815 -0.520315 0.873359 -0.296522 -0.713913 0.792145 -0.297289 -0.71382 0.790311 -0.468917 -0.520222 0.871525 -0.301798 -0.713636 0.788433 -0.477478 -0.712472 0.85943 -0.470371 -0.523488 0.868204 -0.296324 -0.71403 0.79484 -0.467188 -0.521294 0.875695 -0.29908 -0.713693 0.78826 -0.469942 -0.520957 0.869114 -0.296324 -0.71403 0.79484 -0.467188 -0.521294 0.875695 -0.29908 -0.713693 0.78826 -0.469942 -0.520957 0.869114 -0.468846 0.31707 0.876085 -0.296065 0.503561 0.79668 -0.471973 0.506295 0.866617 -0.294177 0.503376 0.792238 -0.470089 0.313504 0.87308 -0.470844 0.313426 0.87124 -0.29493 0.503297 0.790397 -0.472202 0.316719 0.867894 -0.475331 0.505943 0.858426 -0.299424 0.50321 0.788489 -0.469127 0.314464 0.875416 -0.293997 0.50349 0.794933 -0.471835 0.314181 0.868817 -0.296705 0.503207 0.788334 -0.469127 0.314464 0.875416 -0.293997 0.50349 0.794933 -0.471835 0.314181 0.868817 -0.296705 0.503207 0.788334 0.740237 0.477979 0.312278 0.909703 0.28783 0.234422 0.90755 0.476815 0.223337 0.908169 0.28424 0.231572 0.735632 0.477838 0.31084 0.734721 0.477744 0.309074 0.907258 0.284146 0.229806 0.736182 0.477561 0.304415 0.903494 0.476396 0.215474 0.905647 0.287413 0.226559 0.73757 0.477954 0.312724 0.909339 0.285219 0.233809 0.7343 0.477617 0.306385 0.906069 0.284882 0.22747 0.73757 0.477954 0.312724 0.909339 0.285219 0.233809 0.7343 0.477617 0.306385 0.906069 0.284882 0.22747 0.16706 -0.935276 0.62269 0.165974 -0.928477 0.623198 0.173013 -0.928477 0.638292 0.174099 -0.935276 0.637784 0.162845 -0.922499 0.624654 0.169885 -0.922499 0.639755 0.158052 -0.918061 0.626891 0.165091 -0.918061 0.641985 0.152173 -0.9157 0.62963 0.159212 -0.915701 0.64473 0.145917 -0.9157 0.632548 0.152956 -0.915701 0.647649 0.140036 -0.918061 0.635293 0.147077 -0.918061 0.650387 0.135244 -0.922499 0.637524 0.142283 -0.922499 0.652624 0.132116 -0.928477 0.638986 0.139155 -0.928477 0.65408 0.131029 -0.935276 0.639494 0.138069 -0.935276 0.654588 0.132116 -0.942075 0.638986 0.139155 -0.942075 0.65408 0.135244 -0.948054 0.637524 0.142283 -0.948054 0.652624 0.140036 -0.952491 0.635293 0.147077 -0.952491 0.650387 0.145917 -0.954852 0.632548 0.152956 -0.954852 0.647649 0.145917 -0.954852 0.632548 0.152173 -0.954852 0.62963 0.159212 -0.954852 0.64473 0.152956 -0.954852 0.647649 0.158052 -0.952491 0.626891 0.165091 -0.952491 0.641985 0.162845 -0.948054 0.624654 0.169885 -0.948054 0.639755 0.165974 -0.942075 0.623198 0.173013 -0.942075 0.638292 0.173172 -0.928614 0.639525 0.174236 -0.935276 0.63903 0.170107 -0.922756 0.640951 0.16541 -0.918408 0.643144 0.159649 -0.916094 0.645827 0.153518 -0.916094 0.64869 0.147757 -0.918408 0.651373 0.143062 -0.922756 0.653566 0.139996 -0.928614 0.654991 0.13893 -0.935276 0.655493 0.139996 -0.941938 0.654991 0.143062 -0.947796 0.653566 0.147757 -0.952144 0.651373 0.153518 -0.954458 0.64869 0.159649 -0.954458 0.645827 0.153518 -0.954458 0.64869 0.16541 -0.952144 0.643144 0.170107 -0.947796 0.640951 0.173172 -0.941938 0.639525 0.173172 -0.928614 0.639525 0.172316 -0.929025 0.640356 0.173315 -0.935276 0.639891 0.174236 -0.935276 0.63903 0.170107 -0.922756 0.640951 0.169439 -0.923528 0.6417 0.16541 -0.918408 0.643144 0.165032 -0.919448 0.643751 0.159649 -0.916094 0.645827 0.159627 -0.917277 0.646273 0.153518 -0.916094 0.64869 0.153874 -0.917277 0.648956 0.147757 -0.918408 0.651373 0.148468 -0.919448 0.651478 0.143062 -0.922756 0.653566 0.144061 -0.923528 0.653535 0.139996 -0.928614 0.654991 0.141186 -0.929025 0.654873 0.13893 -0.935276 0.655493 0.140187 -0.935276 0.655338 0.139996 -0.941938 0.654991 0.141186 -0.941527 0.654873 0.143062 -0.947796 0.653566 0.144061 -0.947024 0.653535 0.147757 -0.952144 0.651373 0.148468 -0.951104 0.651478 0.153518 -0.954458 0.64869 0.153874 -0.953275 0.648956 0.159649 -0.954458 0.645827 0.159627 -0.953275 0.646273 0.16541 -0.952144 0.643144 0.165032 -0.951104 0.643751 0.170107 -0.947796 0.640951 0.169439 -0.947024 0.6417 0.173172 -0.941938 0.639525 0.172316 -0.941527 0.640356 0.157359 -0.935276 0.648925 0.305841 -0.937652 0.556917 0.304687 -0.930429 0.557456 0.312165 -0.930429 0.573492 0.313319 -0.937652 0.572953 0.301365 -0.924078 0.559005 0.308842 -0.924078 0.575041 0.296273 -0.919364 0.561379 0.30375 -0.919364 0.577414 0.290027 -0.916856 0.564291 0.297504 -0.916856 0.580327 0.28338 -0.916856 0.567395 0.290857 -0.916856 0.583431 0.277134 -0.919364 0.570307 0.284613 -0.919364 0.586343 0.272042 -0.924078 0.57268 0.279521 -0.924078 0.588716 0.26872 -0.930429 0.57423 0.276197 -0.930429 0.590265 0.267566 -0.937652 0.574769 0.275043 -0.937652 0.590804 0.26872 -0.944874 0.57423 0.276197 -0.944874 0.590265 0.272042 -0.951225 0.57268 0.279521 -0.951225 0.588716 0.277134 -0.955939 0.570307 0.284613 -0.955939 0.586343 0.28338 -0.958447 0.567395 0.290857 -0.958447 0.583431 0.28338 -0.958447 0.567395 0.290027 -0.958447 0.564291 0.297504 -0.958447 0.580327 0.290857 -0.958447 0.583431 0.296273 -0.955939 0.561379 0.30375 -0.955939 0.577414 0.301365 -0.951225 0.559005 0.308842 -0.951225 0.575041 0.304687 -0.944874 0.557456 0.312165 -0.944874 0.573492 0.312333 -0.930575 0.5748 0.313464 -0.937652 0.574273 0.309077 -0.924351 0.576318 0.304088 -0.919733 0.578647 0.297969 -0.917275 0.581498 0.291455 -0.917275 0.584534 0.285336 -0.919733 0.58739 0.280347 -0.924351 0.589714 0.277091 -0.930575 0.591232 0.27596 -0.937652 0.591765 0.277091 -0.944728 0.591232 0.280347 -0.950952 0.589714 0.285336 -0.95557 0.58739 0.291455 -0.958029 0.584534 0.297969 -0.958029 0.581498 0.291455 -0.958029 0.584534 0.304088 -0.95557 0.578647 0.309077 -0.950952 0.576318 0.312333 -0.944728 0.5748 0.312333 -0.930575 0.5748 0.311424 -0.931011 0.575686 0.312485 -0.937652 0.57519 0.313464 -0.937652 0.574273 0.309077 -0.924351 0.576318 0.308369 -0.925172 0.577111 0.304088 -0.919733 0.578647 0.303687 -0.920837 0.579292 0.297969 -0.917275 0.581498 0.297944 -0.918532 0.581975 0.291455 -0.917275 0.584534 0.291833 -0.918532 0.584825 0.285336 -0.919733 0.58739 0.286091 -0.920837 0.587502 0.280347 -0.924351 0.589714 0.28141 -0.925172 0.589683 0.277091 -0.930575 0.591232 0.278355 -0.931011 0.591108 0.27596 -0.937652 0.591765 0.277292 -0.937652 0.591604 0.277091 -0.944728 0.591232 0.278355 -0.944292 0.591108 0.280347 -0.950952 0.589714 0.28141 -0.950132 0.589683 0.285336 -0.95557 0.58739 0.286091 -0.954466 0.587502 0.291455 -0.958029 0.584534 0.291833 -0.956772 0.584825 0.297969 -0.958029 0.581498 0.297944 -0.956772 0.581975 0.304088 -0.95557 0.578647 0.303687 -0.954466 0.579292 0.309077 -0.950952 0.576318 0.308369 -0.950132 0.577111 0.312333 -0.944728 0.5748 0.311424 -0.944292 0.575686 0.295535 -0.937652 0.584782 0.399088 -0.936556 0.514492 0.398001 -0.929757 0.515 0.40504 -0.929757 0.530094 0.406127 -0.936556 0.529592 0.394873 -0.923778 0.516462 0.401912 -0.923778 0.531556 0.390081 -0.919341 0.518693 0.39712 -0.919341 0.533793 0.3842 -0.916979 0.521438 0.391239 -0.91698 0.536532 0.377944 -0.916979 0.524356 0.384983 -0.91698 0.53945 0.372065 -0.919341 0.527095 0.379104 -0.919341 0.542189 0.367272 -0.923778 0.529332 0.374311 -0.923778 0.544426 0.364143 -0.929757 0.530788 0.371182 -0.929757 0.545882 0.363057 -0.936556 0.531296 0.370096 -0.936556 0.54639 0.364143 -0.943354 0.530788 0.371182 -0.943354 0.545882 0.367272 -0.949333 0.529332 0.374311 -0.949333 0.544426 0.372065 -0.95377 0.527095 0.379104 -0.95377 0.542189 0.377944 -0.956131 0.524356 0.384983 -0.956131 0.53945 0.377944 -0.956131 0.524356 0.3842 -0.956131 0.521438 0.391239 -0.956131 0.536532 0.384983 -0.956131 0.53945 0.390081 -0.95377 0.518693 0.39712 -0.95377 0.533793 0.394873 -0.949333 0.516462 0.401912 -0.949333 0.531556 0.398001 -0.943354 0.515 0.40504 -0.943354 0.530094 0.405199 -0.929894 0.531327 0.406264 -0.936556 0.530831 0.402134 -0.924035 0.532758 0.397437 -0.919688 0.534945 0.391676 -0.917374 0.537635 0.385547 -0.917374 0.540491 0.379786 -0.919688 0.54318 0.375089 -0.924035 0.545367 0.372023 -0.929894 0.546799 0.370959 -0.936556 0.547294 0.372023 -0.943217 0.546799 0.375089 -0.949076 0.545367 0.379786 -0.953423 0.54318 0.385547 -0.955738 0.540491 0.391676 -0.955738 0.537635 0.385547 -0.955738 0.540491 0.397437 -0.953423 0.534945 0.402134 -0.949076 0.532758 0.405199 -0.943217 0.531327 0.405199 -0.929894 0.531327 0.404343 -0.930304 0.532163 0.405342 -0.936556 0.531699 0.406264 -0.936556 0.530831 0.402134 -0.924035 0.532758 0.401468 -0.924808 0.533502 0.397437 -0.919688 0.534945 0.397061 -0.920727 0.535559 0.391676 -0.917374 0.537635 0.391654 -0.918556 0.538081 0.385547 -0.917374 0.540491 0.385901 -0.918556 0.540764 0.379786 -0.919688 0.54318 0.380497 -0.920727 0.543279 0.375089 -0.924035 0.545367 0.37609 -0.924808 0.545336 0.372023 -0.929894 0.546799 0.373213 -0.930304 0.546681 0.370959 -0.936556 0.547294 0.372214 -0.936556 0.547146 0.372023 -0.943217 0.546799 0.373213 -0.942807 0.546681 0.375089 -0.949076 0.545367 0.37609 -0.948304 0.545336 0.379786 -0.953423 0.54318 0.380497 -0.952384 0.543279 0.385547 -0.955738 0.540491 0.385901 -0.954555 0.540764 0.391676 -0.955738 0.537635 0.391654 -0.954555 0.538081 0.397437 -0.953423 0.534945 0.397061 -0.952384 0.535559 0.402134 -0.949076 0.532758 0.401468 -0.948304 0.533502 0.405199 -0.943217 0.531327 0.404343 -0.942807 0.532163 0.389387 -0.936556 0.540726 </float_array>
          <technique_common>
            <accessor count="1349" offset="0" source="#meshId0-positions-array" stride="3">
              <param name="X" type="float" />
              <param name="Y" type="float" />
              <param name="Z" type="float" />
            </accessor>
          </technique_common>
        </source>
        <source id="meshId0-normals" name="meshId0-normals">
          <float_array id="meshId0-normals-array" count="4047"> 0.422618 -3.79641e-07 0.906308 0.422618 -2.99028e-07 0.906308 0.422618 -1.4952e-07 0.906308 0.422618 -7.50085e-09 0.906308 -0.422618 5.73395e-07 -0.906308 -0.422618 6.62862e-07 -0.906308 -0.422618 -8.46661e-07 -0.906308 -0.422618 -9.39596e-07 -0.906308 -0.157189 -0.982391 -0.10099 -0.07361 -0.98707 -0.142386 0.0617593 -0.98707 0.147913 -0.0236769 -0.982391 0.185329 0.817609 -0.155308 -0.554432 0.826454 -0.0395625 -0.561612 0.961453 -0.0395579 -0.272108 0.950267 -0.155307 -0.269947 0.0798823 0.974429 -0.210015 -0.035729 0.986485 -0.159909 0.0995282 0.986486 0.130153 0.213216 0.974139 0.0747834 -0.950965 0.150374 0.270284 -0.962039 0.0224252 0.27199 -0.826743 0.022425 0.562132 -0.817626 0.150784 0.555654 0.422618 -6.35658e-07 0.906308 0.422618 4.71986e-07 0.906308 0.422618 9.46022e-07 0.906308 0.422618 -3.29102e-07 0.906308 -0.244257 0.126835 -0.96138 -0.260722 0.0246048 -0.9651 -0.422618 3.68268e-07 -0.906308 -0.422617 -2.20079e-07 -0.906308 0.0207406 -0.982741 -0.183819 0.154146 -0.982741 0.10227 0.070314 -0.987089 0.143916 -0.0650479 -0.987089 -0.146368 -0.181231 0.979427 -0.0887615 -0.0484073 0.979204 0.197019 0.0686133 0.987102 0.144644 -0.0666998 0.987102 -0.145536 0.417275 0.160755 0.894449 0.393147 0.171915 0.903261 0.422618 -5.54954e-17 0.906308 0.422618 -5.54954e-17 0.906308 -0.418017 0.11164 -0.901553 -0.422618 -1.61686e-06 -0.906308 -0.422617 -1.39121e-06 -0.906308 -0.433589 0.118169 -0.893329 0.821282 0.127692 -0.556049 0.954144 0.128142 -0.270534 0.962187 0.0121918 -0.272118 0.826932 0.0121937 -0.562169 -0.951287 -0.147762 0.27059 -0.818764 -0.147763 0.554789 -0.826838 -0.0246332 0.561901 -0.961925 -0.0246374 0.2722 0.521433 0.160725 0.838018 0.445307 0.171226 0.878854 0.422618 -5.54954e-17 0.906308 0.422618 -5.54954e-17 0.906308 -0.262822 -0.0289405 -0.96441 -0.422619 -1.19476e-06 -0.906308 -0.422618 3.18224e-07 -0.906308 -0.269729 -0.00659417 -0.962914 -0.106478 -0.968152 0.226594 -0.242024 -0.968152 -0.0640853 0.0207406 -0.982741 -0.183819 0.104003 -0.968724 -0.225294 0.239437 -0.968724 0.0651454 0.154146 -0.982741 0.10227 0.733044 0.466914 -0.494608 0.850894 0.471668 -0.23132 -0.491588 0.867538 0.0756281 -0.372735 0.863405 0.34 -0.569629 -0.727027 0.383347 -0.569956 -0.72707 0.382779 -0.659917 -0.72673 0.190716 -0.660144 -0.726685 0.1901 -0.797138 -0.255284 0.547175 -0.931551 -0.255285 0.258926 0.571747 -0.725136 -0.383775 0.571979 -0.725169 -0.383366 0.661096 -0.725418 -0.191629 0.661258 -0.725386 -0.191188 0.798549 -0.248794 -0.548107 0.933172 -0.248793 -0.259407 0.401169 0.850742 -0.339562 0.526753 0.84624 -0.0800648 -0.834581 0.497936 0.235658 -0.70813 0.502729 0.495797 0.309218 0.164435 0.936667 0.268471 0.0998284 0.958101 0.422619 -2.25866e-07 0.906307 0.270297 -0.00412459 0.962768 0.259075 -0.0267744 0.965486 0.422619 3.75792e-09 0.906307 0.422619 -1.90864e-07 0.906308 0.271369 0.00366525 0.962468 0.422618 -1.31046e-07 0.906308 0.422619 -4.9349e-07 0.906308 0.260919 0.0297726 0.964902 0.562347 4.13253e-05 0.826901 0.377576 0.0474438 0.924763 0.409159 0.0439972 0.911402 0.571071 -0.0222469 0.820599 0.359167 0.154628 0.920375 0.403656 0.140899 0.903996 0.271995 0.00186529 0.962297 0.260016 -0.0236347 0.965315 0.43586 0.0497926 0.898636 0.464418 0.0514092 0.884123 0.289772 -0.128356 0.94845 0.385184 -0.172989 0.906481 0.414455 -0.160172 0.895864 0.442914 -0.174602 0.879398 0.540011 -0.127892 0.831885 0.431848 -0.170931 0.885601 0.504558 -0.181448 0.844096 0.40152 -0.172841 0.899393 0.416188 -0.160338 0.89503 0.304758 -0.197419 0.931745 0.244686 -0.125826 0.961403 0.572931 -0.124011 0.810167 0.571149 -0.0280098 0.820369 0.56426 -0.00659915 0.825571 0.562938 0.00200566 0.826496 0.57122 0.0256695 0.820396 0.422618 -5.54954e-17 0.906308 0.422618 -1.94883e-07 0.906308 0.564609 0.0978624 0.819536 0.422335 0.160724 0.892077 0.422618 2.7425e-10 0.906308 0.414456 -0.160167 0.895864 0.435016 0.150521 0.887752 0.474178 0.161617 0.865468 0.422618 -6.25796e-07 0.906308 0.422618 2.38071e-07 0.906308 0.417578 -0.160349 0.894381 0.359496 -0.0941068 0.928389 0.379006 -0.0270328 0.924999 0.406909 0.137283 0.903094 0.404836 0.0838661 0.910535 -0.422618 4.36702e-07 -0.906308 -0.422618 3.92316e-07 -0.906308 0.82679 -0.0162028 -0.562277 0.96218 -0.0162027 -0.271934 -0.962239 0.00393314 0.272177 -0.827016 0.00393391 0.562164 0.562318 -0.00262916 0.826917 0.422618 1.47384e-07 0.906308 -0.270923 -0.000870172 -0.962601 -0.422618 2.63051e-07 -0.906308 -0.422618 3.60258e-07 -0.906308 -0.27129 0.00200343 -0.962496 0.562339 3.08559e-05 0.826907 0.527061 0.120856 0.84119 0.422619 3.46744e-09 0.906308 0.271958 -0.00129515 0.962308 0.271992 0.00140671 0.962298 0.460912 -0.0275749 0.887017 0.431839 0.137346 0.891432 0.307741 0.122276 0.94358 0.474953 -0.0948277 0.874887 0.437974 0.0839643 0.895058 0.335588 -0.00409208 0.942 0.360836 -0.00141115 0.932628 -0.422618 -1.21109e-06 -0.906308 -0.422618 1.79029e-07 -0.906308 -0.422618 2.27879e-07 -0.906308 -0.422618 -1.22344e-06 -0.906308 0.826998 -0.00537131 -0.562179 0.962237 -0.00537177 -0.272158 -0.962264 -0.00798214 0.272 -0.8269 -0.00798193 0.562293 0.563251 -0.000870538 0.826286 0.422618 -1.95393e-07 0.906308 -0.272004 -0.00262921 -0.962292 -0.422618 1.77581e-07 -0.906308 0.562339 3.5648e-05 0.826907 0.422618 -2.03294e-07 0.906308 0.270814 0.000632327 0.962632 0.272133 0.0016345 0.962258 0.478213 -0.00252194 0.878241 0.501127 -0.00597643 0.865353 -0.422618 -2.35278e-06 -0.906308 -0.418021 0.11263 -0.901428 -0.0693203 -0.987095 -0.144357 0.066027 -0.987094 0.145895 -0.0511869 0.986953 -0.152653 0.0840347 0.986954 0.137333 0.414358 0.217076 0.883847 0.416437 0.197529 0.887447 -0.422618 7.11361e-07 -0.906308 -0.422618 -8.41424e-07 -0.906308 0.422618 2.79627e-10 0.906308 0.419782 0.161318 0.893174 0.414456 -0.160169 0.895864 0.422618 1.84683e-07 0.906308 0.422618 -5.3975e-07 0.906308 0.416873 -0.1605 0.894683 0.422034 -0.00608264 0.90656 -0.422618 4.37288e-07 -0.906308 -0.422618 4.8139e-07 -0.906308 -0.422618 7.64224e-07 -0.906308 0.417555 -0.133746 0.898754 -0.422618 1.78221e-07 -0.906308 -0.422618 1.54366e-07 -0.906308 -0.422618 -1.38771e-06 -0.906308 -0.422618 -1.52852e-06 -0.906308 -0.422618 -2.74356e-06 -0.906308 -0.418141 0.111848 -0.90147 -0.422618 -1.06782e-06 -0.906308 0.0100509 0.999938 -0.00468683 0.0100645 0.999938 -0.00469317 0.0776285 0.987027 0.140538 0.0776153 0.987028 0.140544 0.0100726 0.999938 -0.00469691 0.0776371 0.987027 0.140535 0.0100806 0.999938 -0.00470064 0.0776452 0.987027 0.140532 0.0100795 0.999938 -0.00470015 0.0776449 0.987026 0.140534 0.0100758 0.999938 -0.00469842 0.0703288 0.989688 0.124784 -0.906273 0.00878142 0.422602 -0.826875 0.00866805 0.562319 -0.836627 0.00869149 0.547704 -0.906273 0.0087815 0.422602 -0.906261 0.0102132 0.422596 -0.906246 0.0116451 0.42259 -0.826849 0.0114947 0.562306 -0.82685 0.0100811 0.562333 -0.899679 -0.120725 0.419527 -0.82171 -0.117731 0.557613 -0.8773 -0.250974 0.409092 -0.804683 -0.248692 0.539108 -0.292333 -0.946551 0.136317 -0.156481 -0.984982 0.0729682 -0.0860254 -0.972992 0.21421 -0.227301 -0.935971 0.268871 -0.0168819 -0.999826 0.00787218 0.0510278 -0.986918 0.152936 -0.016882 -0.999826 0.00787221 0.0510268 -0.986918 0.152934 -0.0168822 -0.999826 0.00787229 0.0510253 -0.986919 0.152932 0.134227 -0.988972 -0.0625911 0.197459 -0.976864 0.0821351 0.281589 -0.950508 -0.131307 0.341317 -0.939942 0.00341667 0.880489 -0.236992 -0.410578 0.899844 -0.119222 -0.419604 0.955552 -0.116761 -0.270715 0.933582 -0.234692 -0.270822 0.906308 0.000255091 -0.422618 0.962297 0.000252096 -0.272 0.906308 0.000223765 -0.422618 0.962299 0.000220899 -0.271995 0.906308 0.000192365 -0.422618 0.9623 0.00018999 -0.271992 0.01004 0.999939 -0.00468173 0.0703951 0.989654 0.125018 0.404109 0.316221 0.858313 0.404112 0.31622 0.858311 0.404115 0.316217 0.858311 0.422593 0.0530228 0.904767 0.404117 0.316216 0.85831 0.404117 0.316213 0.858311 0.26598 0.163648 0.949986 0.114342 0.00277706 0.993438 0.114346 0.00322929 0.993436 0.114347 0.00368262 0.993434 0.116471 -0.0355113 0.992559 0.213492 -0.196126 0.957056 0.354894 -0.311642 0.881436 0.395588 -0.316197 0.862282 0.395588 -0.316202 0.86228 0.395586 -0.316208 0.862278 0.440055 -0.312259 0.84193 0.594351 -0.194135 0.780422 0.685232 -0.0359771 0.727436 0.687552 8.17303e-05 0.726135 0.687542 7.07157e-05 0.726145 0.687534 6.1129e-05 0.726152 0.559833 0.162201 0.812575 0.143175 0.948628 0.282144 0.143188 0.948628 0.282139 0.143197 0.948627 0.282138 0.143205 0.948626 0.282136 0.143205 0.948625 0.28214 0.143203 0.948624 0.282143 -0.726123 0.00833088 0.687514 -0.726123 0.00833082 0.687514 -0.726111 0.00968927 0.687509 -0.726099 0.0110475 0.687502 -0.719519 -0.118633 0.684265 -0.702102 -0.239577 0.670564 -0.148517 -0.899738 0.410384 -0.0198444 -0.933532 0.357945 0.11762 -0.948525 0.294051 0.117618 -0.948526 0.294047 0.117615 -0.948528 0.294042 0.266022 -0.937267 0.225304 0.399584 -0.903522 0.154855 0.968339 -0.225832 -0.106394 0.98705 -0.115788 -0.111022 0.993439 0.000242589 -0.114359 0.993441 0.000212194 -0.11435 0.993441 0.000182679 -0.114343 0.143166 0.948628 0.28215 0.373957 -0.326954 0.867904 0.399033 -0.316223 0.860683 0.690094 -0.0471177 0.722184 0.68743 -0.0125565 0.726142 0.446628 0.312735 0.838284 0.41111 0.31616 0.855004 0.117385 0.047125 0.991968 0.114394 0.00717422 0.99341 0.401769 -0.316245 0.859402 0.425933 -0.320491 0.846089 0.40124 0.316227 0.859655 0.365092 0.313865 0.876468 0.114237 -0.00779827 0.993423 0.107228 -0.0440552 0.993258 0.687591 0.00387294 0.726087 0.685668 0.0400047 0.726815 0.0435893 -0.944058 0.326886 -0.0364667 -0.932286 0.359878 0.981665 -0.153607 -0.112863 0.964463 -0.239831 -0.110869 -0.715645 0.150233 0.682117 -0.610003 0.495424 0.618426 0.279538 0.935144 0.217633 0.593391 0.802955 0.0561368 -0.703905 -0.246139 0.666283 -0.718369 -0.146862 0.679984 -0.503525 -0.713288 0.487527 -0.503525 -0.713288 0.487527 0.296505 -0.932974 0.204072 0.219625 -0.944444 0.244519 0.698905 -0.71137 -0.0740592 0.698905 -0.71137 -0.0740592 -0.313561 0.819198 0.480203 0.0181202 0.940216 0.340097 0.879932 0.468821 -0.0769789 0.985418 0.128492 -0.111538 -0.726013 -0.0238704 0.687267 -0.726176 -0.00767126 0.687466 0.993363 0.0117682 -0.114416 0.993429 -0.0051442 -0.114337 -0.726158 0.00375401 0.687518 -0.725943 0.0215769 0.687417 0.993326 -0.0155723 -0.114284 0.13617 -0.948685 0.285403 0.132063 -0.948682 0.287334 0.134557 0.948683 0.286174 0.149456 0.948533 0.279191 0.127948 -0.948663 0.289253 0.164298 0.948122 0.27216 0.992724 -0.0382259 -0.114184 0.219625 -0.944444 0.244519 0.258797 -0.329117 0.908133 0.669897 -0.165415 0.723793 0.1367 0.160009 0.977604 0.547292 0.283551 0.787446 0.107313 -0.171462 0.979329 0.527294 -0.312963 0.789947 0.261121 0.287366 0.921541 0.665426 0.149394 0.731362 0.114272 -0.00255684 0.993446 0.687533 -0.00173175 0.726151 0.114322 0.00127528 0.993443 0.687496 -0.00519057 0.726169 0.400401 -0.316231 0.860045 0.406165 0.316206 0.857347 0.906308 0.000192317 -0.422618 0.957444 0.000190503 -0.288618 0.993442 0.000182812 -0.114337 -0.57114 -0.0281101 -0.820371 -0.563768 -0.00411553 -0.825923 -0.422618 6.58565e-08 -0.906308 -0.422617 -3.05926e-07 -0.906308 -0.562354 -0.00129533 -0.826896 -0.422618 2.02116e-07 -0.906308 -0.563341 0.000633497 -0.826224 -0.422618 3.32359e-07 -0.906308 -0.562861 0.00366444 -0.826544 -0.422619 -1.03867e-07 -0.906307 -0.574265 0.133817 -0.807659 -0.42262 -5.68948e-07 -0.906307 -0.42262 -5.42864e-07 -0.906307 -0.571943 0.0287882 -0.819788 -0.532322 0.0146779 -0.846415 -0.504135 0.0866009 -0.859272 -0.535275 -0.000249336 -0.844678 -0.53007 -0.000306854 -0.847954 -0.539383 -0.000167655 -0.842061 -0.541054 -9.28669e-05 -0.840988 -0.551018 -0.0234721 -0.834164 -0.247212 -0.141805 -0.958529 -0.303882 -0.187529 -0.934071 -0.422619 -1.00617e-06 -0.906308 -0.41672 -0.160351 -0.89478 -0.417405 -0.160502 -0.894434 -0.422618 -4.18926e-07 -0.906308 -0.422618 -4.26994e-07 -0.906308 -0.418112 -0.160339 -0.894133 -0.422618 -1.40233e-07 -0.906308 -0.433152 -0.169407 -0.885257 -0.422618 -3.03019e-08 -0.906308 -0.518185 -0.186762 -0.834628 -0.422617 -2.80238e-07 -0.906308 -0.574589 -0.143964 -0.805681 -0.444959 -0.163119 -0.88057 -0.52222 -0.114207 -0.845129 -0.417626 -0.154745 -0.895345 -0.417632 -0.156721 -0.894998 -0.417892 -0.154829 -0.895206 -0.422618 -1.34087e-07 -0.906308 -0.40011 -0.16965 -0.900628 -0.422619 -1.92091e-06 -0.906308 -0.389082 -0.163642 -0.906552 -0.422619 9.16967e-07 -0.906308 -0.422618 5.2459e-07 -0.906308 -0.422618 2.27164e-07 -0.906308 -0.422618 -1.51739e-06 -0.906308 -0.39377 0.120267 -0.911307 -0.422617 -2.36079e-06 -0.906308 -0.331376 0.0833242 -0.939812 -0.304046 0.0185406 -0.952477 -0.308858 -0.00169397 -0.951107 -0.303119 -0.00170531 -0.952951 -0.298529 -0.00167738 -0.954399 -0.296671 -0.00162448 -0.954978 -0.280921 -0.0401162 -0.958892 -0.320013 -0.122319 -0.939484 -0.528408 0.182105 -0.82923 -0.438384 0.172457 -0.882087 -0.422618 -3.59083e-07 -0.906308 -0.416969 0.160755 -0.894592 -0.422618 -2.02563e-07 -0.906308 -0.414381 0.161315 -0.895693 -0.422618 8.75892e-11 -0.906308 -0.411901 0.160716 -0.896944 -0.422618 -1.02438e-07 -0.906308 -0.387983 0.171936 -0.905487 -0.422617 -5.78767e-07 -0.906308 -0.285871 0.179176 -0.941368 -0.686904 -0.0453395 -0.725333 -0.687559 -0.00780397 -0.726086 -0.435558 0.315988 -0.842876 -0.400621 0.316227 -0.859944 -0.113532 0.0388277 -0.992775 -0.114252 0.00387649 -0.993444 -0.373951 -0.316415 -0.871804 -0.400087 -0.316248 -0.860185 -0.390715 0.316147 -0.864519 -0.355765 0.315362 -0.87976 -0.402829 -0.316224 -0.858913 -0.428552 -0.316082 -0.846425 -0.114395 -0.0125651 -0.993356 -0.114319 -0.0480274 -0.992283 -0.687466 0.00717436 -0.726181 -0.686254 0.0460954 -0.7259 -0.982658 -0.14686 0.113203 -0.962864 -0.246141 0.110943 -0.0461385 -0.944445 -0.325415 0.0342614 -0.932974 -0.358311 -0.247198 0.941063 -0.230851 -0.565334 0.823937 -0.0390496 0.720764 0.127545 -0.681345 0.637241 0.486345 -0.597822 -0.299123 -0.932286 -0.20339 -0.222391 -0.944058 -0.24351 -0.697842 -0.712555 0.0726706 -0.697842 -0.712555 0.0726706 0.704875 -0.239833 -0.667557 0.717455 -0.153608 -0.679458 0.506496 -0.710833 -0.488034 0.506496 -0.710833 -0.488034 -0.851514 0.515722 0.0946284 -0.98239 0.149378 0.112235 0.361715 0.805957 -0.46861 0.0132113 0.936229 -0.351141 0.725574 -0.0382171 -0.687082 0.726043 -0.0155724 -0.687473 -0.993219 0.0215756 0.11424 -0.993435 0.00375552 0.114336 0.726146 -0.00514435 -0.687521 0.72616 0.0117633 -0.687425 -0.993408 -0.00767165 0.114374 -0.102885 0.948118 -0.300809 -0.117808 0.948531 -0.293955 -0.139337 -0.948664 -0.283941 -0.135219 -0.948684 -0.285858 -0.13273 0.948683 -0.287025 -0.1311 -0.948686 -0.287762 -0.993152 -0.0238558 0.114367 -0.0461385 -0.944445 -0.325415 -0.675456 -0.156898 -0.720515 -0.272707 -0.318536 -0.907836 -0.533038 0.312961 -0.786082 -0.109178 0.147297 -0.983048 -0.520473 -0.318576 -0.792223 -0.116956 -0.155445 -0.980897 -0.676579 0.158251 -0.719165 -0.249356 0.309194 -0.917726 -0.114366 -0.00519069 -0.993425 -0.687534 0.001274 -0.726151 -0.114331 -0.00173043 -0.993441 -0.687562 -0.0025574 -0.726121 -0.395687 0.316201 -0.862235 -0.401461 -0.316233 -0.85955 0.906308 2.31185e-07 -0.422618 0.851651 0.34202 -0.397131 0.9082 0.337633 -0.24734 0.962156 1.48965e-08 -0.272499 0.694273 0.642787 -0.323744 0.752841 0.634542 -0.174893 0.453154 0.866025 -0.211308 0.514816 0.854916 -0.0638985 0.157379 0.984808 -0.0733861 0.222834 0.972175 0.0722538 -0.157379 0.984808 0.0733878 -0.0878861 0.972175 0.217145 -0.453154 0.866025 0.21131 -0.379867 0.854916 0.353299 -0.694272 0.642787 0.323745 -0.617892 0.634542 0.464291 -0.851651 0.34202 0.397131 -0.773252 0.337633 0.536736 -0.906308 9.34373e-07 0.422618 -0.827208 6.50482e-07 0.561896 -0.851651 -0.34202 0.397131 -0.773252 -0.337633 0.536736 -0.694272 -0.642788 0.323744 -0.617892 -0.634543 0.464289 -0.453155 -0.866025 0.211309 -0.379869 -0.854917 0.353295 -0.15738 -0.984808 0.0733865 -0.0878877 -0.972176 0.217141 -0.15738 -0.984808 0.0733865 0.157378 -0.984808 -0.0733875 0.222833 -0.972176 0.0722514 -0.0878877 -0.972176 0.217141 0.453153 -0.866026 -0.211309 0.514814 -0.854917 -0.0639006 0.694271 -0.642788 -0.323745 0.752839 -0.634543 -0.174893 0.851651 -0.342021 -0.397131 0.9082 -0.337634 -0.247339 0.942189 0.323965 -0.085597 0.993961 1.39326e-07 -0.109737 0.793119 0.608854 -0.016081 0.56473 0.820307 0.090421 0.284567 0.93282 0.221061 -0.0135742 0.93282 0.360087 -0.293735 0.820308 0.490729 -0.522125 0.608854 0.597229 -0.671196 0.323965 0.66674 -0.722968 5.29439e-07 0.690882 -0.671195 -0.323965 0.666741 -0.522127 -0.608855 0.597227 -0.293739 -0.82031 0.490723 -0.0135781 -0.932822 0.360082 0.284566 -0.932821 0.221057 -0.0135781 -0.932822 0.360082 0.564728 -0.820309 0.0904178 0.793118 -0.608855 -0.0160823 0.942189 -0.323966 -0.0855949 0.667166 0.106676 0.737231 0.591498 0.07158 0.803123 0.602939 -8.76312e-07 0.797787 0.684217 -1.6118e-06 0.729278 0.618081 0.20049 0.760118 0.558561 0.134528 0.818481 0.542877 0.270116 0.795187 0.508099 0.181248 0.842012 0.450623 0.307157 0.838208 0.446197 0.206103 0.870879 0.352449 0.307157 0.883988 0.380322 0.206103 0.901597 0.260193 0.270116 0.927004 0.318418 0.181248 0.930462 0.184984 0.200492 0.962073 0.267954 0.13453 0.953993 0.135897 0.10668 0.984963 0.235016 0.0715818 0.969352 0.11885 -6.07983e-17 0.992912 0.223577 2.217e-08 0.974686 0.135897 -0.106679 0.984963 0.235016 -0.0715816 0.969352 0.184985 -0.200491 0.962073 0.267954 -0.134529 0.953993 0.260192 -0.270121 0.927003 0.318418 -0.181251 0.930461 0.352447 -0.30717 0.883984 0.380321 -0.206111 0.901595 0.450622 -0.307171 0.838204 0.446197 -0.206112 0.870877 0.542878 -0.270122 0.795184 0.5081 -0.181252 0.842011 0.618084 -0.200492 0.760115 0.558564 -0.13453 0.818479 0.667172 -0.106679 0.737225 0.591501 -0.0715817 0.80312 0.422618 -5.23346e-07 0.906308 0.906308 1.09813e-06 -0.422618 0.851651 0.34202 -0.39713 0.9082 0.337631 -0.247342 0.962155 3.87309e-07 -0.272502 0.694274 0.642786 -0.323743 0.752842 0.63454 -0.174891 0.453154 0.866026 -0.211306 0.514815 0.854917 -0.0638941 0.157377 0.984808 -0.0733824 0.22283 0.972176 0.0722487 -0.157374 0.984808 0.0733886 -0.0878867 0.972176 0.217138 -0.453151 0.866026 0.211311 -0.379863 0.854917 0.353301 -0.694272 0.642786 0.323747 -0.617892 0.63454 0.464293 -0.85165 0.34202 0.397132 -0.773255 0.337631 0.536733 -0.906308 3.85309e-07 0.422618 -0.82721 -1.9862e-07 0.561892 -0.851652 -0.342019 0.39713 -0.773256 -0.337631 0.536731 -0.694275 -0.642785 0.323743 -0.617894 -0.634541 0.464289 -0.453154 -0.866026 0.211306 -0.379864 -0.854917 0.353298 -0.157378 -0.984808 0.0733826 -0.0878887 -0.972177 0.217136 -0.157378 -0.984808 0.0733826 0.157374 -0.984808 -0.0733886 0.222826 -0.972178 0.0722413 -0.0878887 -0.972177 0.217136 0.453151 -0.866027 -0.211311 0.514812 -0.854918 -0.0639052 0.694271 -0.642788 -0.323746 0.75284 -0.634542 -0.174893 0.85165 -0.34202 -0.397132 0.9082 -0.337634 -0.247339 0.942187 0.323969 -0.0856014 0.99396 4.55132e-07 -0.109742 0.793119 0.608854 -0.0160774 0.564732 0.820305 0.0904264 0.284561 0.932826 0.221047 -0.0135804 0.932826 0.360072 -0.293732 0.820305 0.490735 -0.522123 0.608854 0.59723 -0.671201 0.323969 0.666734 -0.722974 -4.23039e-17 0.690875 -0.671202 -0.323969 0.666732 -0.522127 -0.608854 0.597227 -0.293733 -0.820305 0.490734 -0.0135791 -0.932825 0.360073 0.284556 -0.932829 0.221038 -0.0135791 -0.932825 0.360073 0.564725 -0.820312 0.0904104 0.793118 -0.608855 -0.0160801 0.942189 -0.323965 -0.0855945 0.6672 0.106693 0.737198 0.591517 0.0715891 0.803108 0.602957 2.09716e-08 0.797774 0.684249 -4.46536e-17 0.729248 0.618106 0.200518 0.760091 0.558576 0.134543 0.818469 0.54289 0.270155 0.795164 0.508107 0.181269 0.842003 0.450624 0.307209 0.838189 0.446199 0.206132 0.870871 0.352434 0.307209 0.883976 0.380315 0.206132 0.901593 0.260168 0.270155 0.927 0.318406 0.181269 0.930462 0.184952 0.200518 0.962074 0.267938 0.134543 0.953996 0.135858 0.106693 0.984967 0.234996 0.0715891 0.969356 0.11881 -1.32768e-08 0.992917 0.223557 -2.42672e-08 0.974691 0.135861 -0.106693 0.984966 0.234998 -0.0715874 0.969356 0.184954 -0.200516 0.962074 0.267938 -0.134543 0.953995 0.260168 -0.270156 0.927 0.318406 -0.181269 0.930462 0.352434 -0.30721 0.883975 0.380315 -0.206132 0.901593 0.450623 -0.307207 0.83819 0.446198 -0.206131 0.870872 0.542888 -0.270151 0.795167 0.508107 -0.181266 0.842004 0.618105 -0.200515 0.760092 0.558575 -0.134542 0.81847 0.6672 -0.106693 0.737198 0.591517 -0.0715891 0.803108 0.422618 -5.10443e-07 0.906308 0.906308 2.79349e-07 -0.422618 0.851651 0.34202 -0.397131 0.9082 0.337633 -0.247339 0.962156 -2.48275e-07 -0.2725 0.694273 0.642787 -0.323744 0.752841 0.634542 -0.174894 0.453154 0.866025 -0.211308 0.514815 0.854917 -0.0638997 0.157378 0.984808 -0.0733852 0.222833 0.972176 0.0722521 -0.157378 0.984808 0.0733877 -0.0878864 0.972175 0.217142 -0.453153 0.866026 0.21131 -0.379867 0.854917 0.353296 -0.694272 0.642787 0.323745 -0.617893 0.634542 0.46429 -0.851651 0.34202 0.397132 -0.773253 0.337633 0.536734 -0.906308 6.06861e-07 0.422618 -0.82721 4.44413e-07 0.561893 -0.851651 -0.34202 0.397131 -0.773254 -0.337633 0.536733 -0.694273 -0.642787 0.323744 -0.617894 -0.634542 0.464288 -0.453155 -0.866025 0.211308 -0.379867 -0.854917 0.353296 -0.15738 -0.984808 0.0733858 -0.0878865 -0.972175 0.217144 0.157378 -0.984808 -0.0733877 0.222833 -0.972176 0.072251 0.157378 -0.984808 -0.0733877 0.453154 -0.866025 -0.21131 0.514814 -0.854917 -0.0639034 0.222833 -0.972176 0.072251 0.694272 -0.642788 -0.323745 0.752839 -0.634543 -0.174896 0.851651 -0.342021 -0.397131 0.908199 -0.337633 -0.24734 0.942189 0.323965 -0.085597 0.99396 -6.409e-07 -0.109739 0.793118 0.608856 -0.0160817 0.564728 0.820309 0.0904187 0.284565 0.932822 0.221057 -0.0135761 0.932822 0.360082 -0.293737 0.820309 0.490726 -0.522127 0.608856 0.597225 -0.671199 0.323965 0.666737 -0.722972 5.01574e-07 0.690878 -0.6712 -0.323965 0.666736 -0.522128 -0.608856 0.597224 -0.293737 -0.820308 0.490728 -0.0135746 -0.93282 0.360087 0.284566 -0.932822 0.221057 0.564726 -0.820311 0.0904128 0.284566 -0.932822 0.221057 0.793117 -0.608857 -0.0160872 0.942189 -0.323966 -0.0855979 0.667167 0.106677 0.73723 0.591498 0.0715805 0.803123 0.602938 -1.11149e-07 0.797788 0.684215 -2.28361e-07 0.72928 0.61808 0.200487 0.76012 0.558561 0.134527 0.818481 0.542875 0.270115 0.795188 0.508098 0.181248 0.842013 0.450622 0.307164 0.838206 0.446196 0.206108 0.870878 0.352449 0.307164 0.883986 0.380322 0.206108 0.901596 0.260196 0.270115 0.927004 0.31842 0.181248 0.930461 0.184991 0.200487 0.962072 0.267957 0.134527 0.953992 0.135904 0.106677 0.984962 0.23502 0.0715805 0.969351 0.118857 1.54011e-07 0.992911 0.22358 1.46801e-07 0.974685 0.135904 -0.106676 0.984962 0.235019 -0.0715804 0.969351 0.184991 -0.200486 0.962072 0.267957 -0.134527 0.953992 0.260196 -0.270115 0.927004 0.31842 -0.181248 0.930461 0.352448 -0.307164 0.883986 0.380321 -0.206109 0.901596 0.450622 -0.307164 0.838206 0.446196 -0.206108 0.870878 0.542875 -0.270115 0.795188 0.508098 -0.181248 0.842012 0.61808 -0.200487 0.76012 0.558561 -0.134527 0.818481 0.667168 -0.106677 0.73723 0.591499 -0.0715806 0.803122 0.422618 -5.63471e-07 0.906308 0.253274 0.180938 0.950323 0.253339 0.180875 0.950318 0.47304 -0.0525115 0.879475 -0.554038 0.704238 0.443949 -0.553886 0.704204 0.444192 -0.653256 0.713081 0.254504 -0.653376 0.71307 0.254226 -0.639907 0.277299 -0.716676 -0.47304 0.0525118 -0.879475 -0.639843 0.277197 -0.716773 0.171608 0.256576 0.951167 0.171608 0.256576 0.951167 -0.697518 0.703129 0.138122 -0.697518 0.703129 0.138121 -0.483576 0.683912 0.546277 -0.483576 0.683912 0.546277 -0.681879 0.347927 -0.643418 -0.681879 0.347927 -0.643418 -0.997239 -0.000238539 0.0742629 -0.997239 -0.000238798 0.0742632 -0.997002 -0.000729838 -0.0773744 -0.997532 -0.000620587 -0.070213 -0.990104 0.139683 -0.0134933 -0.987831 0.0910533 -0.12609 -0.976408 0.208211 -0.0572313 -0.969146 0.197596 -0.147352 -0.43827 0.769878 -0.463905 -0.349089 0.797827 -0.491538 -0.358786 0.736283 -0.573725 -0.455242 0.712006 -0.534605 -0.225987 0.823149 -0.520918 -0.265377 0.752612 -0.602619 -0.225987 0.823149 -0.520918 -0.265126 0.753355 -0.601801 -0.225987 0.823149 -0.520917 -0.265536 0.752784 -0.602335 -0.096433 0.783746 -0.613549 -0.158085 0.726423 -0.668819 0.00788346 0.73765 -0.675138 -0.0424069 0.679648 -0.732312 0.556746 0.242008 -0.794649 0.609924 0.157962 -0.776557 0.529176 0.101116 -0.842466 0.481687 0.229387 -0.845789 0.695731 -0.0108779 -0.71822 0.579633 -0.0106302 -0.814809 0.695731 -0.0108779 -0.71822 0.585332 -0.0105608 -0.810725 0.695731 -0.010878 -0.71822 0.590024 -0.0104313 -0.807318 0.695731 -0.0108779 -0.71822 0.591738 -0.0103099 -0.806064 0.68233 -0.183917 -0.707531 0.584819 -0.179744 -0.790999 0.644574 -0.364885 -0.67185 0.545509 -0.346387 -0.763175 0.220955 -0.936927 -0.270827 0.126985 -0.97517 -0.181433 0.0285985 -0.956066 -0.291752 0.166455 -0.913095 -0.372224 -0.0201868 -0.999024 -0.0392985 -0.0881856 -0.978854 -0.184576 -0.0201865 -0.999024 -0.0392986 -0.0870087 -0.979311 -0.182698 -0.0201868 -0.999024 -0.0392986 -0.0877474 -0.978829 -0.184917 -0.228792 -0.97333 -0.0167916 -0.248933 -0.954662 -0.163258 -0.36116 -0.932503 -0.00149444 -0.402738 -0.909002 -0.107315 -0.966788 -0.24604 0.0691702 -0.989986 -0.121229 0.0723323 -0.991446 -0.116739 -0.0583626 -0.970386 -0.233173 -0.0630994 -0.997239 -0.000238421 0.0742631 -0.998067 -0.000325 -0.0621508 -0.997239 -0.000238381 0.0742629 -0.997929 -0.000459385 -0.0643294 -0.638387 -0.000505686 -0.769715 -0.628763 -0.000613863 -0.777597 -0.618035 0.0285756 -0.785631 -0.526409 0.379834 -0.76067 -0.419625 0.464533 -0.779823 -0.366739 0.46222 -0.807375 -0.366499 0.464012 -0.806456 -0.367019 0.46263 -0.807014 -0.292025 0.462772 -0.836997 -0.207681 0.353155 -0.912223 -0.205463 0.0325915 -0.978122 -0.191436 -0.00335561 -0.981499 -0.179449 -0.00338356 -0.983761 -0.169343 -0.00332868 -0.985552 -0.165336 -0.00322196 -0.986232 -0.170096 -0.0530714 -0.983997 -0.242011 -0.193644 -0.950754 -0.360396 -0.288958 -0.886915 -0.403128 -0.305683 -0.862581 -0.402323 -0.309566 -0.861571 -0.402605 -0.30545 -0.862908 -0.449186 -0.288501 -0.845576 -0.579226 -0.17194 -0.796828 -0.647746 -0.0354483 -0.761032 -0.649564 -0.000187304 -0.760307 -0.646383 -0.000339043 -0.763013 -0.977568 -0.000931192 -0.210618 -0.974652 -0.00116529 -0.223726 -0.961479 0.064392 -0.267231 -0.930935 0.171707 -0.3223 0.331924 0.200898 -0.921665 0.404566 0.0724974 -0.911631 0.453376 -0.0101267 -0.891262 0.465065 -0.00998476 -0.88522 0.47343 -0.00976149 -0.880778 0.476743 -0.00954177 -0.878991 0.4637 -0.178654 -0.867793 0.440683 -0.322545 -0.837713 0.0722049 -0.846704 -0.527142 -0.0592298 -0.906446 -0.418148 -0.153594 -0.933321 -0.324532 -0.15173 -0.93461 -0.321687 -0.152789 -0.933257 -0.325096 -0.288476 -0.905157 -0.312205 -0.459866 -0.842606 -0.280246 -0.956208 -0.215654 -0.197887 -0.973544 -0.113241 -0.198467 -0.980314 -0.000395517 -0.197442 -0.979547 -0.000643681 -0.201215 0.108914 -0.966222 0.233566 0.108914 -0.966222 0.233566 0.108914 -0.966222 0.233566 0.108914 -0.966222 0.233566 0 1 6.12323e-17 0 1 6.12323e-17 0 1 6.12323e-17 0 1 6.12323e-17 0.422618 -6.43914e-07 0.906308 0.422618 -6.43914e-07 0.906308 0.422618 -6.43914e-07 0.906308 0.422618 -6.43914e-07 0.906308 0.906308 2.58779e-17 -0.422618 0.906308 2.58779e-17 -0.422618 0.906308 2.58779e-17 -0.422618 0.906308 2.58779e-17 -0.422618 -0.422618 2.17846e-07 -0.906308 -0.422618 2.17846e-07 -0.906308 -0.422618 2.17846e-07 -0.906308 -0.422618 2.17846e-07 -0.906308 -0.906308 -2.58779e-17 0.422618 -0.906308 -2.58779e-17 0.422618 -0.906308 -2.58779e-17 0.422618 -0.906308 -2.58779e-17 0.422618 0 1 6.12323e-17 0 1 6.12323e-17 0 1 6.12323e-17 0 1 6.12323e-17 0.414874 0.190563 0.8897 0.414874 0.190563 0.8897 0.414874 0.190563 0.8897 0.414874 0.190563 0.8897 0.890927 0.415992 0.182209 0.888134 0.412418 0.202802 0.874325 0.39756 0.278392 0.874325 0.39756 0.278392 -0.413886 0.202226 -0.887583 -0.413886 0.202226 -0.887583 -0.413886 0.202226 -0.887583 -0.413886 0.202226 -0.887583 -0.896384 0.443116 -0.012024 -0.896595 0.44236 -0.0208855 -0.895809 0.435273 -0.089791 -0.895809 0.435273 -0.089791 0 1 6.12323e-17 0 1 6.12323e-17 0 1 6.12323e-17 0 1 6.12323e-17 0.38504 0.40804 -0.827797 0.38504 0.40804 -0.827797 0.450594 0.42181 -0.786792 0.466202 0.424782 -0.776026 -0.477684 0.428596 0.766892 -0.477684 0.428596 0.766892 -0.532185 0.436526 0.725413 -0.540074 0.437528 0.71895 0 1 6.12323e-17 0 1 6.12323e-17 0.897793 0.427559 0.105648 0.897793 0.427559 0.105648 -0.855546 0.462448 0.232773 -0.858467 0.462005 0.222677 0 1 6.12323e-17 0 1 6.12323e-17 0.807993 0.470519 -0.354626 0.807993 0.470519 -0.354626 0.807993 0.470519 -0.354626 0.807993 0.470519 -0.354626 0.527858 0.435246 -0.729333 0.527858 0.435246 -0.729333 -0.708662 0.460242 0.534766 -0.700543 0.459471 0.546009 -0.322227 0.0266689 -0.946287 -0.397867 0.0184426 -0.917258 0.866138 0.294414 -0.403887 0.879823 0.239982 -0.410269 -0.879823 -0.239982 0.410268 -0.861229 -0.311456 0.401597 0.517774 0.0266689 0.855101 0.446916 0.0184427 0.894386 0.879823 0.239982 -0.410269 0.866138 0.294414 -0.403887 0 1 6.12323e-17 0 1 6.12323e-17 0 1 6.12323e-17 0 1 6.12323e-17 -0.56393 -0.0637363 -0.823359 0.844161 0.363923 -0.39364 -0.844162 -0.363923 0.393638 0.268242 -0.0637364 0.961241 0.844161 0.363923 -0.39364 0.573218 0.172081 0.80113 0.573171 0.17202 0.801177 0.373755 -0.057038 0.925772 0.709343 0.68975 -0.145179 0.709432 0.689716 -0.144907 0.627071 0.699609 -0.342534 0.626934 0.6996 -0.342803 -0.137483 0.277067 -0.950964 -0.373754 0.0570381 -0.925772 -0.137601 0.276968 -0.950976 0.627507 0.246453 0.738577 0.627507 0.246453 0.738577 0.565574 0.690539 -0.450868 0.565574 0.690539 -0.450868 0.742705 0.669132 -0.0255311 0.742705 0.669132 -0.0255311 -0.0529114 0.346065 -0.936717 -0.0529113 0.346065 -0.936717 0.56519 -0.18094 0.804874 0.565144 -0.180878 0.80492 0.369652 0.0525115 0.927685 0.696212 -0.704239 -0.139057 0.696301 -0.704205 -0.138785 0.614861 -0.71308 -0.336842 0.614726 -0.71307 -0.337111 -0.137687 -0.277293 -0.950868 -0.369652 -0.0525118 -0.927685 -0.137803 -0.277191 -0.950881 0.61833 -0.256579 0.742856 0.61833 -0.256579 0.742856 0.554164 -0.703129 -0.445547 0.554164 -0.703129 -0.445547 0.729312 -0.683909 -0.0192863 0.729312 -0.683909 -0.0192863 -0.0545921 -0.34792 -0.935934 -0.0545921 -0.34792 -0.935934 0.245248 -0.172077 0.954066 0.245313 -0.172017 0.954061 0.468938 0.057038 0.881388 -0.567174 -0.689751 0.450064 -0.567023 -0.689717 0.450306 -0.665473 -0.699609 0.260181 -0.66559 -0.6996 0.259904 -0.640108 -0.277068 -0.716585 -0.468938 -0.0570381 -0.881387 -0.640042 -0.276968 -0.716684 0.162433 -0.246449 0.955447 0.162433 -0.246449 0.955447 -0.708929 -0.690539 0.143442 -0.708929 -0.690539 0.143442 -0.496959 -0.669132 0.552534 -0.496959 -0.669132 0.552534 -0.683556 -0.346065 -0.642643 -0.683556 -0.346065 -0.642643 0.906308 1.0885e-06 -0.422618 0.851651 0.34202 -0.39713 0.9082 0.337631 -0.247342 0.962155 3.82344e-07 -0.272502 0.694274 0.642786 -0.323743 0.752842 0.63454 -0.174891 0.453154 0.866026 -0.211306 0.514815 0.854917 -0.0638941 0.157377 0.984808 -0.0733824 0.22283 0.972176 0.0722487 -0.157374 0.984808 0.0733886 -0.0878867 0.972176 0.217138 -0.453151 0.866026 0.211311 -0.379863 0.854917 0.353301 -0.694272 0.642786 0.323747 -0.617892 0.63454 0.464293 -0.85165 0.34202 0.397132 -0.773255 0.337631 0.536733 -0.906308 3.85309e-07 0.422618 -0.82721 -1.9862e-07 0.561892 -0.851652 -0.342019 0.39713 -0.773256 -0.337631 0.536731 -0.694275 -0.642785 0.323743 -0.617894 -0.634541 0.464289 -0.453154 -0.866026 0.211306 -0.379864 -0.854917 0.353298 -0.157378 -0.984808 0.0733826 -0.0878887 -0.972177 0.217136 -0.157378 -0.984808 0.0733826 0.157374 -0.984808 -0.0733886 0.222826 -0.972178 0.0722413 -0.0878887 -0.972177 0.217136 0.453151 -0.866027 -0.211311 0.514812 -0.854918 -0.0639052 0.694271 -0.642788 -0.323746 0.75284 -0.634542 -0.174893 0.85165 -0.34202 -0.397132 0.9082 -0.337634 -0.247339 0.942187 0.323969 -0.0856014 0.99396 4.55132e-07 -0.109742 0.793119 0.608854 -0.0160774 0.564732 0.820305 0.0904264 0.284561 0.932826 0.221047 -0.0135804 0.932826 0.360072 -0.293732 0.820305 0.490735 -0.522123 0.608854 0.59723 -0.671201 0.323969 0.666734 -0.722974 -4.23039e-17 0.690875 -0.671202 -0.323969 0.666732 -0.522127 -0.608854 0.597227 -0.293733 -0.820305 0.490734 -0.0135791 -0.932825 0.360073 0.284556 -0.932829 0.221038 -0.0135791 -0.932825 0.360073 0.564725 -0.820312 0.0904104 0.793118 -0.608855 -0.0160801 0.942189 -0.323965 -0.0855946 0.6672 0.106693 0.737198 0.591517 0.0715891 0.803108 0.602957 2.09716e-08 0.797774 0.684249 -4.46536e-17 0.729248 0.618106 0.200518 0.760091 0.558576 0.134543 0.818469 0.54289 0.270155 0.795164 0.508107 0.181269 0.842003 0.450624 0.307209 0.838189 0.446199 0.206132 0.870871 0.352434 0.307209 0.883976 0.380315 0.206132 0.901593 0.260168 0.270155 0.927 0.318406 0.181269 0.930462 0.184952 0.200518 0.962074 0.267938 0.134543 0.953996 0.135858 0.106693 0.984967 0.234996 0.0715891 0.969356 0.11881 -1.32768e-08 0.992917 0.223557 -2.42672e-08 0.974691 0.135861 -0.106693 0.984966 0.234998 -0.0715874 0.969356 0.184954 -0.200516 0.962074 0.267938 -0.134543 0.953995 0.260168 -0.270156 0.927 0.318406 -0.181269 0.930462 0.352434 -0.30721 0.883975 0.380315 -0.206132 0.901593 0.450623 -0.307207 0.83819 0.446198 -0.206131 0.870872 0.542888 -0.270151 0.795167 0.508107 -0.181266 0.842004 0.618105 -0.200515 0.760092 0.558575 -0.134542 0.81847 0.6672 -0.106693 0.737198 0.591517 -0.0715891 0.803108 0.422618 -5.10443e-07 0.906308 0.906308 3.5641e-07 -0.422618 0.851651 0.342021 -0.39713 0.9082 0.337633 -0.247338 0.962156 -1.83724e-07 -0.272499 0.694273 0.642787 -0.323743 0.752844 0.63454 -0.174886 0.453153 0.866026 -0.211307 0.514816 0.854917 -0.063889 0.157376 0.984808 -0.073383 0.22283 0.972176 0.0722523 -0.157374 0.984808 0.0733875 -0.0878845 0.972176 0.217141 -0.453152 0.866026 0.21131 -0.379859 0.854917 0.353305 -0.694272 0.642787 0.323746 -0.617889 0.63454 0.464297 -0.85165 0.34202 0.397132 -0.773252 0.337633 0.536736 -0.906308 -3.37145e-07 0.422618 -0.827209 -7.34895e-07 0.561894 -0.851652 -0.342019 0.39713 -0.773255 -0.337631 0.536732 -0.694275 -0.642785 0.323742 -0.617894 -0.634542 0.464288 -0.453153 -0.866027 0.211305 -0.379864 -0.854919 0.353295 -0.157375 -0.984809 0.0733818 -0.0878868 -0.972177 0.217134 -0.157375 -0.984809 0.0733818 0.157372 -0.984809 -0.0733875 0.222824 -0.972178 0.0722419 -0.0878868 -0.972177 0.217134 0.453149 -0.866028 -0.211311 0.514809 -0.85492 -0.0639063 0.694271 -0.642787 -0.323747 0.752839 -0.634543 -0.174895 0.85165 -0.342021 -0.397132 0.9082 -0.337634 -0.247339 0.94219 0.323964 -0.0855937 0.993961 6.71944e-18 -0.109737 0.793122 0.608851 -0.016068 0.564736 0.820301 0.0904376 0.284562 0.932823 0.221055 -0.0135754 0.932823 0.360078 -0.293726 0.820301 0.490746 -0.522116 0.608852 0.597239 -0.671196 0.323964 0.666741 -0.722971 -4.17978e-07 0.690878 -0.671201 -0.323968 0.666733 -0.522127 -0.608855 0.597226 -0.293732 -0.820309 0.490729 -0.0135777 -0.932827 0.36007 0.284553 -0.93283 0.221038 -0.0135777 -0.932827 0.36007 0.56472 -0.820315 0.0904083 0.793118 -0.608856 -0.0160828 0.942189 -0.323964 -0.0855937 0.667226 0.106704 0.737173 0.591532 0.0715968 0.803096 0.602973 -2.06721e-08 0.797762 0.684276 -7.96606e-09 0.729223 0.618126 0.20054 0.760069 0.558588 0.134556 0.818459 0.542901 0.270184 0.795147 0.508114 0.181285 0.841995 0.450625 0.307243 0.838176 0.4462 0.206151 0.870866 0.352424 0.307243 0.883968 0.38031 0.206151 0.901591 0.260148 0.270184 0.926997 0.318396 0.181285 0.930462 0.184922 0.20054 0.962074 0.267922 0.134556 0.953998 0.135822 0.106704 0.98497 0.234978 0.0715968 0.96936 0.118774 -2.92089e-08 0.992921 0.223538 -6.74091e-08 0.974695 0.135829 -0.106704 0.984969 0.234981 -0.0715936 0.96936 0.184932 -0.200534 0.962074 0.267926 -0.134552 0.953998 0.260154 -0.270179 0.926997 0.318398 -0.181282 0.930462 0.352426 -0.307241 0.883968 0.380311 -0.20615 0.901591 0.450623 -0.307238 0.838179 0.446199 -0.206148 0.870867 0.542894 -0.270174 0.795155 0.508112 -0.181279 0.841998 0.618119 -0.200533 0.760076 0.558585 -0.134551 0.818461 0.667223 -0.106703 0.737176 0.591531 -0.0715952 0.803097 0.422618 -6.01657e-07 0.906308 0.906308 1.0885e-06 -0.422618 0.851651 0.34202 -0.39713 0.9082 0.337631 -0.247342 0.962155 3.82344e-07 -0.272502 0.694274 0.642786 -0.323743 0.752842 0.63454 -0.174891 0.453154 0.866026 -0.211306 0.514815 0.854917 -0.0638941 0.157377 0.984808 -0.0733824 0.22283 0.972176 0.0722487 -0.157374 0.984808 0.0733886 -0.0878867 0.972176 0.217138 -0.453151 0.866026 0.211311 -0.379863 0.854917 0.353301 -0.694272 0.642786 0.323747 -0.617892 0.63454 0.464293 -0.85165 0.34202 0.397132 -0.773255 0.337631 0.536733 -0.906308 3.85309e-07 0.422618 -0.82721 -1.9862e-07 0.561892 -0.851652 -0.342019 0.39713 -0.773256 -0.337631 0.536731 -0.694275 -0.642785 0.323743 -0.617894 -0.634541 0.464289 -0.453154 -0.866026 0.211306 -0.379864 -0.854917 0.353298 -0.157378 -0.984808 0.0733826 -0.0878887 -0.972177 0.217136 -0.157378 -0.984808 0.0733826 0.157374 -0.984808 -0.0733886 0.222826 -0.972178 0.0722413 -0.0878887 -0.972177 0.217136 0.453151 -0.866027 -0.211311 0.514812 -0.854918 -0.0639052 0.694271 -0.642788 -0.323746 0.75284 -0.634542 -0.174893 0.85165 -0.34202 -0.397132 0.9082 -0.337634 -0.247339 0.942187 0.323969 -0.0856014 0.99396 4.55132e-07 -0.109742 0.793119 0.608854 -0.0160774 0.564732 0.820305 0.0904264 0.284561 0.932826 0.221047 -0.0135804 0.932826 0.360072 -0.293732 0.820305 0.490735 -0.522123 0.608854 0.59723 -0.671201 0.323969 0.666734 -0.722974 -4.23039e-17 0.690875 -0.671202 -0.323969 0.666732 -0.522127 -0.608854 0.597227 -0.293733 -0.820305 0.490734 -0.013579 -0.932825 0.360073 0.284556 -0.932829 0.221038 -0.013579 -0.932825 0.360073 0.564725 -0.820312 0.0904104 0.793118 -0.608855 -0.0160801 0.942189 -0.323965 -0.0855946 0.6672 0.106693 0.737198 0.591517 0.0715891 0.803108 0.602957 1.85749e-08 0.797774 0.68425 -5.31071e-09 0.729248 0.618106 0.200518 0.760091 0.558576 0.134543 0.818469 0.54289 0.270155 0.795164 0.508107 0.181269 0.842003 0.450624 0.307209 0.838189 0.446199 0.206132 0.870871 0.352434 0.307209 0.883976 0.380315 0.206132 0.901593 0.260168 0.270155 0.927 0.318406 0.181269 0.930462 0.184952 0.200518 0.962074 0.267938 0.134543 0.953996 0.135858 0.106693 0.984967 0.234996 0.0715891 0.969356 0.11881 -1.32768e-08 0.992917 0.223557 -2.42672e-08 0.974691 0.135861 -0.106693 0.984966 0.234998 -0.0715874 0.969356 0.184954 -0.200516 0.962074 0.267938 -0.134543 0.953995 0.260168 -0.270156 0.927 0.318406 -0.181269 0.930462 0.352434 -0.30721 0.883975 0.380315 -0.206132 0.901593 0.450623 -0.307207 0.83819 0.446198 -0.206131 0.870872 0.542888 -0.270151 0.795167 0.508107 -0.181266 0.842004 0.618105 -0.200515 0.760092 0.558575 -0.134542 0.81847 0.6672 -0.106693 0.737198 0.591517 -0.0715891 0.803108 0.422618 -5.10443e-07 0.906308 </float_array>
          <technique_common>
            <accessor count="1349" offset="0" source="#meshId0-normals-array" stride="3">
              <param name="X" type="float" />
              <param name="Y" type="float" />
              <param name="Z" type="float" />
            </accessor>
          </technique_common>
        </source>
        <source id="meshId0-tangents" name="meshId0-tangents">
          <float_array id="meshId0-tangents-array" count="4047"> 0.906308 0.00034233 -0.422618 0.906308 8.08976e-06 -0.422618 0.906308 0.000314016 -0.422618 0.906308 0.000362184 -0.422618 -0.90629 0.00619513 0.42261 -0.906305 0.00267871 0.422617 -0.906302 0.00348357 0.422616 -0.906225 0.0134959 0.42258 0.902389 -0.101332 -0.41884 0.906116 -0.00655746 -0.422979 0.906221 -0.00664897 -0.422753 0.900863 -0.101343 -0.422108 0.143943 0.987492 -0.0643477 0.0365939 0.999193 -0.0165369 0.036264 0.999196 -0.0171254 0.141571 0.987467 -0.0697562 -0.893624 0.163355 0.418033 -0.905717 0.0356642 0.422381 -0.90566 0.0356298 0.422506 -0.894653 0.163913 0.415606 -0.137187 -0.988267 0.06715 -0.02123 -0.999748 0.00733673 -0.0194325 -0.999747 0.0113029 -0.140097 -0.988194 0.062011 0.906308 -5.60769e-06 -0.422618 0.906308 -0.000260429 -0.422618 0.906306 0.00226511 -0.422617 0.906305 0.00238317 -0.422617 -0.968229 0.0228763 0.249015 -0.96526 0.0112284 0.261051 -0.906291 0.00616135 0.42261 -0.906307 0.00153882 0.422616 0.908075 0.0954406 -0.407788 0.895744 0.0953113 -0.434233 0.906151 0.00288379 -0.422945 0.906148 0.00300218 -0.42295 -0.898793 -0.128323 0.41917 -0.897554 -0.129189 0.421552 -0.906171 0.00101704 0.42291 -0.906118 0.00114203 0.423023 0.906365 -0.00191106 -0.422491 0.916974 -0.000897093 -0.398945 0.906296 -0.00499759 -0.422613 0.906306 -0.00191907 -0.422617 -0.905622 0.0268863 0.423233 -0.906148 0.0187817 0.422544 -0.906217 0.0141979 0.422575 -0.898751 0.0149839 0.438203 -0.11696 0.991614 0.054966 -0.116981 0.991494 0.057058 -0.0118463 0.999925 0.00291269 -0.0101908 0.999926 0.00669842 0.135207 -0.988711 -0.0645755 0.138914 -0.988587 -0.0582905 0.0209049 -0.999696 -0.0130642 0.0230768 -0.999694 -0.0089334 0.850033 -0.012085 -0.526591 0.892016 0.000149811 -0.452005 0.906298 0.00467639 -0.422614 0.906306 -0.00202857 -0.422617 -0.964694 -0.00978563 0.263193 -0.906295 -0.00523566 0.422613 -0.906302 -0.00344984 0.422616 -0.962915 -0.00474808 0.269762 0.885924 -0.195842 -0.420459 0.889687 -0.195084 -0.412793 0.893001 0.100886 -0.438602 0.885373 0.193374 -0.422755 0.893721 0.193686 -0.404658 0.913997 0.102512 -0.392556 -0.428874 0.88169 0.1967 -0.43156 0.878674 0.204175 -0.794426 -0.482337 0.369106 -0.791057 -0.487191 0.369966 0.66341 -0.682046 -0.307733 0.663531 -0.682035 -0.307499 0.662045 -0.682464 -0.309741 0.661979 -0.682441 -0.30993 0.240499 -0.965477 -0.100076 0.229949 -0.965225 -0.124351 0.661506 0.684146 -0.307171 0.661611 0.684132 -0.306975 0.661048 0.683951 -0.308587 0.660929 0.683919 -0.308912 0.22917 0.967668 -0.105357 0.226263 0.967388 -0.113865 -0.778425 0.51202 0.363165 -0.776628 0.51742 0.359341 -0.454906 -0.864201 0.214979 -0.464548 -0.860519 0.209052 0.948668 0.0154625 -0.315895 0.962206 0.0193302 -0.271635 0.906306 0.00144723 -0.422619 0.962766 -0.00360131 -0.270312 0.96573 -0.00905562 -0.259392 0.906305 -0.0021414 -0.422618 0.906305 -0.00219566 -0.422618 0.962454 0.00558514 -0.271387 0.906298 0.00457809 -0.422614 0.906283 0.00728829 -0.422608 0.965145 0.0130807 -0.261388 0.826888 -0.00570335 -0.562338 0.925835 -0.00171486 -0.377925 0.912348 -0.00385051 -0.409398 0.820866 0.00627074 -0.571087 0.93168 -0.0017943 -0.363277 0.913655 -0.0103176 -0.40636 0.962279 0.00585625 -0.272001 0.965531 -0.00591649 -0.260219 0.899601 0.00614731 -0.436668 0.885153 0.00532839 -0.465269 0.955823 -0.0122803 -0.293687 0.920626 0.00403838 -0.390424 0.9065 -0.014444 -0.421958 0.892821 -0.00363949 -0.450397 0.839642 0.0134929 -0.542972 0.898946 0.00154468 -0.438057 0.859604 0.0142588 -0.510762 0.913049 -0.00120899 -0.407849 0.906774 0.00017871 -0.421616 0.949532 -0.0132779 -0.313389 0.968326 -0.0191503 -0.248954 0.817692 0.019005 -0.575343 0.820816 0.010883 -0.571089 0.825597 0.00443266 -0.564243 0.826492 -0.00536872 -0.562923 0.820784 -0.012223 -0.571108 0.906275 -0.00854335 -0.422603 0.906295 -0.00527513 -0.422612 0.824368 -0.0182292 -0.565761 0.903764 0.000902096 -0.428031 0.906306 0.00188437 -0.422617 0.908387 0.0129846 -0.417928 0.897256 0.0101426 -0.441393 0.876945 0.000667516 -0.48059 0.906308 -0.000352865 -0.422618 0.906308 -0.000374847 -0.422618 0.906084 -0.000304029 -0.423097 0.932563 0.00105418 -0.361005 0.925362 0.00275014 -0.379074 0.911312 0.00689587 -0.41166 0.913547 0.00563368 -0.406694 -0.906305 0.00247214 0.422617 -0.906307 0.00136456 0.422618 0.0140323 0.999868 -0.008179 0.0152301 0.999868 -0.00568686 -0.00380392 -0.999992 0.00100242 -0.00361766 -0.999992 0.0016757 0.826921 0.00236799 -0.562314 0.906306 0.00200227 -0.422617 -0.962601 0.000742656 0.270922 -0.906307 0.000960804 0.422618 -0.906301 0.00387952 0.422615 -0.962484 0.00476592 0.271297 0.8269 0.00393799 -0.562335 0.847888 -0.00795109 -0.530116 0.906306 -0.00168948 -0.422618 0.962306 -0.00197264 -0.27196 0.962295 -0.00357594 -0.271986 0.887327 -0.00201628 -0.461136 0.900069 -0.0018132 -0.435743 0.950452 0.00635026 -0.310806 0.878838 -0.000213471 -0.47712 0.898473 -0.00720417 -0.43897 0.942008 8.9691e-05 -0.335591 0.932629 0.000276162 -0.360836 -0.906255 0.0107756 0.422594 -0.906299 0.00445913 0.422614 -0.906303 0.00317588 0.422616 -0.906272 0.00891091 0.422601 0.00446654 0.999986 -0.00298377 0.00504548 0.999986 -0.00189866 0.00750061 -0.999968 -0.00280996 0.00719186 -0.999968 -0.00361863 0.826286 -0.000145804 -0.563251 0.906308 -0.000273128 -0.422618 -0.962293 -0.00161678 0.272009 -0.906307 -0.00109697 0.422618 0.826906 -0.000452063 -0.562339 0.906308 0.000214179 -0.422618 0.962632 0.000435174 -0.270814 0.962259 0.000573127 -0.272134 0.878243 -0.000210271 -0.478215 0.865368 -0.000128642 -0.501136 -0.906307 0.00165846 0.422618 -0.907108 0.00190136 0.420893 0.906165 -0.00178724 -0.422921 0.906186 -0.0018869 -0.422875 -0.906041 0.0184028 0.42279 -0.906048 0.0183173 0.422778 0.905496 -0.000623748 -0.424354 0.905499 -0.00254319 -0.424342 -0.906307 0.00163789 0.422618 -0.906307 0.00142994 0.422618 0.906308 2.64321e-05 -0.422618 0.905059 -0.000451894 -0.425286 0.907476 -0.00152605 -0.420101 0.906308 1.11662e-05 -0.422618 0.906308 7.74986e-06 -0.422618 0.906431 -4.00759e-05 -0.422354 0.906577 9.20793e-05 -0.422041 -0.906306 0.00176279 0.422617 -0.906307 0.000941507 0.422618 -0.906308 0.000609712 0.422618 0.906916 0.000245073 -0.421311 -0.906308 -3.35599e-05 0.422618 -0.906307 0.00151085 0.422618 -0.906306 0.00184358 0.422618 -0.906286 -0.00693892 0.422608 -0.906208 -0.0148315 0.422572 -0.90788 -0.0184663 0.418823 -0.906308 -0.000181708 0.422618 -0.906255 0.01109 0.422587 -0.906248 0.011105 0.4226 -0.90625 0.0111041 0.422597 -0.906262 0.0110943 0.42257 -0.906256 0.0111138 0.422583 -0.906255 0.011115 0.422586 -0.90625 0.0111227 0.422596 -0.90625 0.0111218 0.422597 -0.906247 0.0111215 0.422601 -0.906249 0.0111202 0.422599 -0.906245 0.0111174 0.422606 -0.906245 0.0111151 0.422606 -0.00796015 -0.999961 0.00370801 -0.00796053 -0.999961 0.00370849 -0.00796465 -0.999961 0.00370221 -0.00796153 -0.999961 0.00370524 -0.0092571 -0.999948 0.0043145 -0.0105496 -0.999932 0.00493082 -0.010549 -0.999932 0.00492891 -0.00925701 -0.999948 0.00431493 0.109429 -0.992686 -0.0509894 0.108079 -0.992866 -0.0503601 0.227453 -0.967994 -0.106081 0.227839 -0.967868 -0.106403 0.85784 -0.322553 -0.400087 0.892695 -0.172658 -0.416275 0.893054 -0.170619 -0.416346 0.857636 -0.323187 -0.400014 0.906149 -0.0186272 -0.422548 0.906149 -0.0186279 -0.422549 0.906151 -0.0186272 -0.422545 0.906151 -0.0186271 -0.422544 0.906151 -0.0186274 -0.422543 0.906151 -0.0186272 -0.422543 0.896319 0.148103 -0.417945 0.896605 0.146087 -0.41804 0.861469 0.310699 -0.401669 0.861257 0.311284 -0.401669 0.214793 0.971512 -0.100145 0.108055 0.992868 -0.0503787 0.107188 0.992984 -0.0499327 0.2151 0.971424 -0.100332 -0.000232771 1 0.000104419 -0.000232397 1 0.000104638 -0.000204543 1 9.08298e-05 -0.000204201 1 8.96965e-05 -0.000169954 1 9.07064e-05 -0.000171746 1 9.08828e-05 -0.90623 0.0110779 0.42264 -0.906245 0.0110762 0.422607 0.903943 0.00549426 -0.427617 0.903762 0.00670665 -0.427982 0.904801 -0.000455998 -0.425835 0.906082 -0.00187314 -0.423097 0.905778 -0.00754584 -0.423686 0.905345 -0.00436329 -0.424655 0.962576 0.00804508 -0.270891 0.993437 -0.00311116 -0.114334 0.993439 0.00151299 -0.114351 0.993429 0.00454586 -0.114363 0.99308 -0.0109832 -0.116925 0.974886 -0.0207959 -0.221731 0.927977 0.00284261 -0.372627 0.910524 0.0121102 -0.413279 0.908619 -0.00211377 -0.417622 0.90679 -0.014523 -0.421333 0.885802 -0.00288195 -0.464054 0.797503 0.0172491 -0.603068 0.728082 0.00804918 -0.685442 0.726127 -0.0048907 -0.687543 0.726144 -0.00102256 -0.687541 0.726146 0.00397979 -0.687529 0.824353 -0.00980361 -0.565991 -0.90626 0.0110969 0.422575 -0.906251 0.0111042 0.422594 -0.906253 0.0111151 0.422589 -0.906249 0.0111208 0.422597 -0.90625 0.0111199 0.422596 -0.906246 0.0111128 0.422604 -0.00796886 -0.999961 0.00370056 -0.00796065 -0.999961 0.00370914 -0.00925724 -0.999948 0.00431555 -0.0105488 -0.999932 0.00492698 0.113444 -0.992144 -0.0527226 0.228243 -0.967732 -0.10677 0.857223 -0.32404 -0.400207 0.891896 -0.178314 -0.415603 0.906149 -0.0186286 -0.422548 0.906151 -0.0186272 -0.422545 0.906151 -0.0186273 -0.422544 0.895588 0.153847 -0.417437 0.860977 0.311905 -0.401788 0.215458 0.971306 -0.100715 0.110643 0.992527 -0.0514536 -0.000232082 1 0.000105192 -0.000203326 1 8.92094e-05 -0.000173964 1 8.61991e-05 -0.906241 0.0110701 0.422618 0.918015 -0.00262387 -0.396537 0.907237 -1.20797e-05 -0.42062 0.723354 0.0131911 -0.690351 0.726233 0.00487055 -0.687431 0.882966 -0.00269522 -0.469429 0.901242 -7.34363e-05 -0.433316 0.992871 0.0152522 -0.118216 0.993415 0.00561653 -0.114435 0.905863 -0.000219698 -0.42357 0.893681 0.00316894 -0.448691 0.90642 -0.00188644 -0.422374 0.922985 0.0010197 -0.384834 0.993439 -0.00445006 -0.114274 0.994031 -0.0154388 -0.107997 0.726094 -0.00668308 -0.687562 0.727777 -0.0182263 -0.685572 0.900119 -0.10485 -0.422838 0.883342 -0.198469 -0.424638 0.14591 0.986556 -0.0736 0.22657 0.966582 -0.119941 -0.146116 -0.987187 0.064125 -0.477629 -0.852621 0.211915 -0.893834 0.170692 0.414638 -0.764163 0.540066 0.35268 0.244666 -0.964654 -0.0978821 0.147948 -0.987354 -0.0569482 0.664861 -0.68025 -0.308578 0.665762 -0.679973 -0.307242 0.894554 0.196482 -0.401458 0.920577 0.117655 -0.372419 0.662102 0.682683 -0.309135 0.661678 0.682422 -0.310616 -0.778519 -0.511328 0.36394 -0.89595 -0.13571 0.422914 -0.445296 0.87032 0.210367 -0.122151 0.990575 0.0619692 0.0199044 -0.999708 -0.0136957 0.00706268 -0.999968 -0.00369803 -0.0115998 0.99993 0.002137 0.00499202 0.999986 -0.00161725 -0.0037934 -0.999992 0.00145359 -0.0185999 -0.999758 0.0117385 0.0150445 0.999872 -0.00547904 0.906154 0.00282827 -0.422938 0.906189 -0.00192948 -0.422868 -0.906169 0.000953457 0.422914 -0.906061 0.0183312 0.422751 0.906235 -0.0066648 -0.422721 -0.905651 0.0356527 0.422523 0.0365153 0.999188 -0.0170361 0.88978 0.0911329 -0.447198 0.959748 -0.0185982 -0.280246 0.736656 0.0264847 -0.675749 0.989456 0.0256159 -0.14255 0.823916 -0.0171845 -0.566452 0.992898 -0.0323991 -0.114472 0.83448 0.0156593 -0.550816 0.960822 0.0145372 -0.276784 0.742369 -0.0299622 -0.669321 0.993446 -0.00222726 -0.114277 0.726152 -9.92716e-05 -0.687535 0.993444 0.00044968 -0.114323 0.726186 0.00275683 -0.687492 0.906555 -9.27833e-05 -0.422088 0.903846 -0.000913706 -0.427857 -0.000181179 1 6.652e-05 -0.000174709 1 8.04833e-05 -0.000173017 1 9.55895e-05 -0.820825 0.0113827 0.571066 -0.825932 0.00415696 0.563754 -0.906304 0.00291287 0.422616 -0.906294 0.00561409 0.42261 -0.826897 0.000962382 0.562353 -0.906308 0.000472731 0.422618 -0.826224 -0.000834146 0.563341 -0.906308 -0.00068403 0.422618 -0.82655 -0.00451901 0.562845 -0.906301 -0.00359724 0.422616 -0.816446 -0.0209482 0.577042 -0.906307 -0.000997115 0.422619 -0.906289 -0.00621472 0.422612 -0.820257 -0.0106744 0.571896 -0.84648 0.00292328 0.532413 -0.862519 -0.000140988 0.506025 -0.844422 -0.0244522 0.53512 -0.847842 -0.0160635 0.530006 -0.841968 -0.0147465 0.539326 -0.840937 0.0110466 0.54102 -0.834146 0.044333 0.549759 -0.96735 -0.0209055 0.252579 -0.949965 -0.0147199 0.312008 -0.906307 0.00133427 0.422618 -0.906592 0.00119556 0.422007 -0.906185 4.47503e-05 0.422881 -0.906308 -2.01551e-06 0.422618 -0.906307 0.00131753 0.422618 -0.905771 -0.00118344 0.423767 -0.906307 -0.0013852 0.422618 -0.898134 -0.00139256 0.439719 -0.906298 -0.00476267 0.422613 -0.851314 0.0188961 0.524316 -0.906308 4.40551e-05 0.422617 -0.815938 0.0238179 0.577649 -0.893391 0.0126073 0.449102 -0.852719 0.055361 0.519428 -0.906477 0.00333446 0.422242 -0.906288 0.001382 0.422658 -0.906134 1.47861e-05 0.422991 -0.906296 0.00511155 0.422613 -0.913993 0.00170791 0.405725 -0.906303 -0.0031873 0.422616 -0.917736 -0.0164486 0.396851 -0.906308 -7.71054e-05 0.422619 -0.906304 0.00280161 0.422617 -0.906308 -0.000527502 0.422618 -0.906289 -0.00640037 0.422609 -0.919206 -0.0488116 0.390741 -0.906206 -0.0150227 0.42257 -0.943439 -0.0180655 0.331053 -0.952653 -0.00291 0.304045 -0.950951 0.0187259 0.308774 -0.952569 0.0289114 0.302946 -0.954173 0.0223708 0.298419 -0.954978 0.00216049 0.296667 -0.95924 -0.0202225 0.281869 -0.945014 -0.0293199 0.325714 -0.844838 -0.0163056 0.534773 -0.895514 -0.000122917 0.445033 -0.906301 0.00390787 0.422615 -0.90628 0.00144059 0.422675 -0.906307 0.0014448 0.422618 -0.907549 0.000448577 0.419947 -0.906308 -2.58023e-05 0.422618 -0.908787 -0.000446185 0.41726 -0.906307 -0.00142101 0.422618 -0.919058 0.00169067 0.394119 -0.906303 -0.00360285 0.422614 -0.955353 0.0232734 0.294548 -0.726441 0.013783 0.687091 -0.726125 0.00454781 0.687547 -0.888777 -0.00251665 0.458334 -0.906259 0.00142394 0.422721 -0.993383 0.0129843 0.11411 -0.993438 0.00475258 0.11427 -0.918967 -0.000422577 0.394334 -0.906871 0.00107363 0.421407 -0.911185 0.000521018 0.411997 -0.926462 0.0047619 0.376357 -0.905234 -0.000975515 0.424913 -0.892281 0.00077703 0.451479 -0.993407 -0.00609952 0.114478 -0.993205 -0.0163763 0.115218 -0.726216 -0.00577879 0.687442 -0.727101 -0.0167675 0.686325 0.139867 -0.98787 -0.0674625 0.230883 -0.963679 -0.134226 0.885462 0.112132 -0.450982 0.882291 0.196644 -0.42766 -0.898402 -0.133344 0.418442 -0.776974 -0.51602 0.360603 -0.121618 0.990948 0.056847 -0.460505 0.862303 0.210638 0.890042 -0.195749 -0.411714 0.902802 -0.105108 -0.417014 0.66324 -0.681166 -0.310042 0.662899 -0.680953 -0.311238 0.230255 0.967507 -0.104469 0.149835 0.986583 -0.0648263 0.662296 0.683153 -0.307678 0.662898 0.68297 -0.306787 -0.485528 -0.843685 0.229036 -0.141806 -0.98722 0.0727133 -0.759211 0.546369 0.353667 -0.891963 0.169748 0.419032 0.0371925 0.999175 -0.0163003 0.0134795 0.999874 -0.00841302 -0.0209441 -0.999758 0.00672514 -0.00373481 -0.999993 0.000395315 0.00402681 0.999987 -0.00322933 -0.00956211 0.99993 0.00701007 0.00743157 -0.999969 -0.0025253 -0.905713 0.0357263 0.422384 -0.906047 0.0184884 0.422773 0.906107 -0.00647957 -0.422999 0.906164 -0.00172341 -0.422922 -0.906113 0.00121471 0.423033 0.90615 0.00306861 -0.422945 0.0230222 -0.999698 -0.00860474 0.914183 0.0913923 -0.394862 -0.732728 0.0329955 0.679721 -0.956032 -0.0160653 0.292822 -0.831023 -0.0190959 0.55591 -0.992907 0.0306654 0.114868 -0.838712 0.0166463 0.544321 -0.991603 -0.0366035 0.124033 -0.731788 -0.0357157 0.680596 -0.963042 0.0204818 0.268569 -0.993435 -0.00205544 0.114378 -0.726152 -0.00116875 0.687533 -0.993443 0.000535801 0.11433 -0.726125 0.00107866 0.687562 -0.90874 0.000905819 0.417361 -0.90606 9.19004e-05 0.42315 -7.86449e-07 1 -1.16985e-06 -0.310006 0.939693 0.144479 -0.309997 0.939697 0.144472 5.81047e-06 1 2.05692e-05 -0.582564 0.766045 0.271652 -0.582552 0.766041 0.271689 -0.78489 0.5 0.365988 -0.78491 0.50001 0.365933 -0.89254 0.173648 0.416196 -0.89254 0.173648 0.416196 -0.892532 -0.173649 0.416213 -0.892532 -0.173651 0.416211 -0.784897 -0.5 0.365973 -0.784882 -0.500001 0.366004 -0.582558 -0.766045 0.271666 -0.582511 -0.766055 0.271736 -0.309918 -0.939693 0.144668 -0.309929 -0.939697 0.144615 -1.06176e-05 -1 -2.05395e-05 -1.22689e-06 -1 -6.53039e-07 0.309915 -0.939693 -0.144674 0.309912 -0.939699 -0.14464 0.582554 -0.766044 -0.271675 0.582519 -0.766053 -0.271727 0.784895 -0.5 -0.365977 0.78487 -0.500005 -0.366024 0.89253 -0.173649 -0.416217 0.879728 -0.178008 -0.440899 0.892541 -0.173649 -0.416193 0.892535 0.173648 -0.416206 0.892533 0.173646 -0.416211 0.904642 -0.169152 -0.391165 0.784875 0.499999 -0.366022 0.784883 0.499998 -0.366007 0.582583 0.766044 -0.271612 0.582599 0.766055 -0.271548 0.31 0.939692 -0.144493 0.309968 0.939691 -0.144573 -0.309993 0.939708 0.144406 5.52182e-06 1 5.12154e-05 -0.582548 0.766029 0.271731 -0.784897 0.500014 0.365954 -0.89254 0.173649 0.416196 -0.892527 -0.173657 0.416221 -0.784887 -0.5 0.365997 -0.582505 -0.766064 0.271723 -0.309919 -0.939702 0.144606 4.52611e-06 -1 5.50287e-06 0.309888 -0.939707 -0.144639 0.582524 -0.766058 -0.271701 0.784864 -0.500011 -0.366029 0.865663 -0.1912 -0.462678 0.892531 0.173641 -0.416218 0.916577 -0.155536 -0.368367 0.784865 0.499977 -0.366073 0.582596 0.766082 -0.271477 0.309969 0.939687 -0.144597 0.444735 0.736906 -0.509098 0.495796 0.753205 -0.432283 0.519673 0.758741 -0.392749 0.48281 0.749471 -0.452976 0.424339 0.72887 -0.537294 0.482887 0.749564 -0.452741 0.424326 0.728886 -0.537283 0.482886 0.749565 -0.452739 0.444695 0.736922 -0.50911 0.495676 0.753309 -0.43224 0.482771 0.749531 -0.45292 0.519383 0.759016 -0.392602 0.53187 0.761189 -0.371087 0.550045 0.764089 -0.337074 0.582562 0.766045 -0.271654 0.582551 0.766055 -0.271651 0.626044 0.761292 -0.16883 0.612017 0.76387 -0.204789 0.657203 0.749597 -0.0786659 0.634828 0.758807 -0.145619 0.67601 0.736769 -0.0134729 0.649938 0.753116 -0.101962 0.684299 0.728918 0.0203272 0.657204 0.749573 -0.0788901 0.684276 0.728939 0.0203431 0.65718 0.749595 -0.0788781 0.676048 0.736733 -0.0135396 0.649849 0.753196 -0.10194 0.657422 0.74939 -0.0788099 0.634677 0.758945 -0.145558 0.626148 0.761191 -0.168901 0.61178 0.764085 -0.204692 0.582571 0.766036 -0.271661 0.582571 0.766037 -0.27166 0.531707 0.761338 -0.371015 0.550227 0.763921 -0.337157 0.582563 0.766045 -0.271653 4.51392e-05 1 9.94004e-05 -0.310096 0.939693 0.144284 -0.310063 0.939711 0.144238 4.6402e-05 1 0.000165275 -0.582579 0.766046 0.271616 -0.58257 0.766048 0.271629 -0.784778 0.499998 0.366232 -0.784913 0.500009 0.365926 -0.892588 0.173645 0.416094 -0.892483 0.173624 0.416328 -0.892558 -0.173645 0.416159 -0.892502 -0.173659 0.416271 -0.784783 -0.499998 0.36622 -0.784998 -0.499967 0.365803 -0.582544 -0.766046 0.271691 -0.582465 -0.766065 0.271809 -0.309971 -0.939693 0.144553 -0.309985 -0.939692 0.144526 4.16347e-06 -1 9.81624e-06 4.71287e-05 -1 6.90261e-05 0.309963 -0.939693 -0.144569 0.309866 -0.939704 -0.144706 0.582542 -0.766046 -0.271695 0.582602 -0.766038 -0.271591 0.78475 -0.499999 -0.366291 0.78483 -0.500014 -0.366099 0.892461 -0.173645 -0.416365 0.879943 -0.177936 -0.440499 0.892843 -0.173645 -0.415546 0.892545 0.173645 -0.416186 0.892426 0.1736 -0.416459 0.90471 -0.169124 -0.39102 0.784729 0.499998 -0.366336 0.784871 0.499992 -0.366039 0.582664 0.766044 -0.271438 0.58263 0.766067 -0.271448 0.310007 0.939692 -0.144476 0.309987 0.939694 -0.144509 -0.310019 0.939726 0.144229 2.59725e-05 1 0.00023928 -0.582571 0.766054 0.271612 -0.784904 0.500023 0.365927 -0.892511 0.173622 0.416268 -0.892442 -0.173715 0.416378 -0.785045 -0.49992 0.365765 -0.582367 -0.76611 0.271891 -0.309992 -0.939689 0.144531 8.85515e-05 -1 9.26622e-05 0.309751 -0.939728 -0.144792 0.582667 -0.766011 -0.271527 0.784731 -0.50008 -0.366221 0.865843 -0.191086 -0.462387 0.892448 0.173563 -0.41643 0.91669 -0.155442 -0.368127 0.784878 0.499989 -0.366029 0.582607 0.766095 -0.271419 0.309969 0.939688 -0.144589 0.680737 -0.489114 -0.545312 0.720043 -0.495121 -0.486202 0.694578 -0.491911 -0.524962 0.639069 -0.481694 -0.599635 0.732753 -0.49708 -0.464741 0.751977 -0.498559 -0.431242 0.784823 -0.500173 -0.365897 0.784824 -0.500147 -0.36593 0.827416 -0.49622 -0.26296 0.813668 -0.49862 -0.298869 0.855606 -0.488435 -0.171377 0.835273 -0.495105 -0.239144 0.871001 -0.480025 -0.104558 0.848986 -0.491184 -0.194835 0.876795 -0.475833 -0.0693837 0.855156 -0.489294 -0.171172 0.877002 -0.475438 -0.0694664 0.855283 -0.489052 -0.171225 0.870491 -0.481036 -0.104161 0.848775 -0.491611 -0.194677 0.8551 -0.489463 -0.170968 0.835241 -0.495202 -0.239056 0.827073 -0.49699 -0.262584 0.813727 -0.498533 -0.298851 0.784914 -0.499958 -0.365994 0.784908 -0.499964 -0.365998 0.732801 -0.496906 -0.464853 0.751779 -0.498907 -0.431185 0.680859 -0.488998 -0.545263 0.719839 -0.495517 -0.486102 0.639479 -0.480777 -0.599934 0.694733 -0.491583 -0.525064 0.616827 -0.47569 -0.627091 0.680834 -0.48925 -0.545068 0.617082 -0.475144 -0.627254 0.681001 -0.488913 -0.545162 0.784885 -0.500001 -0.365998 4.05594e-06 1 9.35817e-06 -0.310029 0.939693 0.14443 -0.310005 0.939698 0.144442 4.84989e-06 1 1.62281e-05 -0.5826 0.766045 0.271572 -0.58255 0.766041 0.271692 -0.78487 0.5 0.366032 -0.784912 0.50001 0.365928 -0.892512 0.173647 0.416256 -0.892546 0.17365 0.416183 -0.89254 -0.173648 0.416196 -0.892527 -0.173652 0.416222 -0.784899 -0.5 0.365971 -0.784907 -0.499993 0.365961 -0.582567 -0.766045 0.271644 -0.582518 -0.766054 0.271724 -0.309921 -0.939693 0.144661 -0.309909 -0.939699 0.144644 -1.21065e-05 -1 -2.4531e-05 -2.91525e-06 -1 -3.51432e-06 0.309944 -0.939693 -0.14461 0.309924 -0.939698 -0.14462 0.582554 -0.766045 -0.271674 0.582505 -0.766056 -0.271747 0.784904 -0.5 -0.365959 0.784907 -0.499994 -0.36596 0.892544 -0.173649 -0.416187 0.892544 -0.173647 -0.416187 0.892517 0.173648 -0.416245 0.881125 0.169144 -0.441598 0.892479 0.173648 -0.416325 0.784874 0.5 -0.366023 0.784891 0.500002 -0.365985 0.903253 0.178018 -0.390441 0.582613 0.766044 -0.271548 0.58259 0.766053 -0.271572 0.310031 0.939692 -0.144426 0.309988 0.939695 -0.144504 -0.309995 0.93971 0.144389 4.83185e-06 1 3.80263e-05 -0.582549 0.766027 0.271734 -0.784909 0.500025 0.365913 -0.892555 0.173662 0.416156 -0.892522 -0.173659 0.416228 -0.784894 -0.499996 0.365985 -0.582513 -0.766061 0.271715 -0.309908 -0.939704 0.144616 7.80697e-06 -1 8.89376e-06 0.309909 -0.939704 -0.144616 0.582492 -0.766068 -0.271741 0.78489 -0.499998 -0.36599 0.892549 -0.173642 -0.41618 0.871346 0.155531 -0.465366 0.784873 0.499986 -0.366044 0.910914 0.191244 -0.365597 0.582591 0.766075 -0.271508 0.309979 0.939695 -0.144519 0.722849 -0.331783 -0.606143 0.772074 -0.337428 -0.538557 0.751611 -0.33528 -0.568039 0.689233 -0.326821 -0.646642 0.771961 -0.337457 -0.538702 0.801899 -0.339847 -0.491387 0.826207 -0.341535 -0.448037 0.835384 -0.341712 -0.430542 0.874328 -0.341439 -0.34492 0.866738 -0.34187 -0.363166 0.908847 -0.337546 -0.245072 0.891728 -0.340291 -0.298368 0.928983 -0.331765 -0.16408 0.908761 -0.337672 -0.245217 0.938335 -0.326985 -0.112286 0.918225 -0.335418 -0.210612 0.940987 -0.324939 -0.0946441 0.921242 -0.334437 -0.198659 0.938386 -0.326823 -0.11233 0.918263 -0.335299 -0.210638 0.928959 -0.331816 -0.164114 0.908829 -0.337453 -0.245265 0.908793 -0.337661 -0.245112 0.891834 -0.339952 -0.298436 0.874301 -0.341514 -0.344915 0.866795 -0.341698 -0.363193 0.826237 -0.341428 -0.448062 0.835335 -0.341858 -0.430521 0.77199 -0.337431 -0.538677 0.801772 -0.340251 -0.491316 0.722905 -0.331611 -0.606171 0.772011 -0.337615 -0.538531 0.689308 -0.326639 -0.646654 0.751637 -0.335218 -0.568041 0.677373 -0.324889 -0.66001 0.744357 -0.3344 -0.578022 0.851651 -0.342018 -0.397132 0.964773 0.0250348 -0.261892 0.964766 0.0248965 -0.261929 0.880722 0.0013066 -0.473633 0.829158 0.419131 0.3699 0.829273 0.419019 0.369769 0.738451 0.525841 0.422115 0.738311 0.525987 0.422178 0.175244 0.960707 0.215248 0.0407502 0.998458 0.0376979 0.174865 0.960732 0.215446 0.981986 0.0329589 -0.186059 0.982006 0.0327065 -0.185995 0.678704 0.586445 0.442089 0.67882 0.586648 0.441641 0.874765 0.355749 0.32898 0.874777 0.355983 0.328697 0.219526 0.936422 0.27372 0.219102 0.936394 0.274154 0.0742569 -0.0163745 0.997105 0.074261 -0.0115669 0.997172 -0.0764968 -0.141171 0.987025 -0.069815 -0.0979075 0.992744 -0.0110217 0.0184531 0.999769 -0.141183 -0.184883 0.972566 -0.0569261 0.00746264 0.998351 -0.198733 -0.272742 0.941338 -0.572328 0.158941 0.804474 -0.716554 0.110766 0.688681 -0.846926 0.0016142 0.531708 -0.798173 -0.0602759 0.599405 -0.88531 0.0495416 0.462354 -0.897113 0.0362306 0.440313 -0.913522 0.00659965 0.406737 -0.912235 0.00617733 0.409622 -0.935775 -0.0348642 0.35087 -0.924357 -0.0212521 0.380937 -0.994974 -0.0592107 0.0807469 -0.968994 0.0161329 0.246558 -0.994152 -0.0669335 -0.0847395 -0.9848 0.0951328 0.145319 -0.818431 -0.00388432 -0.574591 -0.788558 0.0238556 -0.614498 -0.845117 0.15154 -0.512653 -0.872361 0.217412 -0.437856 -0.716018 0.0691668 -0.694646 -0.807824 0.123786 -0.576279 -0.717151 0.0460722 -0.695394 -0.80699 0.0891613 -0.583796 -0.718172 0.00848244 -0.695814 -0.806454 0.0404082 -0.589915 -0.718261 0.000222217 -0.695774 -0.806114 -0.00116469 -0.591759 -0.719799 7.80048e-05 -0.694182 -0.808673 -0.0528257 -0.585882 -0.721227 0.0013818 -0.692697 -0.833877 -0.13297 -0.535694 -0.881459 -0.310685 0.355674 -0.906452 -0.18836 0.377974 -0.946506 -0.119751 0.299642 -0.951766 -0.247454 0.181404 -0.907759 0.00184122 0.419489 -0.907434 0.00251968 0.420186 -0.906033 0.00165996 0.423203 -0.906156 0.0016062 0.42294 -0.90408 0.00145724 0.42736 -0.905499 0.00100779 0.424346 -0.872836 0.197471 0.446276 -0.839717 0.128746 0.527541 -0.826186 0.319239 0.464224 -0.749662 0.260305 0.60848 0.0738506 -0.00983578 0.997221 0.0733912 -0.00428592 0.997294 -0.0636486 0.042074 0.997085 -0.0947035 0.126926 0.987381 0.0742629 0.00095112 0.997238 -0.0621509 0.00052516 0.998067 0.0742628 0.00022803 0.997239 -0.0642465 -0.0441282 0.996958 -0.76869 -0.0511735 0.637571 -0.777086 -0.0357735 0.628377 -0.785969 -0.00101566 0.618265 -0.827635 -0.0240287 0.560753 -0.876403 0.0162963 0.481302 -0.902493 0.0339255 0.429367 -0.90937 0.00467898 0.415962 -0.914129 -0.0187424 0.404989 -0.94879 -0.0299196 0.314487 -0.972496 0.0259891 0.231464 -0.978526 0.00999615 0.205881 -0.980493 0.0460619 0.191082 -0.982236 0.0563812 0.178977 -0.984886 0.037481 0.169102 -0.986237 0.00165359 0.165331 -0.984553 -0.032899 0.171967 -0.966129 -0.0423749 0.254556 -0.923083 -0.0264013 0.383694 -0.90601 0.000473611 0.423257 -0.906285 0.00149394 0.422665 -0.906627 0.0030543 0.421922 -0.886405 0.0253887 0.462214 -0.814223 0.0749996 0.575687 -0.761631 0.0544594 0.645719 -0.760285 0.00772922 0.649544 -0.762617 -0.0319325 0.646062 -0.208178 -0.147553 0.966897 -0.221792 -0.126265 0.966884 -0.271018 -0.0596712 0.960723 -0.334438 -0.0463999 0.941275 -0.943288 0.0646959 -0.325609 -0.914166 0.0593647 -0.40097 -0.883943 0.12327 -0.451054 -0.874294 0.151838 -0.461037 -0.877402 0.0829342 -0.472534 -0.878992 0.00555283 -0.476804 -0.885914 -0.0804785 -0.456815 -0.896096 -0.21319 -0.389311 -0.970587 -0.18135 0.158342 -0.945897 -0.0829031 0.313698 -0.907143 0.00296181 0.420813 -0.906294 0.00166197 0.422644 -0.906329 0.00117935 0.422571 -0.845085 0.0874083 0.527438 -0.746699 0.19613 0.635589 -0.266419 0.361365 0.893552 -0.213394 0.139995 0.966884 -0.197438 0.00846746 0.980279 -0.200606 -0.0746491 0.976824 -0.90631 -1.28861e-06 0.422614 -0.90631 -1.61189e-06 0.422613 -0.906311 -2.16328e-06 0.422611 -0.906311 -1.84e-06 0.422612 -0.90631 -2.58776e-17 0.422614 -0.906311 -2.58775e-17 0.422612 -0.906311 -2.58775e-17 0.422611 -0.90631 -2.58776e-17 0.422613 -0.906308 -3.3007e-12 0.422618 -0.906308 -3.3007e-12 0.422618 -0.906308 -3.3007e-12 0.422618 -0.906308 -3.3007e-12 0.422618 -0.422618 -2.06081e-06 -0.906308 -0.422618 4.63863e-07 -0.906308 -0.422618 1.69323e-06 -0.906308 -0.422618 -4.12513e-07 -0.906308 -0.906308 7.89117e-07 0.422618 -0.906308 2.41996e-07 0.422618 -0.906308 -1.70748e-12 0.422618 -0.906308 5.4712e-07 0.422618 0.422618 4.98005e-08 0.906308 0.422618 2.09294e-08 0.906308 0.422618 -2.32138e-22 0.906308 0.422618 3.36619e-08 0.906308 -0.467799 5.41193e-17 -0.883835 -0.414395 5.57274e-17 -0.910097 -0.39229 5.63241e-17 -0.919842 -0.363208 5.70507e-17 -0.931708 -0.184226 0.975162 -0.122962 0.0159381 0.97615 -0.216512 0.0517496 0.971297 -0.232172 -0.163139 0.977555 -0.133308 -0.198664 0.717776 -0.667331 -0.157248 0.687331 -0.709118 -0.170685 0.788828 -0.590438 -0.175967 0.794236 -0.58157 -0.200411 -0.971334 -0.127854 0.0125379 -0.973655 -0.227683 0.0514383 -0.968261 -0.244593 -0.177757 -0.974198 -0.139071 -0.301138 -0.628631 -0.717035 -0.262939 -0.569699 -0.778656 -0.260163 -0.677372 -0.6881 -0.283285 -0.714887 -0.639286 -0.373399 5.68034e-17 -0.927671 -0.483482 5.36e-17 -0.875354 -0.452261 5.46122e-17 -0.891886 -0.430306 5.52734e-17 -0.902683 -0.195678 -0.840465 -0.505301 -0.393538 -0.738727 -0.547184 -0.555033 -0.557923 -0.616976 -0.44113 -0.648736 -0.620118 -0.119121 0.833265 -0.539889 -0.395497 0.674557 -0.623342 -0.520233 0.50737 -0.686974 -0.368202 0.645325 -0.669315 -0.413936 5.57402e-17 -0.910306 -0.416552 5.5667e-17 -0.909112 -0.191331 0.594703 -0.780846 -0.112352 0.454286 -0.883743 -0.365683 -0.221501 -0.903998 -0.329992 -0.16521 -0.929414 -0.433772 5.51717e-17 -0.901022 -0.426435 5.53858e-17 -0.904518 -0.41963 0.0370532 -0.906939 -0.417917 0.0334093 -0.907871 -0.412396 0.0217612 -0.910745 -0.414353 0.0258739 -0.909748 -0.481752 -0.553778 -0.67915 -0.543483 -0.486796 -0.683854 -0.45309 0.284141 -0.84497 -0.484426 0.255636 -0.836649 -0.918146 -0.252304 0.305534 -0.87893 -0.294302 0.375324 -0.422487 -0.000470065 -0.906369 -0.419545 -0.0135348 -0.907634 0.421182 0.00636895 0.906954 0.420797 0.00610121 0.907134 0.820954 0.265742 -0.505386 0.848752 0.307141 -0.430447 -0.428496 0.0269609 -0.903141 -0.426131 0.0127145 -0.904572 0.995143 -6.02769e-18 0.0984397 0.99511 -6.04833e-18 0.0987768 0.995076 -6.06897e-18 0.0991138 0.99511 -6.04833e-18 0.0987768 -0.766398 -0.330973 0.550537 -0.431315 0.0249882 -0.901855 0.420505 0.00594126 0.907271 0.910297 0.343334 -0.231261 -0.417551 -0.0141744 -0.908543 0.0951042 -0.985064 0.143542 0.0951437 -0.985075 0.143438 -0.022924 -0.998371 -0.052256 0.669511 -0.594908 0.444792 0.669494 -0.595284 0.444313 0.770123 -0.490741 0.407534 0.770247 -0.490562 0.407515 0.984441 -0.0678428 -0.162089 0.926628 -0.0209899 -0.375393 0.984467 -0.0674546 -0.162093 0.134554 -0.968636 0.208901 0.134645 -0.96864 0.208825 0.822065 -0.428406 0.37507 0.822077 -0.428519 0.374914 0.604825 -0.653988 0.454408 0.604577 -0.653684 0.455175 0.992742 -0.0832174 -0.0868202 0.992794 -0.0827679 -0.0866571 -0.820767 -0.0250822 0.570712 -0.820794 -0.0249736 0.570678 -0.928941 -0.00130722 0.370226 -0.249685 -0.419198 0.872886 -0.249976 -0.419184 0.87281 -0.151189 -0.525779 0.837077 -0.150904 -0.525836 0.837093 0.052044 -0.960711 0.272627 0.00268871 -0.998458 0.0554465 0.0522935 -0.960738 0.272486 -0.773735 -0.0329492 0.632652 -0.773723 -0.0328639 0.632672 -0.0976165 -0.586452 0.804081 -0.0972952 -0.586295 0.804233 -0.310843 -0.356327 0.88114 -0.310632 -0.356107 0.881303 0.0683526 -0.936435 0.344119 0.0687541 -0.936416 0.344089 0.049101 0.985063 0.165046 0.0492018 0.985073 0.164957 -0.0252944 0.998371 -0.0511507 -0.09004 0.595114 0.798581 -0.0901731 0.595377 0.79837 -0.18301 0.490861 0.8518 -0.18285 0.490499 0.852043 -0.756967 0.0679422 0.649911 -0.883193 0.0209908 0.46854 -0.757005 0.0676828 0.649894 0.0739852 0.968623 0.237269 0.0741662 0.968617 0.237237 -0.241023 0.428345 0.870878 -0.240781 0.428132 0.87105 -0.040548 0.653935 0.755463 -0.0404561 0.653898 0.7555 -0.704665 0.0833869 0.704623 -0.704612 0.0831281 0.704706 2.52579e-06 1 7.99453e-06 -0.310055 0.939693 0.144372 -0.309991 0.939697 0.144483 -1.92208e-05 1 -6.64589e-05 -0.582575 0.766046 0.271625 -0.582502 0.766026 0.271838 -0.784956 0.499998 0.36585 -0.785008 0.500047 0.365671 -0.892544 0.173645 0.416189 -0.892382 0.173583 0.416561 -0.892426 -0.173645 0.416441 -0.892569 -0.173636 0.416139 -0.784952 -0.499998 0.365857 -0.784914 -0.49999 0.365951 -0.582508 -0.766046 0.271769 -0.582569 -0.766044 0.271642 -0.309839 -0.939693 0.144836 -0.309874 -0.939703 0.144692 8.35743e-06 -1 1.88023e-05 -2.82399e-05 -1 -4.19227e-05 0.309784 -0.939693 -0.144952 0.309913 -0.939699 -0.144634 0.582586 -0.766046 -0.2716 0.582535 -0.766051 -0.271697 0.784886 -0.499999 -0.365998 0.784927 -0.499987 -0.365928 0.892451 -0.173645 -0.416389 0.87989 -0.177953 -0.440598 0.892494 -0.173645 -0.416295 0.892586 0.173645 -0.416097 0.892515 0.173636 -0.416255 0.904516 -0.169199 -0.391437 0.78486 0.499998 -0.366056 0.784811 0.499968 -0.366201 0.582671 0.766044 -0.271423 0.582696 0.766089 -0.271245 0.310003 0.939693 -0.144485 0.309922 0.939682 -0.144729 -0.310029 0.939735 0.144155 -1.71718e-05 1 -0.000151443 -0.582499 0.765971 0.271999 -0.785012 0.50014 0.365534 -0.892408 0.173529 0.416528 -0.892583 -0.173616 0.416116 -0.784831 -0.500029 0.366076 -0.582651 -0.766016 0.271547 -0.309817 -0.939718 0.144721 -7.07695e-05 -1 -7.40516e-05 0.30996 -0.939694 -0.144565 0.58247 -0.766076 -0.271765 0.78495 -0.499969 -0.365903 0.865831 -0.191094 -0.462407 0.89261 0.173709 -0.416019 0.916368 -0.155703 -0.368816 0.784774 0.499876 -0.366405 0.582685 0.766186 -0.270993 0.309975 0.939693 -0.144544 0.680419 -0.490023 -0.544892 0.719875 -0.495524 -0.486042 0.694548 -0.491979 -0.524939 0.639018 -0.481821 -0.599587 0.732864 -0.496751 -0.464919 0.75202 -0.498454 -0.431289 0.784924 -0.499894 -0.366061 0.784896 -0.499974 -0.366011 0.827146 -0.496874 -0.262575 0.813569 -0.498845 -0.298764 0.855628 -0.488387 -0.171402 0.835299 -0.49505 -0.239167 0.87054 -0.480947 -0.10416 0.848776 -0.491608 -0.19468 0.876565 -0.476275 -0.0692474 0.855025 -0.489548 -0.171099 0.876961 -0.475517 -0.0694522 0.855208 -0.489194 -0.171196 0.870804 -0.480462 -0.104198 0.848979 -0.491241 -0.194724 0.855159 -0.489362 -0.170965 0.835204 -0.495266 -0.239051 0.827047 -0.497032 -0.262587 0.813697 -0.498584 -0.29885 0.784872 -0.500021 -0.366 0.784896 -0.499983 -0.365998 0.732811 -0.496891 -0.464852 0.751799 -0.498875 -0.431186 0.680633 -0.489318 -0.545259 0.719809 -0.495565 -0.486098 0.639496 -0.480751 -0.599936 0.69469 -0.491654 -0.525054 0.616932 -0.475506 -0.627127 0.680921 -0.489093 -0.545101 0.61662 -0.476109 -0.626976 0.680771 -0.489376 -0.545034 0.784884 -0.500002 -0.365998 3.09109e-06 1 7.49874e-06 -0.310004 0.939692 0.144485 -0.310003 0.939698 0.144453 -1.2759e-05 1 -4.57198e-05 -0.582633 0.766045 0.271502 -0.582574 0.766049 0.271618 -0.784929 0.499998 0.365908 -0.784948 0.500022 0.365833 -0.892422 0.173644 0.416451 -0.892492 0.173626 0.416308 -0.892414 -0.173645 0.416468 -0.892355 -0.173711 0.416565 -0.784909 -0.499998 0.36595 -0.78493 -0.499985 0.365923 -0.582576 -0.766045 0.271625 -0.582589 -0.76604 0.271611 -0.309925 -0.939692 0.144653 -0.309846 -0.939705 0.144739 4.49109e-06 -1 8.83982e-06 -5.60025e-05 -1 -8.37777e-05 0.309912 -0.939693 -0.144678 0.309885 -0.939702 -0.144677 0.582577 -0.766046 -0.27162 0.582629 -0.766032 -0.271547 0.784925 -0.499997 -0.365919 0.784873 -0.5 -0.366025 0.892542 -0.173643 -0.416192 0.879707 -0.17801 -0.44094 0.892292 -0.173643 -0.416729 0.892422 0.173643 -0.416451 0.892459 0.173611 -0.416384 0.904523 -0.169194 -0.391423 0.784925 0.499996 -0.365919 0.78488 0.499993 -0.366019 0.582632 0.766045 -0.271508 0.582614 0.766061 -0.2715 0.31 0.939692 -0.144494 0.310014 0.9397 -0.144416 -0.309991 0.939707 0.144414 -1.1873e-05 1 -0.000107511 -0.582538 0.766017 0.271787 -0.784931 0.500053 0.36583 -0.892581 0.173683 0.416093 -0.892356 -0.173774 0.416537 -0.784958 -0.499965 0.36589 -0.582592 -0.766035 0.271619 -0.309738 -0.939731 0.144801 -0.00013923 -1 -0.000146301 0.309829 -0.939716 -0.144706 0.582697 -0.766001 -0.271491 0.784824 -0.50003 -0.36609 0.865621 -0.191219 -0.462748 0.892528 0.173632 -0.416228 0.916617 -0.155499 -0.368284 0.78483 0.49993 -0.366213 0.582586 0.76607 -0.271535 0.310003 0.939718 -0.144322 0.68056 -0.489571 -0.545121 0.719935 -0.495363 -0.486116 0.694612 -0.491813 -0.525009 0.639156 -0.481422 -0.59976 0.732772 -0.497002 -0.464795 0.751972 -0.498562 -0.431247 0.784962 -0.499787 -0.366124 0.784973 -0.49979 -0.366097 0.826958 -0.497337 -0.262289 0.813513 -0.498975 -0.298698 0.854941 -0.489875 -0.170584 0.834943 -0.495814 -0.238828 0.870404 -0.481228 -0.104006 0.848667 -0.491836 -0.194581 0.876595 -0.476224 -0.0692256 0.855049 -0.489509 -0.171091 0.876917 -0.475606 -0.0693988 0.855207 -0.489204 -0.171174 0.87046 -0.4811 -0.104125 0.848774 -0.49162 -0.194659 0.855327 -0.489078 -0.170934 0.835289 -0.495124 -0.239049 0.827145 -0.496881 -0.262565 0.813725 -0.498541 -0.298845 0.784918 -0.499951 -0.365995 0.78491 -0.499961 -0.365999 0.732665 -0.497085 -0.464875 0.751792 -0.498881 -0.431192 0.68076 -0.489118 -0.545279 0.719907 -0.495399 -0.486122 0.63931 -0.48101 -0.599927 0.694618 -0.491762 -0.525048 0.61655 -0.476141 -0.627021 0.680695 -0.489485 -0.545031 0.616811 -0.47566 -0.62713 0.680843 -0.489208 -0.545095 0.784891 -0.49999 -0.366001 4.59775e-05 1 0.000101179 -0.309922 0.939693 0.144657 -0.310052 0.939709 0.144275 5.13729e-05 1 0.000182774 -0.582603 0.766046 0.271566 -0.582518 0.766031 0.27179 -0.784885 0.499998 0.366002 -0.784835 0.499977 0.366138 -0.892476 0.173645 0.416334 -0.892633 0.173684 0.415981 -0.89258 -0.173645 0.41611 -0.892507 -0.173658 0.416263 -0.784894 -0.499998 0.365982 -0.784976 -0.499973 0.365841 -0.582566 -0.766046 0.271644 -0.582499 -0.766058 0.271754 -0.30997 -0.939693 0.144554 -0.309983 -0.939692 0.144528 3.32337e-06 -1 8.01082e-06 4.42598e-05 -1 6.48043e-05 0.309963 -0.939693 -0.144568 0.30987 -0.939704 -0.144699 0.582563 -0.766046 -0.271649 0.582636 -0.766031 -0.271536 0.784904 -0.499999 -0.36596 0.784838 -0.500012 -0.366085 0.892683 -0.173645 -0.415889 0.87989 -0.177953 -0.440598 0.892494 -0.173645 -0.416295 0.892432 0.173645 -0.416427 0.892511 0.173634 -0.416264 0.904648 -0.169148 -0.391153 0.784967 0.499998 -0.365827 0.78498 0.500036 -0.365746 0.582559 0.766044 -0.271662 0.582481 0.766017 -0.27191 0.309875 0.939692 -0.14476 0.309981 0.939693 -0.144528 -0.310022 0.939729 0.144209 2.8041e-05 1 0.000258065 -0.58256 0.766041 0.27167 -0.784823 0.499934 0.366224 -0.892627 0.173726 0.415976 -0.89245 -0.17371 0.416364 -0.785024 -0.499931 0.365796 -0.582418 -0.766093 0.271829 -0.309985 -0.93969 0.144538 8.43867e-05 -1 8.83029e-05 0.309731 -0.939732 -0.144814 0.582737 -0.765988 -0.271441 0.784725 -0.500083 -0.366228 0.865789 -0.19112 -0.462475 0.892451 0.173566 -0.416421 0.91665 -0.155475 -0.368213 0.784983 0.500104 -0.365648 0.582534 0.76601 -0.271816 0.309966 0.939685 -0.14461 0.680725 -0.489149 -0.545296 0.720022 -0.495172 -0.486182 0.694805 -0.491408 -0.525133 0.639513 -0.480585 -0.600051 0.732713 -0.497197 -0.464679 0.751943 -0.498642 -0.431206 0.784886 -0.499997 -0.366001 0.784906 -0.49995 -0.366022 0.827167 -0.496823 -0.262605 0.813609 -0.498753 -0.298807 0.85494 -0.489866 -0.170614 0.834883 -0.495934 -0.238789 0.87119 -0.479648 -0.104721 0.849046 -0.491063 -0.194879 0.876795 -0.475833 -0.0693836 0.855173 -0.48926 -0.171182 0.876916 -0.475601 -0.0694369 0.855219 -0.489173 -0.1712 0.870479 -0.481059 -0.104159 0.848755 -0.491649 -0.194672 0.855169 -0.489343 -0.170964 0.835217 -0.495243 -0.239053 0.827157 -0.496857 -0.262572 0.813771 -0.498462 -0.298853 0.784923 -0.499946 -0.365992 0.78487 -0.500026 -0.365997 0.732857 -0.496827 -0.464848 0.751874 -0.498758 -0.431191 0.680597 -0.489368 -0.545258 0.719813 -0.495558 -0.486098 0.639375 -0.480936 -0.599917 0.694724 -0.491599 -0.525062 0.616303 -0.47661 -0.626907 0.680556 -0.489756 -0.544961 0.61712 -0.475065 -0.627277 0.680996 -0.488923 -0.54516 0.784881 -0.500008 -0.365996 </float_array>
          <technique_common>
            <accessor count="1349" offset="0" source="#meshId0-tangents-array" stride="3">
              <param name="X" type="float" />
              <param name="Y" type="float" />
              <param name="Z" type="float" />
            </accessor>
          </technique_common>
        </source>
        <source id="meshId0-bitangents" name="meshId0-bitangents">
          <float_array id="meshId0-bitangents-array" count="4047"> -0.000310096 1 0.000145019 -7.20544e-06 1 3.68989e-06 -0.000284532 1 0.000132845 -0.000328247 1 0.000153072 0.00561494 0.999981 -0.00261766 0.00242801 0.999996 -0.00113147 0.00315683 0.999994 -0.00147299 0.012231 0.999909 -0.00570447 0.401231 -0.156969 0.902427 0.416576 -0.160154 0.894883 0.41827 0.160151 0.894093 0.433457 0.156962 0.8874 0.557491 -0.0271951 0.829738 0.561813 -0.00688458 0.827235 0.272566 0.00659752 0.962114 0.277398 0.0280703 0.960345 0.44165 0.154281 0.883823 0.422375 0.159924 0.892202 0.412159 -0.159926 0.896967 0.392601 -0.155519 0.906465 0.27721 0.026778 0.960436 0.272086 0.00128387 0.962272 0.562243 -0.00157901 0.82697 0.558445 -0.0271439 0.829098 5.35094e-06 1 -1.79381e-06 0.000235829 1 -0.00011049 -0.00205329 0.999997 0.000956419 -0.00215975 0.999997 0.00100747 0.0535767 0.99166 0.117218 0.0172597 0.999634 0.0208225 0.00558423 0.999981 -0.00260356 0.00139455 0.999999 -0.000650531 0.418294 -0.158464 0.894382 0.416992 0.158543 0.894976 0.417069 0.160148 0.894654 0.417929 -0.160143 0.894254 0.399156 0.155745 0.903558 0.438238 -0.156429 0.885142 0.417309 -0.16009 0.894553 0.417733 0.160089 0.894355 -0.0662081 0.986993 -0.1465 -0.0677743 0.985111 -0.157994 0.00452936 0.999987 -0.00211207 0.00173927 0.999998 -0.000811036 0.0714892 0.993385 0.0898648 0.0170213 0.999824 -0.00793896 0.0128671 0.999899 -0.00600154 0.0651676 0.99288 0.0997077 0.558405 0.0198927 0.82933 0.275544 -0.0227943 0.961018 0.272133 0.000421031 0.962259 0.562209 0.000189813 0.826995 0.277077 -0.0248443 0.960526 0.557071 0.0293418 0.829946 0.562052 0.000944507 0.827101 0.272337 -0.00231177 0.962199 -0.0745088 0.986925 -0.142923 -0.0775265 0.985232 -0.152669 -0.00423825 0.999989 0.00197633 0.0018385 0.999998 -0.000857309 -0.0170543 0.999533 -0.0253468 -0.00474563 0.999986 0.00221161 -0.00312648 0.999994 0.00145825 -0.00635084 0.999967 -0.00506893 0.451444 0.155975 0.878561 0.387145 -0.156922 0.908567 0.449577 -0.155054 0.879681 0.453099 -0.155502 0.877793 0.379385 0.155112 0.912145 0.375297 0.153985 0.914025 0.527933 0.0679348 0.846565 0.299558 -0.0739028 0.951212 0.356691 0.121367 0.926305 0.485075 -0.13106 0.864595 0.48519 0.0790232 0.870831 0.484642 0.078725 0.871163 0.355255 -0.0781407 0.931498 0.354954 -0.0787563 0.931561 0.553833 0.0518205 0.831014 0.281667 -0.0562994 0.957859 0.485299 -0.0782453 0.87084 0.484882 -0.0780559 0.87109 0.354919 0.0773302 0.931693 0.354838 0.0779089 0.931676 0.556598 -0.0414775 0.829746 0.279276 0.0475618 0.959032 0.482822 0.118633 0.867645 0.345515 -0.127103 0.929766 0.310702 0.0722152 0.94776 0.531739 -0.0822859 0.842901 -0.0664273 0.986267 -0.151213 -0.0456372 0.994817 -0.0908659 -0.00131154 0.999999 0.000611831 0.00458215 0.999985 0.00299759 0.0156881 0.9996 0.0235107 0.00194077 0.999998 -0.000905 0.00199003 0.999998 -0.000927756 -0.00637022 0.999978 -0.002012 -0.0041491 0.99999 0.0019349 -0.00660522 0.999973 0.00308062 -0.0204038 0.999471 -0.0253219 0.00469287 0.999984 -0.00324144 -0.0163444 0.998872 -0.0445726 -0.014503 0.999024 -0.0417163 0.00755915 0.999733 0.0218428 -0.0545213 0.987971 -0.144708 -0.0479285 0.98997 -0.132897 -0.00614281 0.999981 -0.000202064 0.0118615 0.999703 0.0212817 -0.027267 0.998741 -0.0421141 -0.02863 0.998663 -0.0430304 0.0493438 0.991652 0.119127 0.0638786 0.984915 0.160814 0.0805259 0.986983 0.13921 0.0818409 0.984632 0.154277 0.0582175 0.991696 0.11467 0.0735097 0.985282 0.154325 0.0806411 0.983297 0.163168 0.0715802 0.984949 0.157326 0.0674412 0.987062 0.145465 0.0742408 0.980229 0.183409 0.0497361 0.991867 0.117155 0.0559518 0.992099 0.112291 0.00706802 0.999548 0.0292067 6.40452e-05 0.999968 0.00794941 0.00330819 0.999984 -0.00467992 -0.00463235 0.999596 -0.0280511 0.0077429 0.999964 -0.00361057 0.00478097 0.999986 -0.00222919 -0.0404273 0.995033 -0.090967 -0.0695995 0.986999 -0.144876 -0.00170781 0.999998 0.000796367 0.0553058 0.987005 0.150875 -0.0754432 0.988555 -0.130644 -0.0782491 0.986853 -0.141412 0.000320069 1 -0.00014856 0.000339626 1 -0.000158633 0.068115 0.98706 0.145162 0.0329944 0.995561 0.0881395 0.00770353 0.999631 0.0260574 -0.0627417 0.990508 -0.122302 -0.0392375 0.996461 -0.0743349 0.0022407 0.999997 -0.00104438 0.00123688 0.999999 -0.000576331 0.562336 -0.00112773 0.826908 0.27199 0.00133019 0.962299 0.272178 -7.07735e-05 0.962247 0.562166 -0.000647889 0.827024 -0.000479715 0.999994 0.00350567 -0.00181473 0.999998 0.000846061 0.000479132 0.999999 -0.00103883 0.000870896 1 -0.000405815 0.00351619 0.999993 -0.00163923 0.00513071 0.999987 0.000635326 -0.0032737 0.999992 0.00218897 -0.0573793 0.992638 -0.106663 0.00153119 0.999999 -0.000714009 0.00225051 0.999997 0.000709857 0.00305852 0.999993 -0.0023263 0.0145043 0.999618 0.0235386 -0.0582311 0.990522 -0.124404 -0.0439961 0.992476 -0.114263 0.045431 0.995494 0.0832368 -0.0304096 0.996443 -0.0785949 0.00128877 0.999992 0.00388487 0.000251635 0.999999 0.00141573 0.00976551 0.999942 -0.00455507 0.00404142 0.99999 -0.00188435 0.00287842 0.999995 -0.00134198 0.00807551 0.99996 -0.00376702 0.562187 -4.34248e-05 0.82701 0.272165 0.00045379 0.962251 0.272014 -0.000663752 0.962293 0.562303 0.00105168 0.82693 0.000610808 1 0.000637189 0.000247621 1 -0.000115252 -0.00227098 0.999995 -0.0020903 -0.000994114 0.999999 0.000463759 0.000353767 1 -0.00028369 -0.000194026 1 9.07002e-05 -0.000590155 1 -0.000490847 -0.0009963 0.999999 -0.00141685 0.0013907 0.999997 0.00211433 0.00310633 0.999982 0.00510735 0.00150208 0.999999 -0.000703029 0.0491191 0.993635 0.101373 0.417205 -0.160128 0.894594 0.417693 0.160129 0.894367 0.420083 0.159951 0.893278 0.414747 -0.159958 0.895767 -0.0915661 0.976154 -0.19682 -0.0815629 0.980294 -0.179921 0.00148474 0.999999 -0.000691558 0.00129561 0.999999 -0.00060508 -2.39557e-05 1 1.11704e-05 -0.0682025 0.986902 -0.146192 0.0686544 0.987088 0.144717 -1.01981e-05 1 4.55166e-06 -6.79565e-06 1 3.76441e-06 0.0678237 0.987036 0.145466 0.00248365 0.999982 0.00555324 0.00159781 0.999998 -0.00074459 0.000853498 1 -0.000397462 0.00055291 1 -0.000256983 0.0561282 0.991016 0.121398 -3.03403e-05 1 1.43445e-05 0.00136936 0.999999 -0.000638371 0.00167026 0.999998 -0.000780386 -0.00628944 0.999976 0.00293113 -0.0134431 0.99989 0.00626558 0.0301977 0.993554 0.109266 -0.000165135 1 7.58254e-05 0.422613 6.28643e-08 0.90631 0.422626 -9.59262e-08 0.906304 0.415554 -0.160168 0.895355 0.415529 -0.160167 0.895367 0.422609 1.15484e-07 0.906312 0.415541 -0.160169 0.895361 0.422622 -4.37722e-08 0.906306 0.415551 -0.16017 0.895356 0.422627 -1.12224e-07 0.906304 0.415553 -0.160172 0.895355 0.422632 -1.74623e-07 0.906301 0.416861 -0.142807 0.897682 0.422618 -3.5069e-06 0.906308 0.562329 -0.0014099 0.826912 0.547715 -0.00126489 0.836664 0.422618 -6.59842e-06 0.906308 0.422618 -1.94786e-06 0.906308 0.422618 1.03698e-05 0.906308 0.562325 -0.00185628 0.826914 0.562347 -0.00163772 0.8269 0.422614 3.43584e-05 0.90631 0.559564 0.0188847 0.828572 0.422622 -1.57058e-05 0.906306 0.548247 0.0372096 0.835488 0.422673 -2.05263e-05 0.906282 0.422622 -7.6741e-07 0.906306 0.44165 0.155485 0.883612 0.461297 0.13967 0.876183 0.422621 -6.61239e-08 0.906306 0.41987 0.160145 0.893344 0.422618 6.51926e-09 0.906308 0.419865 0.160143 0.893346 0.422616 3.77186e-08 0.906309 0.419864 0.16014 0.893347 0.422606 -2.00421e-06 0.906314 0.39637 0.156189 0.904708 0.422586 -1.14739e-05 0.906323 0.376482 0.140039 0.915779 0.422615 -1.31205e-05 0.906309 0.422617 -7.45058e-06 0.906308 0.274646 0.0186958 0.961364 0.28663 0.0354141 0.957387 0.422618 3.73752e-06 0.906308 0.272 -3.74806e-05 0.962297 0.422618 4.12377e-06 0.906308 0.271995 -3.07732e-05 0.962299 0.422618 -1.03824e-05 0.906308 0.271992 -4.07431e-05 0.9623 0.422666 -5.8813e-07 0.906285 0.41685 -0.143047 0.897649 -0.139937 0.94867 -0.283626 -0.141093 0.948662 -0.283078 -0.134265 0.948687 -0.286298 -0.020739 0.998592 -0.0488346 -0.1275 0.948657 -0.289471 -0.130536 0.948678 -0.288045 -0.0519734 0.986486 -0.155384 0.00277324 0.999991 -0.00311457 -0.00187233 0.999994 -0.0030351 -0.00493716 0.999983 -0.00313861 0.0150536 0.999309 0.0339863 0.0633901 0.980358 0.186761 0.113621 0.950195 0.290205 0.120235 0.948616 0.292695 0.133875 0.94869 0.28647 0.145752 0.948579 0.280989 0.147331 0.949993 0.275331 0.103615 0.980823 0.165075 0.018805 0.99932 0.0317099 0.00349512 0.999988 -0.00342196 0.00069391 0.999999 -0.000754405 -0.00293196 0.999992 0.00269185 -0.083838 0.986709 -0.139199 0.397736 -0.316198 0.861293 0.397751 -0.316199 0.861285 0.397743 -0.316202 0.861288 0.397749 -0.316203 0.861284 0.397748 -0.316207 0.861284 0.397757 -0.316209 0.861279 0.687518 -0.00279165 0.726161 0.687518 -0.00277977 0.726162 0.687515 -0.00323086 0.726163 0.68751 -0.00367484 0.726166 0.685145 0.0396911 0.727325 0.674506 0.0780878 0.734128 0.493062 0.292353 0.819402 0.451806 0.311002 0.836152 0.406275 0.316154 0.857314 0.406272 0.31615 0.857317 0.406272 0.316144 0.857319 0.356588 0.312827 0.880332 0.314725 0.293874 0.902544 0.126086 0.074603 0.98921 0.11615 0.0385034 0.992485 0.114359 -7.79612e-05 0.993439 0.11435 -6.5374e-05 0.993441 0.114343 -6.57422e-05 0.993441 0.397783 -0.316201 0.86127 0.131927 0.945036 0.299168 0.13302 0.948685 0.286885 0.0230014 0.998802 0.0431859 0.00509505 0.999909 0.0124671 -0.144548 0.949836 -0.277339 -0.136934 0.948706 -0.284967 -0.0207006 0.998773 -0.0449987 -0.00640049 0.999959 -0.00648448 0.134141 0.948678 0.286386 0.14112 0.947246 0.287766 -0.131944 0.948682 -0.287391 -0.12168 0.949467 -0.289321 0.00531193 0.99996 0.00723875 0.0200926 0.99891 0.0421368 0.00218961 0.99997 -0.00740735 -0.014179 0.999033 -0.0416117 0.433458 0.312668 0.845194 0.467309 0.30241 0.830765 0.122651 0.0557826 0.990881 0.135929 0.0905593 0.986571 0.68301 -0.0537773 0.728426 0.632271 -0.166109 0.75673 0.350597 -0.310435 0.883579 0.252869 -0.252175 0.934059 0.666826 0.0941172 0.739247 0.679748 0.0596925 0.731012 0.551745 0.168761 0.81676 0.550657 0.169872 0.817264 0.334453 0.301587 0.892853 0.32296 0.306891 0.895274 0.270468 0.167021 0.94813 0.271502 0.168087 0.947646 0.54368 -0.259729 0.798093 0.443785 -0.312373 0.839927 0.165621 -0.15083 0.974587 0.118449 -0.0474412 0.991826 0.687393 0.00373636 0.726276 0.687473 0.00216993 0.726207 0.114433 -0.000795613 0.993431 0.114343 0.00103585 0.993441 0.687518 -0.0015525 0.726166 0.687504 -0.00426443 0.726168 0.114355 0.00372312 0.993433 0.400428 0.316211 0.86004 0.401722 0.316225 0.859431 0.400938 -0.316228 0.859796 0.395875 -0.316147 0.862168 0.402948 0.316217 0.85886 0.3909 -0.315901 0.864525 0.114742 0.0127427 0.993313 0.40007 0.315784 0.860363 0.109123 0.944106 0.311056 0.0926094 0.985868 0.139596 -0.0478515 0.986783 -0.15482 -0.147086 0.958803 -0.243027 0.051357 0.984658 0.166768 0.160015 0.949636 0.269418 -0.092935 0.957711 -0.272311 -0.0780795 0.988324 -0.130843 0.00250486 0.999994 0.00228557 0.00126272 0.999999 0.00118926 -0.000592525 0.999999 -0.00121551 0.00156655 0.999983 0.00566463 0.133557 0.948682 0.286643 -0.134508 0.94869 -0.286173 0.422618 1.62821e-05 0.906308 0.288618 -2.6634e-05 0.957444 0.114337 -7.51805e-05 0.993442 -0.0067147 0.99954 -0.0295746 0.00111318 0.999983 -0.00574271 0.00263999 0.999996 -0.00123097 0.00508796 0.999984 -0.00237289 6.73548e-05 0.999999 -0.00161231 0.000428525 1 -0.000199602 -0.000332317 1 0.00099332 -0.000619801 1 0.000289385 -0.00167264 0.999983 0.00557241 -0.00326025 0.999993 0.00152017 0.0602991 0.990785 0.121284 -0.000903933 0.999999 0.000420885 -0.00563267 0.999981 0.00262597 0.00771306 0.999529 0.0297189 0.010289 0.999888 0.0108684 0.0437011 0.996243 0.074766 -0.0207876 0.999701 0.0128781 -0.0137837 0.999871 0.00825461 -0.0125079 0.999891 0.00781288 0.00923985 0.999939 -0.00605492 0.024077 0.998741 -0.0440074 -0.0558556 0.989674 -0.132007 -0.0722601 0.982149 -0.173673 0.00120884 0.999999 -0.0005648 -0.0665995 0.987059 -0.145871 -0.0678332 0.987036 -0.145463 -2.00372e-06 1 4.72116e-07 0.00119391 0.999999 -0.0005572 -0.0690043 0.987061 -0.144735 -0.00125547 0.999999 0.000585283 -0.0757243 0.985545 -0.151547 -0.00431646 0.999989 0.00201276 -0.0821509 0.982224 -0.168784 3.98091e-05 1 -1.88725e-05 -0.0639712 0.989296 -0.131152 -0.0621556 0.986526 -0.151339 -0.0125351 0.991913 -0.126297 -0.0623544 0.987949 -0.141665 -0.0650026 0.987642 -0.142612 -0.0654779 0.987941 -0.140302 0.00463258 0.999987 -0.00216035 -0.0672932 0.985503 -0.155742 -0.00288948 0.999995 0.00134527 -0.079853 0.986383 -0.14378 -6.94937e-05 1 3.34172e-05 0.00253934 0.999996 -0.00118353 -0.000477983 1 0.000223138 -0.00580134 0.999979 0.00270353 0.00251077 0.991541 0.12977 -0.0136162 0.999887 0.00634673 0.0106066 0.996359 0.0845978 0.00286546 0.999824 0.0185475 0.0172873 0.999823 -0.00739454 0.0270345 0.999581 -0.010388 0.0208501 0.999748 -0.00827885 0.00158129 0.999996 -0.0021923 -0.0306987 0.99899 -0.0328001 -0.0673867 0.992058 -0.106211 0.083864 0.983144 0.162465 0.0766407 0.985017 0.154492 0.00354158 0.999992 -0.00165186 0.0692359 0.986993 0.145088 0.00130935 0.999999 -0.000610783 0.0681454 0.986903 0.146215 -2.33848e-05 1 1.09046e-05 0.0666603 0.987001 0.146241 -0.00128792 0.999999 0.000600453 0.0692942 0.985107 0.157363 -0.00326554 0.999993 0.0015221 0.0746848 0.983542 0.164523 -0.0211551 0.998877 -0.0424041 -0.0020635 0.999959 -0.00879355 0.142707 0.94876 0.281939 0.1349 0.948682 0.286013 0.0173211 0.999162 0.0370967 0.00516439 0.999981 0.00330806 -0.125142 0.948621 -0.290617 -0.132345 0.948676 -0.287225 0.130702 0.94871 0.287865 0.122878 0.948959 0.290477 -0.135205 0.948684 -0.285863 -0.142047 0.948732 -0.282367 -0.00749743 0.999903 -0.0117845 -0.0217835 0.998712 -0.045829 0.000735505 0.999958 0.00918285 0.0194649 0.998796 0.0450228 0.121737 -0.0504592 0.991279 0.139952 -0.103626 0.984721 0.462417 -0.30895 0.831096 0.469456 -0.301482 0.829892 0.362998 0.310836 0.878416 0.276964 0.234202 0.931901 0.682428 0.0418906 0.729751 0.617947 0.141073 0.77346 0.344022 -0.304179 0.888327 0.36809 -0.312582 0.875673 0.270423 -0.168162 0.947942 0.271259 -0.169021 0.94755 0.67092 -0.0800707 0.737194 0.6803 -0.0552969 0.730845 0.55211 -0.167385 0.816797 0.551387 -0.168131 0.817132 0.197955 0.149082 0.968808 0.121663 0.0555172 0.991018 0.541075 0.227847 0.809521 0.451915 0.307669 0.837325 0.687138 -0.0137272 0.726397 0.687517 -0.00315855 0.726161 0.114358 0.00428688 0.99343 0.114337 -3.43038e-05 0.993442 0.687528 -0.00042355 0.726158 0.687459 0.0014828 0.726222 0.114389 -0.00165868 0.993435 0.411217 0.315903 0.855047 0.406448 0.316143 0.857236 0.399444 -0.316221 0.860493 0.400727 -0.316222 0.859896 0.401673 0.316227 0.859453 0.402125 -0.316203 0.85925 0.114538 -0.00591283 0.993401 0.402666 -0.315707 0.859179 -0.082873 0.987063 -0.137251 -0.107859 0.947775 -0.300149 0.158967 0.949574 0.270257 0.0470654 0.988617 0.142905 -0.16022 0.947751 -0.275857 -0.0551845 0.987166 -0.149858 0.0820193 0.986753 0.13997 0.101837 0.950778 0.29266 -0.00263563 0.999984 -0.00492154 2.72273e-05 0.999999 0.00172867 0.000334447 0.999998 -0.00178034 -0.000975133 0.999996 -0.00259864 0.132751 0.948692 0.286986 -0.133735 0.948682 -0.286563 0.422618 1.39262e-06 0.906308 0.422596 6.75544e-05 0.906318 0.281203 -0.0545351 0.958098 0.272499 -2.13742e-05 0.962156 0.422617 6.85453e-07 0.906308 0.306373 -0.102654 0.94636 0.42261 4.73857e-06 0.906312 0.344792 -0.138234 0.928445 0.422616 -3.65078e-07 0.906309 0.392069 -0.157232 0.9064 0.422633 2.07126e-06 0.906301 0.442337 -0.15723 0.882959 0.422597 -1.43796e-05 0.906318 0.489552 -0.138265 0.860942 0.422626 9.62615e-06 0.906304 0.5281 -0.102551 0.842967 0.422661 0.0001285 0.906288 0.553196 -0.0545262 0.831265 0.422618 -2.31023e-05 0.906308 0.561896 -1.22959e-06 0.827208 0.422663 -0.000135407 0.906287 0.553205 0.0544979 0.83126 0.422631 -1.80304e-05 0.906302 0.528092 0.102559 0.842971 0.4226 1.09375e-05 0.906316 0.489569 0.138249 0.860935 0.422638 -4.50015e-06 0.906299 0.467284 0.152276 0.870895 0.422613 2.30968e-07 0.90631 0.422626 8.12113e-07 0.906304 0.392084 0.157232 0.906393 0.417011 0.162057 0.894338 0.422639 1.25468e-05 0.906298 0.344856 0.138271 0.928416 0.422592 -3.5435e-05 0.90632 0.306287 0.102539 0.9464 0.422601 -5.30109e-05 0.906316 0.281235 0.0546337 0.958083 0.127219 -0.109523 0.985809 0.109737 -5.1512e-05 0.993961 0.177763 -0.206148 0.962239 0.254983 -0.277637 0.92623 0.349849 -0.315741 0.881994 0.450791 -0.315737 0.834924 0.545594 -0.277661 0.790716 0.622956 -0.206015 0.754642 0.673384 -0.109576 0.731128 0.690882 7.10541e-06 0.722968 0.673399 0.109535 0.731119 0.622937 0.206036 0.754652 0.545624 0.277634 0.790705 0.500444 0.305427 0.810105 0.349872 0.315742 0.881984 0.399627 0.325041 0.857116 0.255086 0.277697 0.926183 0.177611 0.205944 0.96231 0.127277 0.109706 0.985781 -0.597579 0.667525 0.444196 -0.635859 0.65388 0.41003 -0.605314 0.651392 0.457475 -0.546572 0.662037 0.512802 -0.66175 0.654639 0.365426 -0.674411 0.648117 0.353716 -0.724729 0.629097 0.281078 -0.713201 0.636633 0.293331 -0.774071 0.602164 0.195483 -0.745127 0.624538 0.233963 -0.801693 0.586394 0.115885 -0.765243 0.617589 0.181624 -0.805862 0.5896 0.0543893 -0.772049 0.619126 0.143605 -0.791456 0.610719 0.0249075 -0.767356 0.628539 0.126897 -0.767855 0.639574 0.0366711 -0.755118 0.641389 0.135712 -0.744284 0.661894 0.0890893 -0.739599 0.651316 0.169652 -0.724253 0.667676 0.172241 -0.722736 0.653982 0.223518 -0.705348 0.654585 0.272035 -0.704475 0.648106 0.289264 -0.681224 0.629033 0.374501 -0.683172 0.636597 0.357799 -0.647101 0.602388 0.467321 -0.658067 0.624671 0.420397 -0.603933 0.586568 0.539633 -0.630947 0.617673 0.469453 -0.559663 0.589595 0.58237 -0.606267 0.619129 0.499118 -0.52781 0.61073 0.590276 -0.590439 0.628562 0.506253 -0.521698 0.639519 0.564665 -0.589386 0.641327 0.491246 -0.694272 0.642787 0.323745 0.422618 -0.000109164 0.906308 0.422528 0.000269279 0.90635 0.281129 -0.0543054 0.958132 0.272502 -0.000171665 0.962155 0.422593 2.99066e-05 0.90632 0.306334 -0.102608 0.946378 0.422819 -0.000131369 0.906214 0.344784 -0.138233 0.928448 0.422515 1.65775e-05 0.906356 0.392201 -0.157251 0.906339 0.42258 -1.08033e-05 0.906326 0.442397 -0.157212 0.882932 0.422811 0.000119701 0.906218 0.48937 -0.138386 0.861027 0.422644 3.05623e-05 0.906296 0.528152 -0.102486 0.842942 0.422622 8.93325e-06 0.906306 0.55316 -0.0546239 0.831282 0.422618 1.06561e-05 0.906308 0.561892 8.35804e-05 0.82721 0.422626 -2.68444e-05 0.906304 0.553226 0.05442 0.831252 0.422644 -3.74764e-05 0.906296 0.527999 0.102682 0.843015 0.422871 -0.000164196 0.90619 0.489638 0.138211 0.860902 0.422782 -3.53903e-05 0.906231 0.46688 0.152352 0.871098 0.421975 0.000121601 0.906607 0.422607 -5.69224e-06 0.906313 0.392331 0.157268 0.90628 0.416863 0.162079 0.894402 0.422912 0.000183642 0.906171 0.344886 0.138284 0.928403 0.422481 -0.000184149 0.906372 0.306225 0.102458 0.946429 0.422596 -7.11828e-05 0.906318 0.281214 0.0545712 0.958092 0.127168 -0.109353 0.985835 0.109742 -0.000240685 0.99396 0.177688 -0.206054 0.962273 0.254957 -0.277627 0.92624 0.349927 -0.31574 0.881963 0.450959 -0.315689 0.834851 0.545367 -0.277812 0.790819 0.623086 -0.205846 0.75458 0.673346 -0.109673 0.731148 0.690875 0.00012817 0.722974 0.673455 0.109336 0.731098 0.622803 0.206213 0.754714 0.54582 0.277523 0.790609 0.500131 0.305488 0.810276 0.350094 0.315763 0.881889 0.399369 0.325076 0.857222 0.255054 0.277667 0.926201 0.177574 0.205899 0.962327 0.127274 0.109699 0.985783 0.302393 0.86567 -0.398967 0.362829 0.86587 -0.34442 0.392434 0.870645 -0.296601 0.351275 0.876339 -0.329599 0.284637 0.844218 -0.454178 0.350035 0.856351 -0.379657 0.29887 0.822705 -0.483563 0.354793 0.846756 -0.396392 0.335142 0.812027 -0.477799 0.372627 0.841955 -0.390206 0.379116 0.816734 -0.434991 0.397088 0.844027 -0.360472 0.416737 0.834621 -0.360193 0.421711 0.851986 -0.310291 0.443873 0.856374 -0.263819 0.443754 0.861678 -0.246156 0.460879 0.873256 -0.158162 0.461808 0.869312 -0.176155 0.477629 0.876701 -0.0571517 0.479168 0.870815 -0.109903 0.500346 0.865472 0.0247338 0.49714 0.865824 -0.0565785 0.530793 0.844271 0.073921 0.515807 0.856366 -0.0240952 0.562336 0.822835 0.0819765 0.531542 0.846863 -0.0169116 0.58206 0.811608 0.0499969 0.538692 0.841785 -0.0347756 0.577382 0.816398 -0.0111889 0.531732 0.843785 -0.0727179 0.544371 0.83419 -0.0882517 0.509091 0.851756 -0.123845 0.487309 0.856454 -0.170343 0.473771 0.861704 -0.181682 0.417199 0.873415 -0.251178 0.431678 0.86939 -0.240448 0.453155 0.866025 -0.211309 0.422618 -1.01955e-05 0.906308 0.422579 0.00011804 0.906326 0.281193 -0.0545059 0.958102 0.2725 -1.69355e-05 0.962156 0.422566 6.81132e-05 0.906332 0.306375 -0.102656 0.946359 0.422647 -1.95652e-05 0.906294 0.344789 -0.13823 0.928447 0.422676 -1.24872e-05 0.906281 0.392056 -0.157227 0.906406 0.422617 -1.33365e-06 0.906309 0.442348 -0.157225 0.882954 0.422595 -1.58101e-05 0.906319 0.489512 -0.138288 0.860961 0.422612 -8.61287e-06 0.906311 0.528091 -0.102561 0.842972 0.422659 0.000121795 0.906289 0.553205 -0.0544921 0.831261 0.422618 -2.73491e-05 0.906308 0.561893 -4.54514e-06 0.82721 0.42264 -6.8523e-05 0.906297 0.553196 0.0545186 0.831266 0.422631 -1.80006e-05 0.906302 0.528105 0.102539 0.842965 0.422584 2.04742e-05 0.906324 0.489512 0.138288 0.860961 0.422608 5.51343e-07 0.906313 0.442313 0.157233 0.88297 0.422665 7.97212e-06 0.906286 0.41709 0.162065 0.894299 0.422744 2.34097e-05 0.906249 0.42264 1.31875e-05 0.906297 0.344838 0.138257 0.928424 0.366716 0.152264 0.917788 0.422551 -8.95411e-05 0.906339 0.306304 0.102557 0.946393 0.422578 -0.000122532 0.906327 0.281214 0.0545661 0.958092 0.127213 -0.109507 0.985812 0.109739 -3.83268e-05 0.99396 0.177766 -0.206148 0.962238 0.25495 -0.277612 0.926246 0.349811 -0.315729 0.882013 0.450799 -0.31573 0.834922 0.545582 -0.277665 0.790723 0.622947 -0.206022 0.754647 0.673386 -0.109561 0.731128 0.690878 1.18236e-05 0.722972 0.673385 0.109561 0.731129 0.622965 0.205994 0.75464 0.545588 0.277663 0.79072 0.450747 0.315745 0.834944 0.399723 0.325044 0.857069 0.255065 0.277677 0.926195 0.298761 0.3054 0.904142 0.177634 0.205965 0.962302 0.127255 0.109631 0.985793 0.179939 0.937305 -0.298466 0.232446 0.938626 -0.254853 0.267482 0.942119 -0.202153 0.238344 0.945086 -0.223616 0.148505 0.919743 -0.363343 0.212054 0.930809 -0.297703 0.150563 0.900218 -0.408582 0.209691 0.922161 -0.325035 0.180249 0.888296 -0.422422 0.222876 0.916867 -0.331183 0.223108 0.889783 -0.398132 0.245309 0.917454 -0.313212 0.263227 0.903864 -0.337256 0.269745 0.923649 -0.272232 0.292071 0.923518 -0.248613 0.291653 0.932415 -0.213404 0.309956 0.939699 -0.144542 0.309967 0.939696 -0.144542 0.324506 0.945086 -0.0388453 0.326811 0.942112 -0.0749664 0.344334 0.937293 0.0540027 0.344667 0.938617 -0.0142538 0.373996 0.919669 0.119736 0.36446 0.930771 0.0288833 0.409752 0.900225 0.147301 0.383765 0.922167 0.048302 0.439446 0.8883 0.133455 0.396952 0.916871 0.0421539 0.448299 0.889826 0.0850736 0.397581 0.917469 0.0134331 0.427429 0.90392 0.0152443 0.381884 0.923669 -0.0316159 0.37793 0.92364 -0.0636923 0.350787 0.932487 -0.0861243 0.309926 0.939717 -0.144495 0.309939 0.939709 -0.144515 0.309974 0.939693 -0.144542 -0.0711773 0.983176 -0.168223 -0.0710362 0.983191 -0.168195 0.0237221 0.99862 0.0468661 0.074425 0.573043 -0.816139 0.0742678 0.573166 -0.816067 0.167174 0.463688 -0.870084 0.167323 0.463539 -0.870135 0.748204 0.0121459 -0.663358 0.880098 -0.0180061 -0.474451 0.748347 0.0125128 -0.663189 -0.0790879 0.965962 -0.246298 -0.0788313 0.96597 -0.246347 0.229845 0.402109 -0.886273 0.229502 0.401812 -0.886496 0.0306561 0.636951 -0.770294 0.0303346 0.63682 -0.770415 0.697746 0.0453968 -0.714906 0.697879 0.0459651 -0.714739 0.000978167 0.999866 0.016347 0.000620874 0.999933 0.0115527 -0.0116434 0.989985 0.140692 -0.00749046 0.995195 0.0976226 0.139899 0.990024 -0.0167309 0.0652435 0.978533 0.195489 0.208294 0.978056 0.00456604 0.145815 0.941577 0.303596 0.69308 0.618082 0.370964 0.603894 0.592624 0.533019 0.392413 0.676672 0.622998 0.394556 0.699582 0.595744 0.406394 0.56566 0.717547 0.353218 0.657466 0.665564 0.338243 0.567787 0.750473 0.312308 0.657585 0.685599 0.270657 0.566753 0.778161 0.273962 0.657925 0.701484 0.0269564 0.618253 0.785517 0.189896 0.687059 0.701349 -0.107697 0.671858 0.732809 0.168433 0.727343 0.665283 -0.142142 0.970267 0.195904 -0.0785422 0.987157 0.139112 0.0758298 0.983266 0.165647 0.083446 0.948743 0.304833 0.0572333 0.997546 0.0403327 0.106988 0.992252 0.0631633 0.0406544 0.998879 0.0242528 0.0784506 0.995961 0.0436665 0.0136613 0.999905 -0.00191077 0.0387758 0.999129 0.0154295 0.00772814 0.999941 -0.00765854 0.00516216 0.999946 -0.00900013 0.127727 0.982942 -0.13233 0.0635238 0.982294 -0.176248 0.253683 0.931051 -0.262275 0.0840779 0.92862 -0.361381 -0.417382 0.160135 -0.89451 -0.402764 0.116463 -0.907864 -0.321415 0.267576 -0.908348 -0.257748 0.324075 -0.910243 -0.419007 0.0441417 -0.906909 -0.410836 0.204545 -0.888468 -0.422725 0.0441489 -0.905182 -0.413897 0.202353 -0.887549 -0.426886 0.0441561 -0.903227 -0.415176 0.204677 -0.886418 -0.431058 0.116761 -0.894738 -0.482604 0.268413 -0.833695 -0.432413 0.168894 -0.885717 -0.525176 0.325508 -0.786279 -0.244676 0.96921 0.0276793 -0.120591 0.992615 0.0131402 -0.113943 0.992271 -0.0491443 -0.222222 0.964116 -0.14525 -0.000308395 0.999999 -0.000930788 -0.000291732 1 -0.000544344 -0.000254657 1 -0.000209697 -0.00329673 0.999026 0.0440073 -0.0397115 0.99869 0.0322798 -0.0282031 0.99936 0.022016 0.0168693 0.999591 0.0230872 0.194715 0.924742 0.327013 0.236289 0.885406 0.40028 0.225853 0.886116 0.404709 0.196785 0.885816 0.420244 0.172235 0.886353 0.429782 0.120493 0.885972 0.447811 0.105451 0.935204 0.338044 0.0164874 0.999419 0.0298378 0.0445685 0.998933 -0.0121081 0.0548601 0.998404 -0.013441 0.0363766 0.999292 -0.00962552 0.00109813 0.999993 -0.00345101 -0.041499 0.998049 -0.0466556 -0.0895814 0.980156 -0.17683 -0.134287 0.956978 -0.257217 -0.128974 0.952133 -0.277142 -0.129556 0.950877 -0.281156 -0.126241 0.952203 -0.278159 -0.111881 0.957143 -0.267133 -0.0392217 0.982248 -0.183439 0.0185557 0.997887 -0.0622743 0.00575492 0.99997 -0.00516303 -0.024584 0.99949 0.0203821 -0.0319777 0.989054 0.14405 -0.0293755 0.991996 0.122806 0.0459169 0.996139 0.074824 0.146669 0.984055 0.100621 -0.00578631 0.977473 0.210979 0.0250494 0.9956 0.0902916 0.114433 0.992321 0.0469362 0.139014 0.988355 0.0618849 0.0776592 0.996507 0.0306987 0.00943044 0.999939 -0.00573987 0.011773 0.980615 -0.19559 -0.0530221 0.922234 -0.38298 -0.229666 0.500204 -0.834895 -0.319016 0.414105 -0.852494 -0.391792 0.359031 -0.84711 -0.394472 0.355671 -0.847284 -0.393984 0.359208 -0.846018 -0.450125 0.415993 -0.79015 -0.480587 0.501545 -0.719367 -0.121188 0.907143 -0.402994 -0.0817067 0.983656 -0.160456 0.00128412 0.999964 -0.00837887 -0.0156492 0.99721 0.0729931 -0.408338 -0.257711 -0.875697 -0.408337 -0.257711 -0.875697 -0.408335 -0.257711 -0.875698 -0.408337 -0.257711 -0.875698 0.422614 -5.54955e-17 0.90631 0.422612 -5.54955e-17 0.906311 0.422611 -5.54955e-17 0.906311 0.422613 -5.54955e-17 0.90631 -2.72127e-07 -1 -5.83586e-07 -2.72127e-07 -1 -5.83586e-07 -2.72127e-07 -1 -5.83586e-07 -2.72127e-07 -1 -5.83586e-07 -8.70938e-07 1 -1.86773e-06 1.96037e-07 1 4.20402e-07 7.15589e-07 1 1.53459e-06 -1.74336e-07 1 -3.73864e-07 8.07249e-07 1 -1.3606e-07 3.11389e-07 1 9.51637e-08 9.20642e-08 1 1.97436e-07 5.87925e-07 1 -3.37871e-08 -2.10466e-08 1 -4.51346e-08 -8.84515e-09 1 -1.89685e-08 -2.34532e-17 1 1.09367e-17 -1.42261e-08 1 -3.0508e-08 -0.883835 -2.86444e-17 0.467799 -0.910097 -2.53744e-17 0.414395 -0.919842 -2.40208e-17 0.39229 -0.931708 -2.22401e-17 0.363208 -0.891033 -0.112892 0.439676 -0.909739 0.104005 0.401942 -0.908406 0.142363 0.393104 -0.895134 -0.0898384 0.43665 -0.40839 0.558344 0.722128 -0.431846 0.597902 0.675294 -0.454338 0.468717 0.757549 -0.452318 0.459493 0.764378 -0.887994 0.124965 0.44255 -0.910242 -0.105363 0.400447 -0.908874 -0.146889 0.390348 -0.892805 0.100214 0.439154 -0.325288 -0.639117 0.696934 -0.356345 -0.692648 0.627103 -0.360334 -0.593046 0.720039 -0.342455 -0.547242 0.763709 -0.927671 -2.28641e-17 0.373399 -0.875354 -2.96047e-17 0.483482 -0.891886 -2.7693e-17 0.452261 -0.902683 -2.63487e-17 0.430306 -0.901917 0.356542 -0.243768 -0.834789 0.536457 -0.12386 -0.699217 0.714701 -0.0172781 -0.766851 0.631428 -0.115058 -0.870418 -0.349249 -0.346983 -0.784474 -0.601064 -0.152716 -0.667935 -0.742981 -0.0429194 -0.756801 -0.626199 -0.187424 -0.910306 -2.53463e-17 0.413936 -0.909112 -2.55065e-17 0.416552 -0.396687 0.680824 0.615726 -0.425847 0.781548 0.455891 -0.366493 -0.858533 0.358614 -0.392606 -0.871354 0.294285 -0.901022 -2.65609e-17 0.433772 -0.904518 -2.61116e-17 0.426435 -0.413592 0.881612 0.227383 -0.415322 0.881757 0.223632 -0.420805 0.882122 0.211623 -0.418878 0.882011 0.215867 -0.699486 0.709852 -0.0826355 -0.652681 0.757358 -0.0204102 -0.54084 -0.841095 0.00717102 -0.523996 -0.85061 0.0434954 -0.230604 0.96728 0.105785 -0.263029 0.955535 0.133303 -0.267038 0.955678 0.123979 -0.223368 0.970683 0.088775 -0.220265 0.970756 0.0954723 -0.284983 0.950241 0.125805 -0.240715 0.963675 0.115701 -0.282641 0.951485 0.121613 -0.205676 0.970403 0.126552 -0.261184 0.955593 0.136472 0.0984397 6.09349e-17 -0.995143 0.0987768 6.09329e-17 -0.99511 0.0991138 6.09308e-17 -0.995076 0.0987768 6.09329e-17 -0.99511 -0.307599 0.941485 0.137798 -0.318369 0.931094 0.17806 -0.332515 0.93141 0.148016 -0.315287 0.937048 0.150116 -0.336219 0.931321 0.139991 0.813865 -0.00608996 -0.581022 0.813893 -0.00598771 -0.580983 0.927244 -0.00169144 -0.374453 0.220427 -0.412709 -0.883789 0.220189 -0.412225 -0.884074 0.117019 -0.519346 -0.846514 0.116931 -0.519528 -0.846415 -0.109426 -0.958453 -0.263429 -0.0408436 -0.998151 -0.045008 -0.109042 -0.958509 -0.263384 0.766896 -0.0317082 -0.640987 0.76688 -0.0315931 -0.641012 0.065846 -0.582773 -0.809963 0.0656875 -0.58269 -0.810036 0.287362 -0.352933 -0.890427 0.287883 -0.353496 -0.890036 -0.107997 -0.934513 -0.33915 -0.107519 -0.934552 -0.339192 -0.0830765 -0.983174 -0.162686 -0.0831211 -0.983188 -0.162577 0.0206538 -0.998619 0.0482969 -0.673013 -0.572994 -0.467688 -0.672813 -0.573045 -0.467913 -0.774008 -0.463759 -0.431091 -0.774171 -0.463711 -0.43085 -0.989107 -0.0119497 0.146709 -0.929166 0.0180017 0.369223 -0.989078 -0.0121756 0.146888 -0.137849 -0.965961 -0.218898 -0.137917 -0.965964 -0.218842 -0.826664 -0.402099 -0.393627 -0.826702 -0.402327 -0.393315 -0.609492 -0.636631 -0.472462 -0.609599 -0.636755 -0.472157 -0.996167 -0.0451873 0.0749031 -0.996139 -0.0455648 0.0750419 -0.968216 0.0063684 0.250034 -0.968195 0.00647534 0.250115 -0.882869 0.00169232 0.469616 -0.818662 0.41241 -0.399638 -0.818751 0.412089 -0.399786 -0.723639 0.519234 -0.45469 -0.723572 0.519588 -0.454393 -0.131383 0.958445 -0.253222 -0.0082236 0.998151 -0.060219 -0.131493 0.958493 -0.252986 -0.983942 0.0321484 0.17557 -0.983928 0.0323266 0.175614 -0.662818 0.582818 -0.470102 -0.662906 0.582974 -0.469783 -0.866826 0.35303 -0.352111 -0.86683 0.3531 -0.352031 -0.190258 0.934497 -0.30086 -0.190453 0.93452 -0.300665 0.422618 -8.31295e-06 0.906308 0.422558 0.00017786 0.906336 0.281208 -0.0545458 0.958095 0.272502 6.91815e-05 0.962155 0.422599 2.23666e-05 0.906317 0.306463 -0.102777 0.946318 0.422488 7.91997e-05 0.906368 0.344568 -0.138096 0.928548 0.422608 -1.52737e-06 0.906312 0.39243 -0.157296 0.906232 0.422858 4.32953e-05 0.906196 0.442264 -0.157238 0.882994 0.422497 -8.06451e-05 0.906364 0.489505 -0.1383 0.860964 0.422694 9.64999e-05 0.906272 0.528037 -0.102638 0.842996 0.422719 0.000302471 0.906261 0.553222 -0.0544361 0.831253 0.422618 2.05727e-05 0.906308 0.561892 -5.05467e-05 0.82721 0.422757 -0.000424512 0.906243 0.553199 0.0545007 0.831264 0.422583 4.30793e-05 0.906324 0.528072 0.102585 0.84298 0.422617 -2.5332e-06 0.906309 0.489483 0.13831 0.860974 0.422805 -3.98606e-05 0.906221 0.466979 0.152332 0.871048 0.422714 -2.19867e-05 0.906263 0.422519 -2.26498e-05 0.906354 0.39213 0.157229 0.906373 0.417285 0.162 0.89422 0.422669 2.88635e-05 0.906284 0.345022 0.138371 0.928339 0.422471 -0.000196502 0.906376 0.3061 0.102294 0.946487 0.422599 -6.14226e-05 0.906317 0.281286 0.0547873 0.958059 0.127144 -0.109282 0.985846 0.109742 0.000152412 0.99396 0.177923 -0.206363 0.962163 0.254624 -0.277415 0.926395 0.35019 -0.315792 0.88184 0.450678 -0.315743 0.834982 0.545675 -0.277616 0.790676 0.62282 -0.206196 0.754704 0.673426 -0.109429 0.73111 0.690875 -0.00010243 0.722974 0.673359 0.109628 0.731143 0.622987 0.205972 0.754628 0.545504 0.277724 0.790756 0.500153 0.305483 0.810264 0.349679 0.315682 0.882083 0.400105 0.324951 0.856926 0.255373 0.27787 0.926052 0.177316 0.20556 0.962447 0.12726 0.109656 0.985789 0.303108 0.865155 -0.399539 0.363164 0.865639 -0.344646 0.392488 0.870607 -0.296642 0.351367 0.876269 -0.329686 0.284351 0.844412 -0.453997 0.349942 0.856412 -0.379603 0.298604 0.822875 -0.483439 0.354633 0.846858 -0.396318 0.335809 0.811627 -0.47801 0.372845 0.841822 -0.390286 0.379066 0.816762 -0.434981 0.397034 0.844059 -0.360457 0.417699 0.83409 -0.360308 0.422132 0.851741 -0.310388 0.444326 0.856128 -0.263855 0.444006 0.861534 -0.246206 0.460958 0.873213 -0.158168 0.461947 0.869232 -0.176182 0.477059 0.877016 -0.0570835 0.478808 0.871024 -0.10982 0.500245 0.86553 0.0247539 0.497202 0.865787 -0.0565963 0.530834 0.844247 0.073908 0.515855 0.856336 -0.0241129 0.562396 0.822797 0.0819485 0.531559 0.846852 -0.0169198 0.582046 0.811617 0.0500056 0.538664 0.841803 -0.0347593 0.577649 0.816206 -0.0114027 0.531773 0.843757 -0.0727454 0.544351 0.834204 -0.0882331 0.509149 0.851715 -0.123889 0.487177 0.856556 -0.170208 0.473647 0.861793 -0.181583 0.417881 0.87289 -0.251871 0.43204 0.86913 -0.240738 0.453156 0.866024 -0.21131 0.422618 -8.10251e-06 0.906308 0.422597 6.10873e-05 0.906318 0.281195 -0.0545171 0.958101 0.272499 4.74664e-05 0.962156 0.42252 0.000126883 0.906354 0.306324 -0.102602 0.946382 0.422539 4.86523e-05 0.906345 0.344703 -0.138187 0.928485 0.422867 -5.08577e-05 0.906192 0.39218 -0.157251 0.906348 0.422884 4.92856e-05 0.906184 0.442694 -0.157157 0.882793 0.422577 -2.77311e-05 0.906327 0.489481 -0.138321 0.860974 0.422601 -2.53767e-05 0.906316 0.528019 -0.102669 0.843004 0.422656 0.00011234 0.90629 0.553243 -0.0543855 0.831243 0.422618 9.90961e-06 0.906308 0.561894 -0.000100769 0.827209 0.422663 -0.000139408 0.906287 0.553215 0.0544533 0.831257 0.422595 2.5779e-05 0.906319 0.527968 0.102721 0.843029 0.422547 4.13507e-05 0.906341 0.48957 0.138252 0.860934 0.422612 -2.03401e-06 0.906311 0.467324 0.152262 0.870876 0.42314 -0.000104845 0.906064 0.422868 4.52697e-05 0.906192 0.392258 0.157253 0.906314 0.417271 0.162002 0.894226 0.422551 -4.70132e-05 0.906339 0.344869 0.138271 0.928411 0.422526 -0.000125557 0.906351 0.306258 0.102499 0.946414 0.422602 -5.31599e-05 0.906315 0.281184 0.0544801 0.958106 0.127218 -0.109532 0.985809 0.109737 0.000108164 0.993961 0.177786 -0.2062 0.962223 0.254867 -0.277584 0.926277 0.349748 -0.315714 0.882044 0.451128 -0.315664 0.83477 0.545495 -0.277743 0.790755 0.622882 -0.20613 0.754671 0.673467 -0.109325 0.731088 0.690878 -0.000201962 0.722971 0.67342 0.109447 0.731113 0.622774 0.206249 0.754727 0.545686 0.277603 0.790673 0.500516 0.305401 0.810071 0.349891 0.315722 0.881984 0.399536 0.325046 0.857156 0.255213 0.277763 0.926129 0.177646 0.20599 0.962294 0.127189 0.109445 0.985822 0.302732 0.86541 -0.399273 0.36302 0.86573 -0.344568 0.39235 0.870701 -0.29655 0.351064 0.876489 -0.329425 0.284546 0.844259 -0.45416 0.350025 0.856348 -0.379673 0.298484 0.82293 -0.483419 0.354453 0.846963 -0.396254 0.33627 0.811331 -0.47819 0.372964 0.84174 -0.390349 0.380623 0.815858 -0.435318 0.397787 0.843606 -0.360687 0.417996 0.833919 -0.36036 0.42236 0.851606 -0.310449 0.44428 0.856151 -0.263857 0.443969 0.861554 -0.246202 0.461053 0.873163 -0.158168 0.461959 0.869226 -0.176182 0.477695 0.876665 -0.0571422 0.479179 0.87081 -0.109896 0.499966 0.865689 0.0248353 0.497068 0.865868 -0.0565432 0.53069 0.844331 0.0739817 0.515817 0.85636 -0.0240837 0.562337 0.822832 0.0820043 0.531544 0.846862 -0.0168967 0.582236 0.811486 0.0499191 0.538677 0.841796 -0.0347478 0.577499 0.816314 -0.011252 0.53164 0.84385 -0.0726388 0.544562 0.834047 -0.0884125 0.509243 0.85165 -0.123951 0.487642 0.856199 -0.170674 0.473959 0.861569 -0.18183 0.417562 0.873134 -0.251555 0.431907 0.869224 -0.240636 0.453145 0.866031 -0.211304 0.422618 -0.00011113 0.906308 0.422656 -0.000117525 0.90629 0.281141 -0.0543413 0.958127 0.272502 -0.000189856 0.962155 0.42256 7.24494e-05 0.906335 0.306433 -0.102738 0.946332 0.42262 -4.48525e-06 0.906307 0.344963 -0.138347 0.928364 0.422752 -2.94447e-05 0.906245 0.391859 -0.157185 0.906498 0.422532 -2.01687e-05 0.906348 0.442388 -0.157213 0.882936 0.422606 -1.14739e-05 0.906314 0.489404 -0.138364 0.861011 0.422614 -9.16421e-06 0.90631 0.528114 -0.102536 0.84296 0.422623 1.03936e-05 0.906306 0.553161 -0.054621 0.831282 0.422618 8.66479e-06 0.906308 0.561892 7.8476e-05 0.82721 0.422626 -2.54959e-05 0.906304 0.553223 0.0544275 0.831253 0.422614 1.53482e-06 0.90631 0.527961 0.102731 0.843032 0.422584 1.84327e-05 0.906324 0.489625 0.138219 0.860908 0.422314 5.57527e-05 0.90645 0.466979 0.152332 0.871048 0.422714 -2.19941e-05 0.906263 0.422845 4.06578e-05 0.906202 0.392139 0.157231 0.90637 0.416997 0.162054 0.894344 0.422471 -9.71705e-05 0.906377 0.344638 0.138126 0.928518 0.422625 5.87106e-06 0.906305 0.30651 0.102832 0.946297 0.422693 0.000223614 0.906273 0.281221 0.0545899 0.958089 0.127162 -0.109334 0.985838 0.109742 -0.000259583 0.99396 0.177723 -0.206101 0.962256 0.255208 -0.277787 0.926123 0.349631 -0.315683 0.882101 0.450943 -0.315692 0.834859 0.545397 -0.277793 0.790805 0.623038 -0.20591 0.754603 0.673349 -0.109664 0.731147 0.690875 0.000122141 0.722974 0.673464 0.109308 0.731093 0.622737 0.2063 0.754744 0.545827 0.277518 0.790605 0.500226 0.305467 0.810225 0.350085 0.315761 0.881893 0.399461 0.325061 0.857185 0.254731 0.277461 0.926352 0.177814 0.206215 0.962215 0.127281 0.109719 0.98578 0.30242 0.86565 -0.398989 0.362872 0.86584 -0.344449 0.392033 0.870929 -0.296298 0.350466 0.876948 -0.32884 0.284738 0.844149 -0.454242 0.350107 0.856303 -0.379698 0.298702 0.822812 -0.483485 0.354611 0.846872 -0.396307 0.335757 0.811658 -0.477994 0.372756 0.841876 -0.390253 0.380616 0.815876 -0.435291 0.397908 0.84354 -0.360707 0.416342 0.834838 -0.360145 0.42159 0.852056 -0.310263 0.443874 0.856374 -0.263819 0.443721 0.861697 -0.246149 0.461043 0.873167 -0.158175 0.461927 0.869243 -0.176178 0.477651 0.876688 -0.0571544 0.479205 0.870794 -0.109912 0.500227 0.86554 0.0247575 0.49718 0.8658 -0.0565901 0.530663 0.84435 0.0739625 0.515739 0.856408 -0.0240702 0.562324 0.822843 0.0819819 0.531599 0.846827 -0.0169383 0.581988 0.811656 0.0500423 0.538559 0.841873 -0.0346995 0.57769 0.816176 -0.0114361 0.531767 0.843761 -0.0727412 0.544493 0.834098 -0.0883662 0.509104 0.851747 -0.123855 0.487972 0.855942 -0.171017 0.47417 0.861416 -0.182002 0.417143 0.873459 -0.251121 0.431685 0.869385 -0.240454 0.453161 0.866021 -0.211312 </float_array>
          <technique_common>
            <accessor count="1349" offset="0" source="#meshId0-bitangents-array" stride="3">
              <param name="X" type="float" />
              <param name="Y" type="float" />
              <param name="Z" type="float" />
            </accessor>
          </technique_common>
        </source>
        <source id="meshId0-tex0" name="meshId0-tex0">
          <float_array id="meshId0-tex0-array" count="2698"> 0.115706 0.679932 0.0380503 0.680829 0.0380629 0.633151 0.115239 0.632982 0.71377 0.728426 0.662437 0.728005 0.662652 0.697144 0.713804 0.696988 0.762383 0.0560734 0.811947 0.0560975 0.811868 0.221648 0.762308 0.221643 0.0350451 0.0560869 0.0635075 0.0560481 0.0635022 0.221709 0.0350441 0.221653 0.271901 0.0561089 0.327466 0.0561167 0.32746 0.221668 0.271877 0.221671 0.521893 0.056011 0.539504 0.0560534 0.539494 0.221649 0.521882 0.221684 0.377948 0.677055 0.377016 0.632592 0.392408 0.632566 0.393356 0.676876 0.0192291 0.574965 0.0155887 0.560704 0.0222977 0.560786 0.0252755 0.570866 0.980447 0.0561595 0.980373 0.221704 0.92633 0.221682 0.926405 0.0561373 0.492784 0.0560571 0.492846 0.221617 0.441903 0.221636 0.441851 0.0560849 0.117149 0.983935 0.0380138 0.98327 0.0380465 0.977512 0.117131 0.97633 0.661579 0.918924 0.661618 0.913642 0.713462 0.913369 0.713456 0.917929 0.242755 0.0560859 0.242769 0.221691 0.22704 0.221647 0.22703 0.0561261 0.733896 0.0559812 0.733901 0.221732 0.703012 0.221584 0.703005 0.056129 0.394404 0.972364 0.381014 0.976784 0.380919 0.971108 0.393081 0.966881 0.0194003 0.26347 0.0257697 0.263515 0.0251062 0.304346 0.0166095 0.304222 0.752307 0.221605 0.752358 0.0560932 0.00655772 0.0560583 0.0166151 0.0561123 0.0166798 0.221605 0.00664063 0.221719 0.252932 0.0561144 0.252939 0.221637 0.502951 0.0560622 0.502995 0.221583 0.752307 0.221605 0.743883 0.221619 0.743902 0.0560832 0.752358 0.0560932 0.743883 0.221619 0.743902 0.0560832 0.0166151 0.0561123 0.0250397 0.0561012 0.0250655 0.221609 0.0166798 0.221605 0.0250397 0.0561012 0.0250655 0.221609 0.261725 0.0561154 0.261712 0.221637 0.511738 0.0560612 0.51175 0.22159 0.0241474 0.979273 0.0206169 0.974994 0.0252853 0.973249 0.0152215 0.681079 0.0172657 0.633161 0.0226112 0.633179 0.0225699 0.680993 0.0156249 0.935057 0.0223322 0.934958 0.0225255 0.962286 0.0166366 0.962438 0.0325021 0.930698 0.0446395 0.930645 0.0446736 0.956776 0.0325186 0.957042 0.121051 0.929591 0.120871 0.956668 0.387164 0.926763 0.387405 0.950432 0.375344 0.950599 0.37512 0.92698 0.38496 0.959366 0.375514 0.962735 0.120914 0.968779 0.0446353 0.968921 0.0346655 0.965503 0.376802 0.613673 0.390735 0.61608 0.0380566 0.614245 0.115123 0.613571 0.0234946 0.616249 0.0204789 0.619317 0.394026 0.618795 0.397298 0.632534 0.400149 0.676792 0.402127 0.930766 0.401445 0.955282 0.396184 0.955335 0.396109 0.930823 0.397804 0.968262 0.294819 0.980665 0.294783 0.973015 0.292477 0.965784 0.292398 0.953677 0.291924 0.927685 0.293392 0.677956 0.292959 0.632685 0.292859 0.613243 0.119979 0.733169 0.0445617 0.733891 0.0446339 0.688434 0.119503 0.687002 0.662317 0.75971 0.713745 0.760167 0.0945107 0.0560847 0.0945083 0.221677 0.609793 0.0561853 0.60979 0.221522 0.401102 0.724967 0.393945 0.725051 0.0143319 0.437553 0.0234647 0.437647 0.022428 0.538155 0.0150221 0.538099 0.0324416 0.734082 0.0325304 0.688568 0.0224193 0.729172 0.0146958 0.729265 0.385236 0.730166 0.373187 0.730245 0.372734 0.684794 0.384768 0.684657 0.29113 0.731247 0.291197 0.685071 0.12039 0.824414 0.0442203 0.825265 0.661677 0.895907 0.662046 0.823576 0.713637 0.823945 0.713525 0.89588 0.156722 0.0561969 0.156724 0.22157 0.671996 0.0561116 0.671997 0.221599 0.402769 0.821569 0.394875 0.821657 0.0157839 0.348591 0.0244924 0.348697 0.0321033 0.825402 0.0223061 0.825784 0.0138207 0.825886 0.386328 0.821474 0.37429 0.821604 0.291476 0.822507 0.603181 0.912981 0.603159 0.918371 0.869173 0.0561175 0.869097 0.221662 0.384659 0.0561073 0.384684 0.221652 0.206498 0.928658 0.206648 0.956106 0.603675 0.727463 0.603835 0.697149 0.205957 0.97469 0.205996 0.983343 0.206708 0.968196 0.204099 0.632813 0.20455 0.678923 0.20399 0.613105 0.205934 0.823472 0.603629 0.759184 0.544953 0.758591 0.544922 0.72688 0.205553 0.732256 0.544981 0.822458 0.603506 0.82311 0.603245 0.895562 0.544822 0.894774 0.544765 0.911606 0.544761 0.91684 0.545021 0.697128 0.531834 0.0240174 0.416612 0.0240174 0.416612 0.00655058 0.531834 0.00655058 0.284767 0.0240174 0.284767 0.00655058 0.152922 0.0240174 0.152922 0.00655058 0.0274618 0.0240174 0.0274618 0.00655058 0.00461873 0.0240174 0.00461873 0.00655058 0.90921 0.0484844 0.90921 0.0310175 0.980705 0.0310175 0.980705 0.0484844 0.765854 0.0484844 0.60384 0.0484844 0.60384 0.0310175 0.765854 0.0310175 0.567422 0.0484844 0.567422 0.0310175 0.550228 0.0484844 0.550228 0.0310175 0.550228 0.0484844 0.53212 0.0484844 0.53212 0.0310174 0.550228 0.0310175 0.404265 0.0484844 0.404265 0.0310174 0.272443 0.0484844 0.272443 0.0310174 0.140621 0.0484844 0.140621 0.0310174 0.0232447 0.0484844 0.0232447 0.0310174 0.0042461 0.0484844 0.0042461 0.0310174 0.988586 0.0240176 0.972265 0.0240176 0.972265 0.00655058 0.988586 0.00655058 0.931668 0.0240176 0.931668 0.00655058 0.769644 0.0240174 0.769644 0.00655058 0.626281 0.0240174 0.626281 0.00655058 0.554783 0.0240174 0.554783 0.00655058 0.0446371 0.686229 0.119544 0.684794 0.205332 0.68322 0.205343 0.685424 0.291136 0.682864 0.372709 0.682589 0.386893 0.682495 0.387427 0.728752 0.388535 0.821448 0.389371 0.926729 0.389611 0.950414 0.386771 0.961051 0.375554 0.964942 0.292474 0.96799 0.206721 0.970399 0.120942 0.970984 0.0446186 0.971127 0.0328393 0.967196 0.0303134 0.9571 0.0302954 0.93071 0.0298974 0.825423 0.0302395 0.732716 0.0303868 0.686453 0.531846 0.00332869 0.41662 0.00332869 0.284775 0.00332869 0.15293 0.00332869 0.0274645 0.00332869 0.00461391 0.00332869 0.9807 0.0277956 0.908482 0.0277956 0.765842 0.0277956 0.603828 0.0277956 0.567402 0.0277956 0.550196 0.0277957 0.550196 0.0277957 0.532108 0.0277957 0.40426 0.0277957 0.272437 0.0277957 0.140615 0.0277957 0.0232447 0.0277957 0.00427894 0.0277957 0.988619 0.00332887 0.972245 0.00332887 0.931656 0.00332887 0.769633 0.00332887 0.626986 0.00332869 0.554784 0.00332869 0.0380041 0.607529 0.11508 0.606859 0.404005 0.632433 0.406861 0.676701 0.381187 0.983491 0.294863 0.987375 0.0099328 0.962666 0.00891421 0.935162 0.292829 0.606532 0.376783 0.606958 0.117164 0.990645 0.0379235 0.989978 0.00850965 0.681147 0.0105587 0.633086 0.408838 0.930712 0.408153 0.955274 0.762121 0.225974 0.751678 0.225853 0.034779 0.225977 0.0243637 0.225842 0.521658 0.226063 0.511463 0.225879 0.271624 0.225995 0.261273 0.225912 0.744618 0.225864 0.734147 0.226147 0.751678 0.225853 0.744618 0.225864 0.0173706 0.225835 0.00707199 0.226094 0.0243637 0.225842 0.0173706 0.225835 0.503452 0.225854 0.493066 0.22594 0.253269 0.22592 0.243013 0.226037 0.703052 0.22586 0.672018 0.225891 0.227079 0.225956 0.156742 0.225806 0.609804 0.225738 0.539488 0.225996 0.0945168 0.226023 0.92634 0.226003 0.869099 0.225983 0.441923 0.225962 0.384665 0.225974 0.811852 0.225974 0.3274 0.225993 0.0634504 0.22609 0.980392 0.226026 0.0224458 0.610644 0.399924 0.617134 0.0143583 0.977397 0.396106 0.978845 0.0147356 0.617778 0.392298 0.610046 0.0227625 0.985828 0.404216 0.970218 0.00798569 0.729339 0.409479 0.821497 0.00711087 0.825965 0.407812 0.724886 0.203954 0.606394 0.206032 0.990053 0.554783 0.0240174 0.554783 0.00655058 0.554784 0.00332869 0.373152 0.264052 0.375207 0.308227 0.366573 0.308155 0.366364 0.26408 0.375601 0.352606 0.366621 0.352509 0.376294 0.441581 0.366616 0.441468 0.374642 0.54212 0.366602 0.542003 0.369583 0.581495 0.363729 0.578119 0.366456 0.567189 0.373744 0.567372 0.717995 0.913419 0.717127 0.916788 0.718569 0.823989 0.718318 0.895897 0.718744 0.760225 0.718778 0.728434 0.718896 0.696885 0.0231259 0.249505 0.0260066 0.247074 0.0303225 0.252849 0.117458 0.24365 0.199295 0.24354 0.199246 0.249533 0.117423 0.249394 0.28113 0.243951 0.281072 0.249671 0.35211 0.244732 0.352085 0.249991 0.366303 0.247646 0.363577 0.254101 0.369313 0.250085 0.713821 0.692252 0.717853 0.693792 0.662705 0.692447 0.603832 0.692417 0.544957 0.692411 0.0401414 0.249469 0.0401756 0.244204 0.489421 0.696985 0.48935 0.692186 0.489311 0.726314 0.489141 0.75805 0.488803 0.8218 0.488352 0.893674 0.488236 0.913964 0.488268 0.909435 0.484848 0.912153 0.48376 0.909289 0.483691 0.893598 0.48396 0.821748 0.484214 0.758019 0.484379 0.726254 0.484408 0.696947 0.486215 0.693469 0.366386 0.584582 0.352163 0.588376 0.352133 0.581209 0.279268 0.588934 0.2793 0.580068 0.197447 0.588371 0.197497 0.578541 0.115658 0.585923 0.115713 0.577016 0.0362389 0.582405 0.0363484 0.575314 0.0221619 0.578136 0.377859 0.263993 0.379914 0.308256 0.352216 0.593082 0.279254 0.593639 0.0108826 0.560685 0.010315 0.538071 0.0401784 0.239496 0.117484 0.238944 0.11562 0.590629 0.036126 0.587111 0.281178 0.239246 0.352159 0.240025 0.0119038 0.304146 0.0146927 0.263395 0.379349 0.542193 0.378447 0.567525 0.734079 0.0525962 0.744459 0.0528492 0.0068538 0.0527317 0.0171226 0.0528856 0.492942 0.0527655 0.50346 0.0528254 0.242925 0.0527742 0.253451 0.052878 0.751884 0.0528577 0.762248 0.0527765 0.744459 0.0528492 0.751884 0.0528577 0.0245063 0.0528746 0.0348497 0.0527931 0.0171226 0.0528856 0.0245063 0.0528746 0.511214 0.0528224 0.521735 0.0526672 0.261195 0.0528815 0.271718 0.0528191 0.0634742 0.0527002 0.0945195 0.0527697 0.539505 0.0527365 0.609805 0.0529978 0.156733 0.0529913 0.22705 0.0528467 0.672008 0.0528489 0.327424 0.0528234 0.384645 0.0528153 0.811942 0.0528035 0.869181 0.0528253 0.441865 0.0527905 0.926417 0.0528454 0.703029 0.0528822 0.980465 0.0528675 0.374008 0.249917 0.0259172 0.242375 0.366538 0.589279 0.0145303 0.575037 0.36644 0.242948 0.0184317 0.249326 0.374276 0.581745 0.0219459 0.58283 0.011078 0.348532 0.380999 0.441636 0.00962619 0.437506 0.380307 0.352651 0.19742 0.593076 0.199332 0.238834 0.564238 0.229354 0.59322 0.229355 0.593218 0.299677 0.564239 0.299676 0.622196 0.229357 0.622196 0.29968 0.65117 0.229357 0.65117 0.29968 0.68014 0.229358 0.68014 0.29968 0.709111 0.229357 0.709111 0.29968 0.738084 0.229357 0.738084 0.29968 0.767061 0.229356 0.767061 0.299679 0.796042 0.229354 0.796042 0.299677 0.825028 0.229352 0.825025 0.299675 0.854019 0.229354 0.854011 0.299676 0.883013 0.229358 0.883003 0.299681 0.912034 0.229358 0.911998 0.299681 0.941131 0.229358 0.94107 0.299681 0.41915 0.229357 0.448246 0.229357 0.448282 0.29968 0.41921 0.29968 0.47727 0.229357 0.477276 0.29968 0.506265 0.229357 0.506268 0.29968 0.535253 0.229355 0.535255 0.299677 0.593218 0.304941 0.564239 0.304939 0.622196 0.304944 0.651169 0.304944 0.68014 0.304944 0.70911 0.304944 0.738084 0.304944 0.767061 0.304943 0.796042 0.30494 0.825025 0.304937 0.85401 0.30494 0.882996 0.304945 0.911962 0.304945 0.940715 0.304945 0.448317 0.304943 0.419564 0.304943 0.477282 0.304944 0.506268 0.304944 0.535256 0.30494 0.799425 0.497545 0.7953 0.499926 0.779121 0.480644 0.782182 0.476996 0.808599 0.522752 0.80391 0.523578 0.808599 0.549576 0.80391 0.548749 0.799425 0.574783 0.7953 0.572402 0.782182 0.595331 0.779121 0.591683 0.758952 0.608744 0.757322 0.604269 0.732534 0.613402 0.732534 0.608639 0.706117 0.608744 0.707747 0.604269 0.682887 0.595331 0.685948 0.591683 0.665644 0.574783 0.669768 0.572402 0.65647 0.549576 0.66116 0.548749 0.65647 0.522752 0.66116 0.523578 0.665644 0.497545 0.669768 0.499926 0.682887 0.476996 0.685948 0.480644 0.706117 0.463584 0.707746 0.468059 0.732534 0.458926 0.732534 0.463688 0.758952 0.463584 0.757322 0.468059 0.732534 0.536164 0.682536 0.384425 0.702329 0.384426 0.702327 0.432565 0.682536 0.432562 0.72211 0.384428 0.72211 0.432567 0.74188 0.384428 0.741878 0.432567 0.761637 0.384429 0.761637 0.432567 0.781395 0.384429 0.781396 0.432567 0.801163 0.384428 0.801163 0.432567 0.820939 0.384428 0.820939 0.432567 0.840727 0.384426 0.840727 0.432565 0.860529 0.384424 0.860527 0.432562 0.880341 0.384426 0.880338 0.432564 0.900166 0.384428 0.900159 0.432567 0.920018 0.384428 0.919993 0.432567 0.939932 0.384428 0.93989 0.432567 0.583322 0.384428 0.603236 0.384428 0.603259 0.432567 0.583362 0.432567 0.62309 0.384428 0.623094 0.432567 0.642916 0.384428 0.642919 0.432567 0.662729 0.384426 0.662731 0.432565 0.702327 0.436168 0.682536 0.436165 0.722109 0.436171 0.741878 0.436171 0.761637 0.436171 0.781396 0.436171 0.801163 0.436171 0.820939 0.436171 0.840727 0.436168 0.860527 0.436165 0.880337 0.436168 0.900156 0.436171 0.91997 0.436171 0.939648 0.436171 0.603284 0.436171 0.583606 0.436171 0.623099 0.436171 0.642919 0.436171 0.662731 0.436168 0.318795 0.404207 0.315623 0.400426 0.332389 0.380446 0.336665 0.382914 0.294724 0.418105 0.293036 0.413467 0.267348 0.422932 0.267348 0.417997 0.239975 0.418105 0.241663 0.413468 0.215904 0.404207 0.219074 0.400426 0.198034 0.382913 0.202308 0.380446 0.188528 0.356793 0.193389 0.355936 0.188528 0.328997 0.193389 0.329853 0.198034 0.302877 0.202308 0.305344 0.215904 0.281583 0.219074 0.285364 0.239975 0.267685 0.241663 0.272321 0.267348 0.262858 0.267348 0.267793 0.294724 0.267685 0.293036 0.272321 0.318795 0.281583 0.315623 0.285363 0.336665 0.302877 0.332389 0.305344 0.346169 0.328997 0.34131 0.329853 0.346169 0.356793 0.341312 0.355936 0.267348 0.342894 0.583439 0.308879 0.608901 0.30888 0.608901 0.370659 0.583442 0.370657 0.634358 0.308882 0.634358 0.370662 0.65981 0.308883 0.65981 0.370662 0.685259 0.308883 0.685259 0.370662 0.710705 0.308883 0.710705 0.370662 0.736151 0.308883 0.736151 0.370662 0.761601 0.308882 0.761602 0.370662 0.787055 0.308881 0.787055 0.370659 0.812512 0.30888 0.812512 0.370658 0.837974 0.308881 0.837973 0.370659 0.863438 0.308883 0.863437 0.370662 0.88891 0.308883 0.888904 0.370662 0.914407 0.308883 0.914376 0.370662 0.939969 0.308883 0.939915 0.370662 0.481447 0.308884 0.507008 0.308884 0.507039 0.370663 0.4815 0.370663 0.532502 0.308884 0.532511 0.370663 0.557972 0.308881 0.557979 0.370659 0.608901 0.375283 0.583443 0.375281 0.634358 0.375286 0.65981 0.375287 0.685259 0.375287 0.710705 0.375287 0.736151 0.375287 0.761602 0.375286 0.787056 0.375283 0.812512 0.375282 0.837972 0.375283 0.863435 0.375286 0.888899 0.375286 0.914345 0.375286 0.939604 0.375286 0.507071 0.375287 0.481811 0.375287 0.532517 0.375287 0.55798 0.375283 0.205077 0.535343 0.200526 0.531524 0.216226 0.504331 0.221809 0.506363 0.179443 0.556852 0.176473 0.551707 0.147998 0.568297 0.146966 0.562446 0.114535 0.568297 0.115566 0.562446 0.08309 0.556852 0.0860604 0.551707 0.0574562 0.535342 0.0620068 0.531524 0.0407248 0.506363 0.0463069 0.504331 0.0349143 0.473408 0.0408545 0.473408 0.0407248 0.440454 0.0463069 0.442485 0.0574562 0.411474 0.0620068 0.415293 0.08309 0.389964 0.0860604 0.395109 0.114535 0.378519 0.115566 0.38437 0.147998 0.378519 0.146966 0.38437 0.179443 0.389964 0.176472 0.395109 0.205077 0.411474 0.200526 0.415293 0.221809 0.440453 0.216226 0.442485 0.227619 0.473408 0.221679 0.473408 0.131266 0.473408 0.933106 0.984111 0.813453 0.86675 0.932573 0.864871 0.810325 0.867769 0.932148 0.987259 0.931275 0.988149 0.809453 0.868659 0.928126 0.989188 0.808899 0.990962 0.808474 0.871826 0.933037 0.985811 0.811755 0.866854 0.929835 0.989074 0.808556 0.870115 0.933037 0.985811 0.811755 0.866854 0.929835 0.989074 0.808556 0.870115 0.786012 0.849957 0.779739 0.940098 0.725335 0.899067 0.727065 0.826616 0.771884 0.96701 0.724157 0.916155 0.7622 0.980878 0.722605 0.923083 0.7622 0.980878 0.745763 0.988254 0.715183 0.925117 0.722605 0.923083 0.677264 0.995528 0.662901 0.928362 0.602617 0.995875 0.603162 0.928093 0.528266 0.992878 0.543381 0.926157 0.454717 0.983174 0.486375 0.920931 0.438847 0.975082 0.479289 0.918159 0.438847 0.975082 0.429417 0.961946 0.477527 0.911864 0.479289 0.918159 0.422107 0.937202 0.476755 0.896637 0.416399 0.847091 0.475507 0.824254 0.416624 0.769328 0.475756 0.759319 0.416946 0.730895 0.475946 0.726591 0.417514 0.695586 0.476288 0.696359 0.419207 0.685566 0.478951 0.687369 0.459288 0.630915 0.468103 0.63045 0.487099 0.685388 0.478951 0.687369 0.534122 0.63007 0.543887 0.68491 0.604126 0.62999 0.603837 0.684792 0.674112 0.630141 0.663768 0.684985 0.734723 0.630616 0.715914 0.685517 0.745052 0.631181 0.725257 0.687768 0.784828 0.686356 0.785884 0.695435 0.727148 0.696147 0.725257 0.687768 0.786173 0.733605 0.727252 0.728842 0.786223 0.772112 0.727209 0.761637 0.722702 0.824683 0.722257 0.896721 0.721457 0.914091 0.72043 0.920238 0.71383 0.921748 0.661867 0.923671 0.603148 0.923241 0.544445 0.921533 0.487825 0.917734 0.481579 0.915332 0.480214 0.909848 0.479809 0.894348 0.479851 0.822371 0.479994 0.758355 0.48016 0.726318 0.480232 0.696789 0.482759 0.690244 0.488777 0.688527 0.544641 0.688643 0.603832 0.688627 0.66301 0.688697 0.71431 0.688631 0.721482 0.690613 0.723134 0.696628 0.723022 0.728538 0.72298 0.760623 0.722702 0.824683 0.722257 0.896721 0.721457 0.914091 0.72043 0.920238 0.481579 0.915332 0.480214 0.909848 0.479809 0.894348 0.479851 0.822371 0.479994 0.758355 0.48016 0.726318 0.480232 0.696789 0.482759 0.690244 0.482759 0.690244 0.488777 0.688527 0.544641 0.688643 0.603832 0.688627 0.66301 0.688697 0.71431 0.688631 0.721482 0.690613 0.721482 0.690613 0.723134 0.696628 0.723022 0.728538 0.72298 0.760623 0.573971 0.421256 0.573971 0.492424 0.461687 0.492424 0.461687 0.421256 0.573971 0.622294 0.461687 0.622294 0.461687 0.551125 0.573971 0.551125 0.573971 0.421256 0.461687 0.421256 0.461687 0.381537 0.573971 0.381537 0.390519 0.511406 0.461687 0.492424 0.461687 0.551125 0.390519 0.551125 0.461687 0.492424 0.573971 0.492424 0.573971 0.551125 0.461687 0.551125 0.573971 0.492424 0.64514 0.511406 0.64514 0.551125 0.573971 0.551125 0.838528 0.59976 0.852792 0.580765 0.849422 0.807543 0.838427 0.79579 0.804493 0.817974 0.804498 0.578531 0.838528 0.59976 0.838427 0.79579 0.828472 0.546007 0.852792 0.580765 0.838528 0.59976 0.804498 0.578531 0.940763 0.5783 0.94068 0.818022 0.907142 0.795514 0.907079 0.599876 0.915863 0.844536 0.892938 0.808802 0.907142 0.795514 0.94068 0.818022 0.907079 0.599876 0.907142 0.795514 0.892938 0.808802 0.889812 0.579549 0.940763 0.5783 0.907079 0.599876 0.889812 0.579549 0.912832 0.543766 0.804493 0.817974 0.838427 0.79579 0.849422 0.807543 0.82519 0.842176 0.864964 0.570938 0.863681 0.816108 0.855716 0.52953 0.864964 0.570938 0.885775 0.858378 0.878317 0.816528 0.877199 0.570538 0.878317 0.816528 0.855716 0.52953 0.884701 0.528742 0.877199 0.570538 0.864964 0.570938 0.884701 0.528742 0.877199 0.570538 0.854485 0.85757 0.863681 0.816108 0.958929 0.238304 0.960842 0.595498 0.951569 0.593519 0.94958 0.236605 0.968265 0.240007 0.970128 0.597479 0.977582 0.238216 0.979396 0.595412 0.986914 0.236424 0.98865 0.593347 0.983164 0.978986 0.973975 0.981337 0.971637 0.972145 0.9808 0.969799 0.962482 0.969885 0.953313 0.967626 0.971637 0.972145 0.9808 0.969799 0.989951 0.967462 0.933106 0.984111 0.813453 0.86675 0.932573 0.864871 0.810325 0.867769 0.932148 0.987259 0.931275 0.988149 0.809453 0.868659 0.928126 0.989188 0.808899 0.990962 0.808474 0.871826 0.933037 0.985811 0.811755 0.866854 0.929835 0.989074 0.808556 0.870115 0.933037 0.985811 0.811755 0.866854 0.929835 0.989074 0.808556 0.870115 0.933106 0.984111 0.813453 0.86675 0.932573 0.864871 0.810325 0.867769 0.932148 0.987259 0.931275 0.988149 0.809453 0.868659 0.928126 0.989188 0.808899 0.990962 0.808474 0.871826 0.933037 0.985811 0.811755 0.866854 0.929835 0.989074 0.808556 0.870115 0.933037 0.985811 0.811755 0.866854 0.929835 0.989074 0.808556 0.870115 0.933106 0.984111 0.813453 0.86675 0.932573 0.864871 0.810325 0.867769 0.932148 0.987259 0.931275 0.988149 0.809453 0.868659 0.928126 0.989188 0.808899 0.990962 0.808474 0.871826 0.933037 0.985811 0.811755 0.866854 0.929835 0.989074 0.808556 0.870115 0.933037 0.985811 0.811755 0.866854 0.929835 0.989074 0.808556 0.870115 0.682536 0.384425 0.702329 0.384426 0.702327 0.432565 0.682536 0.432562 0.72211 0.384428 0.72211 0.432567 0.74188 0.384428 0.741878 0.432567 0.761637 0.384429 0.761637 0.432567 0.781395 0.384429 0.781396 0.432567 0.801163 0.384428 0.801163 0.432567 0.820939 0.384428 0.820939 0.432567 0.840727 0.384426 0.840727 0.432565 0.860529 0.384424 0.860527 0.432562 0.880341 0.384426 0.880338 0.432564 0.900166 0.384428 0.900159 0.432567 0.920018 0.384428 0.919993 0.432567 0.939932 0.384428 0.93989 0.432567 0.583322 0.384428 0.603236 0.384428 0.603259 0.432567 0.583362 0.432567 0.62309 0.384428 0.623094 0.432567 0.642916 0.384428 0.642919 0.432567 0.662729 0.384426 0.662731 0.432565 0.702327 0.436168 0.682536 0.436165 0.722109 0.436171 0.741878 0.436171 0.761637 0.436171 0.781396 0.436171 0.801163 0.436171 0.820939 0.436171 0.840727 0.436168 0.860527 0.436165 0.880337 0.436168 0.900156 0.436171 0.91997 0.436171 0.939648 0.436171 0.603284 0.436171 0.583606 0.436171 0.623099 0.436171 0.642919 0.436171 0.662731 0.436168 0.318795 0.404207 0.315623 0.400426 0.332389 0.380446 0.336665 0.382914 0.294724 0.418105 0.293036 0.413467 0.267348 0.422932 0.267348 0.417997 0.239975 0.418105 0.241663 0.413468 0.215904 0.404207 0.219074 0.400426 0.198034 0.382913 0.202308 0.380446 0.188528 0.356793 0.193389 0.355936 0.188528 0.328997 0.193389 0.329853 0.198034 0.302877 0.202308 0.305344 0.215904 0.281583 0.219074 0.285364 0.239975 0.267685 0.241663 0.272321 0.267348 0.262858 0.267348 0.267793 0.294724 0.267685 0.293036 0.272321 0.318795 0.281583 0.315623 0.285363 0.336665 0.302877 0.332389 0.305344 0.346169 0.328997 0.34131 0.329853 0.346169 0.356793 0.341312 0.355936 0.267348 0.342894 0.682536 0.384425 0.702329 0.384426 0.702327 0.432565 0.682536 0.432562 0.72211 0.384428 0.72211 0.432567 0.74188 0.384428 0.741878 0.432567 0.761637 0.384429 0.761637 0.432567 0.781395 0.384429 0.781396 0.432567 0.801163 0.384428 0.801163 0.432567 0.820939 0.384428 0.820939 0.432567 0.840727 0.384426 0.840727 0.432565 0.860529 0.384424 0.860527 0.432562 0.880341 0.384426 0.880338 0.432564 0.900166 0.384428 0.900159 0.432567 0.920018 0.384428 0.919993 0.432567 0.939932 0.384428 0.93989 0.432567 0.583322 0.384428 0.603236 0.384428 0.603259 0.432567 0.583362 0.432567 0.62309 0.384428 0.623094 0.432567 0.642916 0.384428 0.642919 0.432567 0.662729 0.384426 0.662731 0.432565 0.702327 0.436168 0.682536 0.436165 0.722109 0.436171 0.741878 0.436171 0.761637 0.436171 0.781396 0.436171 0.801163 0.436171 0.820939 0.436171 0.840727 0.436168 0.860527 0.436165 0.880337 0.436168 0.900156 0.436171 0.91997 0.436171 0.939648 0.436171 0.603284 0.436171 0.583606 0.436171 0.623099 0.436171 0.642919 0.436171 0.662731 0.436168 0.318795 0.404207 0.315623 0.400426 0.332389 0.380446 0.336665 0.382914 0.294724 0.418105 0.293036 0.413467 0.267348 0.422932 0.267348 0.417997 0.239975 0.418105 0.241663 0.413468 0.215904 0.404207 0.219074 0.400426 0.198034 0.382913 0.202308 0.380446 0.188528 0.356793 0.193389 0.355936 0.188528 0.328997 0.193389 0.329853 0.198034 0.302877 0.202308 0.305344 0.215904 0.281583 0.219074 0.285364 0.239975 0.267685 0.241663 0.272321 0.267348 0.262858 0.267348 0.267793 0.294724 0.267685 0.293036 0.272321 0.318795 0.281583 0.315623 0.285363 0.336665 0.302877 0.332389 0.305344 0.346169 0.328997 0.34131 0.329853 0.346169 0.356793 0.341312 0.355936 0.267348 0.342894 0.682536 0.384425 0.702329 0.384426 0.702327 0.432565 0.682536 0.432562 0.72211 0.384428 0.72211 0.432567 0.74188 0.384428 0.741878 0.432567 0.761637 0.384429 0.761637 0.432567 0.781395 0.384429 0.781396 0.432567 0.801163 0.384428 0.801163 0.432567 0.820939 0.384428 0.820939 0.432567 0.840727 0.384426 0.840727 0.432565 0.860529 0.384424 0.860527 0.432562 0.880341 0.384426 0.880338 0.432564 0.900166 0.384428 0.900159 0.432567 0.920018 0.384428 0.919993 0.432567 0.939932 0.384428 0.93989 0.432567 0.583322 0.384428 0.603236 0.384428 0.603259 0.432567 0.583362 0.432567 0.62309 0.384428 0.623094 0.432567 0.642916 0.384428 0.642919 0.432567 0.662729 0.384426 0.662731 0.432565 0.702327 0.436168 0.682536 0.436165 0.722109 0.436171 0.741878 0.436171 0.761637 0.436171 0.781396 0.436171 0.801163 0.436171 0.820939 0.436171 0.840727 0.436168 0.860527 0.436165 0.880337 0.436168 0.900156 0.436171 0.91997 0.436171 0.939648 0.436171 0.603284 0.436171 0.583606 0.436171 0.623099 0.436171 0.642919 0.436171 0.662731 0.436168 0.318795 0.404207 0.315623 0.400426 0.332389 0.380446 0.336665 0.382914 0.294724 0.418105 0.293036 0.413467 0.267348 0.422932 0.267348 0.417997 0.239975 0.418105 0.241663 0.413468 0.215904 0.404207 0.219074 0.400426 0.198034 0.382913 0.202308 0.380446 0.188528 0.356793 0.193389 0.355936 0.188528 0.328997 0.193389 0.329853 0.198034 0.302877 0.202308 0.305344 0.215904 0.281583 0.219074 0.285364 0.239975 0.267685 0.241663 0.272321 0.267348 0.262858 0.267348 0.267793 0.294724 0.267685 0.293036 0.272321 0.318795 0.281583 0.315623 0.285363 0.336665 0.302877 0.332389 0.305344 0.346169 0.328997 0.34131 0.329853 0.346169 0.356793 0.341312 0.355936 0.267348 0.342894 </float_array>
          <technique_common>
            <accessor count="1349" offset="0" source="#meshId0-tex0-array" stride="2">
              <param name="S" type="float" />
              <param name="T" type="float" />
            </accessor>
          </technique_common>
        </source>
        <vertices id="meshId0-vertices">
          <input semantic="POSITION" source="#meshId0-positions" />
          <input semantic="NORMAL" source="#meshId0-normals" />
          <input semantic="TANGENT" source="#meshId0-tangents" />
          <input semantic="BINORMAL" source="#meshId0-bitangents" />
          <input semantic="TEXCOORD" source="#meshId0-tex0"  />
        </vertices>
        <polylist count="1722" material="defaultMaterial">
          <input offset="0" semantic="VERTEX" source="#meshId0-vertices" />
          <vcount>3 3 3 3 3 3 3 3 3 3 3 3 3 3 3 3 3 3 3 3 3 3 3 3 3 3 3 3 3 3 3 3 3 3 3 3 3 3 3 3 3 3 3 3 3 3 3 3 3 3 3 3 3 3 3 3 3 3 3 3 3 3 3 3 3 3 3 3 3 3 3 3 3 3 3 3 3 3 3 3 3 3 3 3 3 3 3 3 3 3 3 3 3 3 3 3 3 3 3 3 3 3 3 3 3 3 3 3 3 3 3 3 3 3 3 3 3 3 3 3 3 3 3 3 3 3 3 3 3 3 3 3 3 3 3 3 3 3 3 3 3 3 3 3 3 3 3 3 3 3 3 3 3 3 3 3 3 3 3 3 3 3 3 3 3 3 3 3 3 3 3 3 3 3 3 3 3 3 3 3 3 3 3 3 3 3 3 3 3 3 3 3 3 3 3 3 3 3 3 3 3 3 3 3 3 3 3 3 3 3 3 3 3 3 3 3 3 3 3 3 3 3 3 3 3 3 3 3 3 3 3 3 3 3 3 3 3 3 3 3 3 3 3 3 3 3 3 3 3 3 3 3 3 3 3 3 3 3 3 3 3 3 3 3 3 3 3 3 3 3 3 3 3 3 3 3 3 3 3 3 3 3 3 3 3 3 3 3 3 3 3 3 3 3 3 3 3 3 3 3 3 3 3 3 3 3 3 3 3 3 3 3 3 3 3 3 3 3 3 3 3 3 3 3 3 3 3 3 3 3 3 3 3 3 3 3 3 3 3 3 3 3 3 3 3 3 3 3 3 3 3 3 3 3 3 3 3 3 3 3 3 3 3 3 3 3 3 3 3 3 3 3 3 3 3 3 3 3 3 3 3 3 3 3 3 3 3 3 3 3 3 3 3 3 3 3 3 3 3 3 3 3 3 3 3 3 3 3 3 3 3 3 3 3 3 3 3 3 3 3 3 3 3 3 3 3 3 3 3 3 3 3 3 3 3 3 3 3 3 3 3 3 3 3 3 3 3 3 3 3 3 3 3 3 3 3 3 3 3 3 3 3 3 3 3 3 3 3 3 3 3 3 3 3 3 3 3 3 3 3 3 3 3 3 3 3 3 3 3 3 3 3 3 3 3 3 3 3 3 3 3 3 3 3 3 3 3 3 3 3 3 3 3 3 3 3 3 3 3 3 3 3 3 3 3 3 3 3 3 3 3 3 3 3 3 3 3 3 3 3 3 3 3 3 3 3 3 3 3 3 3 3 3 3 3 3 3 3 3 3 3 3 3 3 3 3 3 3 3 3 3 3 3 3 3 3 3 3 3 3 3 3 3 3 3 3 3 3 3 3 3 3 3 3 3 3 3 3 3 3 3 3 3 3 3 3 3 3 3 3 3 3 3 3 3 3 3 3 3 3 3 3 3 3 3 3 3 3 3 3 3 3 3 3 3 3 3 3 3 3 3 3 3 3 3 3 3 3 3 3 3 3 3 3 3 3 3 3 3 3 3 3 3 3 3 3 3 3 3 3 3 3 3 3 3 3 3 3 3 3 3 3 3 3 3 3 3 3 3 3 3 3 3 3 3 3 3 3 3 3 3 3 3 3 3 3 3 3 3 3 3 3 3 3 3 3 3 3 3 3 3 3 3 3 3 3 3 3 3 3 3 3 3 3 3 3 3 3 3 3 3 3 3 3 3 3 3 3 3 3 3 3 3 3 3 3 3 3 3 3 3 3 3 3 3 3 3 3 3 3 3 3 3 3 3 3 3 3 3 3 3 3 3 3 3 3 3 3 3 3 3 3 3 3 3 3 3 3 3 3 3 3 3 3 3 3 3 3 3 3 3 3 3 3 3 3 3 3 3 3 3 3 3 3 3 3 3 3 3 3 3 3 3 3 3 3 3 3 3 3 3 3 3 3 3 3 3 3 3 3 3 3 3 3 3 3 3 3 3 3 3 3 3 3 3 3 3 3 3 3 3 3 3 3 3 3 3 3 3 3 3 3 3 3 3 3 3 3 3 3 3 3 3 3 3 3 3 3 3 3 3 3 3 3 3 3 3 3 3 3 3 3 3 3 3 3 3 3 3 3 3 3 3 3 3 3 3 3 3 3 3 3 3 3 3 3 3 3 3 3 3 3 3 3 3 3 3 3 3 3 3 3 3 3 3 3 3 3 3 3 3 3 3 3 3 3 3 3 3 3 3 3 3 3 3 3 3 3 3 3 3 3 3 3 3 3 3 3 3 3 3 3 3 3 3 3 3 3 3 3 3 3 3 3 3 3 3 3 3 3 3 3 3 3 3 3 3 3 3 3 3 3 3 3 3 3 3 3 3 3 3 3 3 3 3 3 3 3 3 3 3 3 3 3 3 3 3 3 3 3 3 3 3 3 3 3 3 3 3 3 3 3 3 3 3 3 3 3 3 3 3 3 3 3 3 3 3 3 3 3 3 3 3 3 3 3 3 3 3 3 3 3 3 3 3 3 3 3 3 3 3 3 3 3 3 3 3 3 3 3 3 3 3 3 3 3 3 3 3 3 3 3 3 3 3 3 3 3 3 3 3 3 3 3 3 3 3 3 3 3 3 3 3 3 3 3 3 3 3 3 3 3 3 3 3 3 3 3 3 3 3 3 3 3 3 3 3 3 3 3 3 3 3 3 3 3 3 3 3 3 3 3 3 3 3 3 3 3 3 3 3 3 3 3 3 3 3 3 3 3 3 3 3 3 3 3 3 3 3 3 3 3 3 3 3 3 3 3 3 3 3 3 3 3 3 3 3 3 3 3 3 3 3 3 3 3 3 3 3 3 3 3 3 3 3 3 3 3 3 3 3 3 3 3 3 3 3 3 3 3 3 3 3 3 3 3 3 3 3 3 3 3 3 3 3 3 3 3 3 3 3 3 3 3 3 3 3 3 3 3 3 3 3 3 3 3 3 3 3 3 3 3 3 3 3 3 3 3 3 3 3 3 3 3 3 3 3 3 3 3 3 3 3 3 3 3 3 3 3 3 3 3 3 3 3 3 3 3 3 3 3 3 3 3 3 3 3 3 3 3 3 3 3 3 3 3 3 3 3 3 3 3 3 3 3 3 3 3 3 3 3 3 3 3 3 3 3 3 3 3 3 3 3 3 3 3 3 3 3 3 3 3 3 3 3 3 3 3 3 3 3 3 3 3 3 3 3 3 3 3 3 3 3 3 3 3 3 3 3 3 3 3 3 3 3 3 3 3 3 3 3 3 3 3 3 3 3 3 3 3 3 3 3 3 3 3 3 3 3 3 3 3 3 3 3 3 3 3 3 3 3 3 3 3 3 3 3 3 3 3 3 3 3 3 3 3 3 3 3 3 3 3 3 3 3 3 3 3 3 3 3 3 3 3 3 3 3 3 3 3 3 3 3 3 3 3 3 3 3 3 3 3 3 3 3 3 3 3 3 3 3 3 3 3 3 3 3 3 3 3 3 3 3 3 3 3 3 3 3 3 3 3 3 3 3 3 3 3 3 3 3 3 3 3 3 3 3 3 3 3 3 3 3 3 3 3 3 3 3 3 3 3 3 3 3 3 3 3 3 3 3 3 3 3 3 3 3 3 3 3 3 3 3 3 3 3 3 3 3 3 3 3 3 3 3 3 3 3 3 3 3 3 3 3 3 3 3 3 3 3 3 3 3 3 3 3 3 3 3 3 3 3 3 3 3 3 3 3 3 3 3 3 3 3 3 3 3 3 3 3 3 3 3 3 3 3 3 3 3 3 3 3 3 3 3 3 3 3 3 3 3 3 3 3 3 3 3 3 3 3 3 3 3 3 3 3 3 3 3 3 3 3 3 3 3 3 3 3 3 3 3 3 3 3 3 3 3 3 3 3 3 3 3 3 3 3 3 3 3 3 3 3 </vcount>
          <p>3 0 1 1 2 3 7 4 5 5 6 7 11 8 9 9 10 11 15 12 13 13 14 15 19 16 17 17 18 19 23 20 21 21 22 23 27 24 25 25 26 27 31 28 29 29 30 31 35 32 33 33 34 35 39 36 37 37 38 39 43 40 41 41 42 43 47 44 45 45 46 47 51 48 49 49 50 51 55 52 53 53 54 55 59 56 57 57 58 59 63 60 61 61 62 63 8 11 64 64 65 8 69 66 67 67 68 69 49 48 70 70 71 49 37 36 72 72 73 37 77 74 75 75 76 77 79 78 53 53 52 79 83 80 81 81 82 83 85 84 12 12 15 85 71 70 86 86 87 71 87 86 16 16 19 87 73 72 88 88 89 73 89 88 20 20 23 89 90 91 92 96 93 94 94 95 96 2 1 96 96 95 2 92 42 41 41 90 92 100 97 98 98 99 100 104 101 102 102 103 104 103 102 105 105 106 103 110 107 108 108 109 110 108 111 112 112 109 108 106 113 114 114 103 106 103 114 115 115 104 103 100 99 92 92 91 100 26 25 116 116 117 26 119 3 2 2 118 119 118 2 95 95 120 118 120 95 94 94 121 120 117 122 123 123 26 117 26 123 124 124 27 26 128 125 126 126 127 128 59 127 126 126 129 59 59 129 56 57 130 131 131 58 57 112 132 133 133 109 112 110 109 133 133 134 110 24 135 136 136 25 24 25 136 137 137 116 25 141 138 139 139 140 141 143 142 5 5 4 143 13 144 145 145 14 13 22 21 146 146 147 22 124 148 149 149 27 124 153 150 151 151 152 153 140 139 154 154 155 140 96 156 157 157 93 96 161 158 159 159 160 161 160 159 162 162 163 160 165 164 105 105 102 165 169 166 167 167 168 169 171 170 51 51 50 171 146 172 173 173 147 146 175 174 125 125 128 175 150 176 177 177 151 150 178 165 102 102 101 178 180 179 98 98 97 180 182 181 107 107 110 182 183 182 110 110 134 183 185 184 45 45 44 185 10 9 186 186 187 10 18 17 188 188 189 18 106 105 190 190 191 106 5 192 193 193 6 5 40 43 194 194 195 40 113 106 191 191 196 113 0 3 197 197 198 0 3 119 199 199 197 3 183 134 190 190 200 183 203 192 201 201 202 203 162 183 200 200 204 162 208 205 206 206 207 208 210 209 184 184 185 210 187 186 35 35 34 187 189 188 39 39 38 189 191 190 134 134 133 191 192 203 211 211 193 192 195 194 131 131 130 195 196 191 133 133 132 196 198 197 136 136 135 198 197 199 137 137 136 197 200 190 105 105 164 200 192 5 142 142 201 192 204 200 164 164 138 204 207 206 167 167 166 207 215 212 213 213 214 215 214 213 216 216 217 214 217 216 218 218 219 217 219 218 220 220 221 219 221 220 222 222 223 221 227 224 225 225 226 227 231 228 229 229 230 231 230 229 232 232 233 230 233 232 234 234 235 233 239 236 237 237 238 239 238 237 240 240 241 238 241 240 242 242 243 241 243 242 244 244 245 243 245 244 246 246 247 245 247 246 248 248 249 247 253 250 251 251 252 253 252 251 254 254 255 252 255 254 256 256 257 255 256 258 259 259 257 256 261 260 212 212 215 261 141 140 262 262 263 141 265 141 263 263 264 265 163 265 264 264 266 163 160 163 266 266 267 160 161 160 267 267 268 161 158 161 268 268 269 158 107 181 270 270 271 107 108 107 271 271 272 108 111 108 272 272 273 111 112 111 273 273 274 112 132 112 274 274 275 132 196 132 275 275 276 196 113 196 276 276 277 113 114 113 277 277 278 114 115 114 278 278 279 115 104 115 279 279 280 104 101 104 280 280 281 101 178 101 281 281 282 178 178 282 283 283 154 178 140 155 284 284 262 140 286 285 215 215 214 286 287 286 214 214 217 287 288 287 217 217 219 288 289 288 219 219 221 289 290 289 221 221 223 290 292 291 226 226 225 292 294 293 231 231 230 294 295 294 230 230 233 295 296 295 233 233 235 296 298 297 239 239 238 298 299 298 238 238 241 299 300 299 241 241 243 300 301 300 243 243 245 301 302 301 245 245 247 302 303 302 247 247 249 303 305 304 253 253 252 305 306 305 252 252 255 306 307 306 255 255 257 307 307 257 259 259 308 307 285 309 261 261 215 285 119 118 310 310 311 119 124 123 312 312 313 124 130 57 314 314 315 130 97 100 316 316 317 97 116 137 318 318 319 116 41 40 320 320 321 41 94 93 322 322 323 94 126 125 324 324 325 126 64 11 326 326 327 64 85 15 328 328 329 85 89 23 330 330 331 89 87 19 332 332 333 87 53 78 334 334 335 53 75 74 336 336 337 75 69 68 338 338 339 69 83 82 340 340 341 83 37 73 342 342 343 37 73 89 331 331 342 73 49 71 344 344 345 49 71 87 333 333 344 71 54 346 347 347 173 54 171 50 348 348 349 171 22 147 350 350 351 22 171 349 352 352 145 171 187 34 353 353 354 187 189 38 355 355 356 189 10 187 354 354 357 10 18 189 356 356 358 18 357 326 11 11 10 357 359 328 15 15 14 359 358 332 19 19 18 358 351 330 23 23 22 351 360 353 34 34 33 360 343 355 38 38 37 343 335 346 54 54 53 335 345 348 50 50 49 345 361 310 118 118 120 361 362 312 123 123 122 362 363 316 100 100 91 363 364 314 57 57 56 364 323 365 121 121 94 323 365 361 120 120 121 365 319 366 117 117 116 319 366 362 122 122 117 366 321 367 90 90 41 321 367 363 91 91 90 367 325 368 129 129 126 325 368 364 56 56 129 368 369 322 93 93 157 369 370 324 125 125 174 370 317 371 180 180 97 317 370 174 148 148 372 370 373 318 137 137 199 373 374 320 40 40 195 374 311 373 199 199 119 311 315 374 195 195 130 315 138 164 165 165 139 138 168 167 142 142 143 168 144 170 171 171 145 144 148 174 175 175 149 148 139 165 178 178 154 139 156 179 180 180 157 156 158 181 182 182 159 158 159 182 183 183 162 159 172 55 54 54 173 172 176 63 62 62 177 176 202 201 206 206 205 202 204 265 163 163 162 204 201 142 167 167 206 201 138 141 265 265 204 138 224 228 231 231 225 224 258 375 376 376 259 258 269 270 181 181 158 269 154 283 284 284 155 154 225 231 293 293 292 225 308 259 376 376 377 308 347 350 147 147 173 347 352 359 14 14 145 352 157 180 371 371 369 157 148 124 313 313 372 148 381 378 379 379 380 381 380 379 382 382 383 380 383 382 384 384 385 383 385 384 386 386 387 385 391 388 389 389 390 391 393 47 46 46 392 393 395 169 168 168 394 395 394 168 143 143 396 394 396 143 4 4 397 396 397 4 7 7 398 397 399 400 401 405 402 403 403 404 405 404 403 406 406 407 404 407 406 408 408 409 407 411 409 408 408 410 411 411 410 412 411 412 378 378 381 411 414 398 7 7 413 414 413 7 6 6 415 413 415 6 193 193 416 415 416 193 211 211 417 416 401 61 60 60 399 401 419 402 405 405 418 419 421 417 211 211 420 421 420 211 203 203 422 420 422 203 202 202 423 422 423 202 205 205 424 423 424 205 208 208 425 424 209 210 426 426 427 209 426 428 429 429 427 426 425 430 431 431 424 425 424 431 432 432 423 424 423 432 433 433 422 423 422 433 434 434 420 422 421 420 434 434 435 421 419 418 401 401 400 419 30 29 153 153 152 30 429 430 425 425 427 429 427 425 208 208 209 427 184 209 208 208 207 184 45 184 207 207 166 45 46 45 166 166 169 46 392 46 169 169 395 392 390 387 386 386 391 390 388 436 389 389 436 437 437 438 389 438 437 439 439 440 438 440 439 441 441 442 440 444 442 441 441 443 444 446 444 443 443 445 446 31 446 445 445 447 31 31 447 28 379 378 448 448 449 379 439 437 450 450 451 439 153 29 452 452 453 153 402 419 454 454 455 402 445 443 456 456 457 445 408 406 458 458 459 408 60 63 460 460 461 60 391 386 462 462 463 391 79 52 464 464 465 79 67 66 466 466 467 67 72 36 468 468 469 72 70 48 470 470 471 70 8 65 472 472 473 8 77 76 474 474 475 77 12 84 476 476 477 12 81 80 478 478 479 81 20 88 480 480 481 20 88 72 469 469 480 88 16 86 482 482 483 16 86 70 471 471 482 86 144 13 484 484 485 144 146 21 486 486 487 146 51 170 488 488 489 51 172 146 487 487 490 172 188 17 491 491 492 188 186 9 493 493 494 186 39 188 492 492 495 39 35 186 494 494 496 35 170 144 485 485 488 170 55 172 490 490 497 55 497 464 52 52 55 497 495 468 36 36 39 495 489 470 48 48 51 489 496 498 32 32 35 496 483 491 17 17 16 483 473 493 9 9 8 473 477 484 13 13 12 477 481 486 21 21 20 481 499 448 378 378 412 499 500 454 419 419 400 500 501 450 437 437 436 501 502 452 29 29 28 502 459 503 410 410 408 459 503 499 412 412 410 503 461 504 399 399 60 461 504 500 400 400 399 504 463 505 388 388 391 463 505 501 436 436 388 505 457 506 447 447 445 457 506 502 28 28 447 506 507 460 63 63 176 507 508 462 386 386 384 508 453 509 150 150 153 453 510 508 384 384 382 510 511 456 443 443 441 511 512 458 406 406 403 512 451 511 441 441 439 451 455 512 403 403 402 455 509 507 176 176 150 509 449 510 382 382 379 449 516 513 514 514 515 516 515 514 517 517 518 515 518 517 519 519 520 518 520 519 521 521 522 520 522 521 523 523 524 522 524 523 525 525 526 524 526 525 527 527 528 526 528 527 529 529 530 528 530 529 531 531 532 530 532 531 533 533 534 532 534 533 535 535 536 534 536 535 537 537 538 536 538 537 539 539 540 538 544 541 542 542 543 544 543 542 545 545 546 543 546 545 547 547 548 546 548 547 549 549 550 548 550 549 513 513 516 550 516 515 551 551 552 516 515 518 553 553 551 515 518 520 554 554 553 518 520 522 555 555 554 520 522 524 556 556 555 522 524 526 557 557 556 524 526 528 558 558 557 526 528 530 559 559 558 528 530 532 560 560 559 530 532 534 561 561 560 532 534 536 562 562 561 534 536 538 563 563 562 536 538 540 564 564 563 538 544 543 565 565 566 544 543 546 567 567 565 543 546 548 568 568 567 546 548 550 569 569 568 548 550 516 552 552 569 550 573 570 571 571 572 573 570 574 575 575 571 570 574 576 577 577 575 574 576 578 579 579 577 576 578 580 581 581 579 578 580 582 583 583 581 580 582 584 585 585 583 582 584 586 587 587 585 584 586 588 589 589 587 586 588 590 591 591 589 588 590 592 593 593 591 590 592 594 595 595 593 592 594 596 597 597 595 594 596 598 599 599 597 596 598 600 601 601 599 598 600 602 603 603 601 600 602 604 605 605 603 602 604 573 572 572 605 604 572 571 606 571 575 606 575 577 606 577 579 606 579 581 606 581 583 606 583 585 606 585 587 606 587 589 606 589 591 606 591 593 606 593 595 606 595 597 606 597 599 606 599 601 606 601 603 606 603 605 606 605 572 606 610 607 608 608 609 610 609 608 611 611 612 609 612 611 613 613 614 612 614 613 615 615 616 614 616 615 617 617 618 616 618 617 619 619 620 618 620 619 621 621 622 620 622 621 623 623 624 622 624 623 625 625 626 624 626 625 627 627 628 626 628 627 629 629 630 628 630 629 631 631 632 630 632 631 633 633 634 632 638 635 636 636 637 638 637 636 639 639 640 637 640 639 641 641 642 640 642 641 643 643 644 642 644 643 607 607 610 644 610 609 645 645 646 610 609 612 647 647 645 609 612 614 648 648 647 612 614 616 649 649 648 614 616 618 650 650 649 616 618 620 651 651 650 618 620 622 652 652 651 620 622 624 653 653 652 622 624 626 654 654 653 624 626 628 655 655 654 626 628 630 656 656 655 628 630 632 657 657 656 630 632 634 658 658 657 632 638 637 659 659 660 638 637 640 661 661 659 637 640 642 662 662 661 640 642 644 663 663 662 642 644 610 646 646 663 644 667 664 665 665 666 667 664 668 669 669 665 664 668 670 671 671 669 668 670 672 673 673 671 670 672 674 675 675 673 672 674 676 677 677 675 674 676 678 679 679 677 676 678 680 681 681 679 678 680 682 683 683 681 680 682 684 685 685 683 682 684 686 687 687 685 684 686 688 689 689 687 686 688 690 691 691 689 688 690 692 693 693 691 690 692 694 695 695 693 692 694 696 697 697 695 694 696 698 699 699 697 696 698 667 666 666 699 698 666 665 700 665 669 700 669 671 700 671 673 700 673 675 700 675 677 700 677 679 700 679 681 700 681 683 700 683 685 700 685 687 700 687 689 700 689 691 700 691 693 700 693 695 700 695 697 700 697 699 700 699 666 700 704 701 702 702 703 704 703 702 705 705 706 703 706 705 707 707 708 706 708 707 709 709 710 708 710 709 711 711 712 710 712 711 713 713 714 712 714 713 715 715 716 714 716 715 717 717 718 716 718 717 719 719 720 718 720 719 721 721 722 720 722 721 723 723 724 722 724 723 725 725 726 724 726 725 727 727 728 726 728 727 729 729 730 728 734 731 732 732 733 734 733 732 735 735 736 733 736 735 737 737 738 736 738 737 701 701 704 738 704 703 739 739 740 704 703 706 741 741 739 703 706 708 742 742 741 706 708 710 743 743 742 708 710 712 744 744 743 710 712 714 745 745 744 712 714 716 746 746 745 714 716 718 747 747 746 716 718 720 748 748 747 718 720 722 749 749 748 720 722 724 750 750 749 722 724 726 751 751 750 724 726 728 752 752 751 726 728 730 753 753 752 728 734 733 754 754 755 734 733 736 756 756 754 733 736 738 757 757 756 736 738 704 740 740 757 738 761 758 759 759 760 761 758 762 763 763 759 758 762 764 765 765 763 762 764 766 767 767 765 764 766 768 769 769 767 766 768 770 771 771 769 768 770 772 773 773 771 770 772 774 775 775 773 772 774 776 777 777 775 774 776 778 779 779 777 776 778 780 781 781 779 778 780 782 783 783 781 780 782 784 785 785 783 782 784 786 787 787 785 784 786 788 789 789 787 786 788 790 791 791 789 788 790 792 793 793 791 790 792 761 760 760 793 792 760 759 794 759 763 794 763 765 794 765 767 794 767 769 794 769 771 794 771 773 794 773 775 794 775 777 794 777 779 794 779 781 794 781 783 794 783 785 794 785 787 794 787 789 794 789 791 794 791 793 794 793 760 794 795 796 797 801 798 799 799 800 801 802 803 804 796 795 805 805 806 796 801 800 807 807 808 801 810 809 799 799 798 810 812 811 802 802 804 812 816 813 814 814 815 816 815 814 817 817 818 815 818 817 819 819 820 818 824 821 822 822 823 824 823 822 825 825 826 823 826 825 827 827 828 826 828 827 829 829 830 828 830 829 831 831 832 830 832 831 833 833 834 832 838 835 836 836 837 838 837 836 839 839 840 837 840 839 841 841 842 840 842 841 843 843 844 842 844 843 845 845 846 844 846 845 847 847 848 846 848 847 849 849 850 848 854 851 852 852 853 854 853 852 855 855 856 853 856 855 857 857 858 856 858 857 859 859 860 858 860 859 861 861 862 860 862 861 863 863 864 862 868 865 866 866 867 868 867 866 869 869 870 867 870 869 871 871 872 870 872 871 813 813 816 872 395 394 873 873 874 395 392 395 874 874 875 392 393 392 875 875 876 393 47 393 876 876 877 47 44 47 877 877 878 44 185 44 878 878 879 185 210 185 879 879 880 210 426 210 880 880 881 426 428 426 881 881 882 428 429 428 882 882 883 429 430 429 883 883 884 430 431 430 884 884 885 431 432 431 885 885 886 432 433 432 886 886 887 433 434 433 887 887 888 434 435 434 888 888 889 435 421 435 889 889 890 421 417 421 890 890 891 417 416 417 891 891 892 416 415 416 892 892 893 415 413 415 893 893 894 413 414 413 894 894 895 414 398 414 895 895 896 398 397 398 896 896 897 397 396 397 897 897 898 396 394 396 898 898 873 394 900 899 816 816 815 900 901 900 815 815 818 901 902 901 818 818 820 902 877 876 824 824 823 877 878 877 823 823 826 878 879 878 826 826 828 879 880 879 828 828 830 880 881 880 830 830 832 881 882 881 832 832 834 882 904 903 838 838 837 904 905 904 837 837 840 905 906 905 840 840 842 906 907 906 842 842 844 907 908 907 844 844 846 908 909 908 846 846 848 909 910 909 848 848 850 910 912 911 854 854 853 912 913 912 853 853 856 913 914 913 856 856 858 914 915 914 858 858 860 915 916 915 860 860 862 916 917 916 862 862 864 917 919 918 868 868 867 919 920 919 867 867 870 920 921 920 870 870 872 921 899 921 872 872 816 899 925 922 923 923 924 925 929 926 927 927 928 929 933 930 931 931 932 933 937 934 935 935 936 937 941 938 939 939 940 941 945 942 943 943 944 945 949 946 947 947 948 949 953 950 951 951 952 953 957 954 955 955 956 957 961 958 959 959 960 961 965 962 963 963 964 965 969 966 967 967 968 969 973 970 971 971 972 973 977 974 975 975 976 977 948 947 978 978 979 948 955 954 980 980 981 955 963 962 982 982 983 963 979 978 984 984 985 979 985 984 969 969 968 985 989 986 987 987 988 989 991 990 973 973 972 991 983 982 992 992 993 983 993 992 977 977 976 993 997 994 995 995 996 997 994 998 999 999 995 994 999 998 1000 1000 1001 999 1001 1000 1002 1002 1003 1001 1007 1004 1005 1005 1006 1007 996 995 1008 1008 1009 996 995 999 1010 1010 1008 995 1001 1011 1010 1010 999 1001 1003 1012 1011 1011 1001 1003 1013 1014 1015 1019 1016 1017 1017 1018 1019 1020 1021 1022 1014 1013 1023 1023 1024 1014 1019 1018 1025 1025 1026 1019 1028 1027 1017 1017 1016 1028 1030 1029 1020 1020 1022 1030 1031 1032 1033 1037 1034 1035 1035 1036 1037 1038 1039 1040 1032 1031 1041 1041 1042 1032 1037 1036 1043 1043 1044 1037 1046 1045 1035 1035 1034 1046 1048 1047 1038 1038 1040 1048 1049 1050 1051 1055 1052 1053 1053 1054 1055 1056 1057 1058 1050 1049 1059 1059 1060 1050 1055 1054 1061 1061 1062 1055 1064 1063 1053 1053 1052 1064 1066 1065 1056 1056 1058 1066 1070 1067 1068 1068 1069 1070 1069 1068 1071 1071 1072 1069 1072 1071 1073 1073 1074 1072 1074 1073 1075 1075 1076 1074 1076 1075 1077 1077 1078 1076 1078 1077 1079 1079 1080 1078 1080 1079 1081 1081 1082 1080 1082 1081 1083 1083 1084 1082 1084 1083 1085 1085 1086 1084 1086 1085 1087 1087 1088 1086 1088 1087 1089 1089 1090 1088 1090 1089 1091 1091 1092 1090 1092 1091 1093 1093 1094 1092 1098 1095 1096 1096 1097 1098 1097 1096 1099 1099 1100 1097 1100 1099 1101 1101 1102 1100 1102 1101 1103 1103 1104 1102 1104 1103 1067 1067 1070 1104 1070 1069 1105 1105 1106 1070 1069 1072 1107 1107 1105 1069 1072 1074 1108 1108 1107 1072 1074 1076 1109 1109 1108 1074 1076 1078 1110 1110 1109 1076 1078 1080 1111 1111 1110 1078 1080 1082 1112 1112 1111 1080 1082 1084 1113 1113 1112 1082 1084 1086 1114 1114 1113 1084 1086 1088 1115 1115 1114 1086 1088 1090 1116 1116 1115 1088 1090 1092 1117 1117 1116 1090 1092 1094 1118 1118 1117 1092 1098 1097 1119 1119 1120 1098 1097 1100 1121 1121 1119 1097 1100 1102 1122 1122 1121 1100 1102 1104 1123 1123 1122 1102 1104 1070 1106 1106 1123 1104 1127 1124 1125 1125 1126 1127 1124 1128 1129 1129 1125 1124 1128 1130 1131 1131 1129 1128 1130 1132 1133 1133 1131 1130 1132 1134 1135 1135 1133 1132 1134 1136 1137 1137 1135 1134 1136 1138 1139 1139 1137 1136 1138 1140 1141 1141 1139 1138 1140 1142 1143 1143 1141 1140 1142 1144 1145 1145 1143 1142 1144 1146 1147 1147 1145 1144 1146 1148 1149 1149 1147 1146 1148 1150 1151 1151 1149 1148 1150 1152 1153 1153 1151 1150 1152 1154 1155 1155 1153 1152 1154 1156 1157 1157 1155 1154 1156 1158 1159 1159 1157 1156 1158 1127 1126 1126 1159 1158 1126 1125 1160 1125 1129 1160 1129 1131 1160 1131 1133 1160 1133 1135 1160 1135 1137 1160 1137 1139 1160 1139 1141 1160 1141 1143 1160 1143 1145 1160 1145 1147 1160 1147 1149 1160 1149 1151 1160 1151 1153 1160 1153 1155 1160 1155 1157 1160 1157 1159 1160 1159 1126 1160 1164 1161 1162 1162 1163 1164 1163 1162 1165 1165 1166 1163 1166 1165 1167 1167 1168 1166 1168 1167 1169 1169 1170 1168 1170 1169 1171 1171 1172 1170 1172 1171 1173 1173 1174 1172 1174 1173 1175 1175 1176 1174 1176 1175 1177 1177 1178 1176 1178 1177 1179 1179 1180 1178 1180 1179 1181 1181 1182 1180 1182 1181 1183 1183 1184 1182 1184 1183 1185 1185 1186 1184 1186 1185 1187 1187 1188 1186 1192 1189 1190 1190 1191 1192 1191 1190 1193 1193 1194 1191 1194 1193 1195 1195 1196 1194 1196 1195 1197 1197 1198 1196 1198 1197 1161 1161 1164 1198 1164 1163 1199 1199 1200 1164 1163 1166 1201 1201 1199 1163 1166 1168 1202 1202 1201 1166 1168 1170 1203 1203 1202 1168 1170 1172 1204 1204 1203 1170 1172 1174 1205 1205 1204 1172 1174 1176 1206 1206 1205 1174 1176 1178 1207 1207 1206 1176 1178 1180 1208 1208 1207 1178 1180 1182 1209 1209 1208 1180 1182 1184 1210 1210 1209 1182 1184 1186 1211 1211 1210 1184 1186 1188 1212 1212 1211 1186 1192 1191 1213 1213 1214 1192 1191 1194 1215 1215 1213 1191 1194 1196 1216 1216 1215 1194 1196 1198 1217 1217 1216 1196 1198 1164 1200 1200 1217 1198 1221 1218 1219 1219 1220 1221 1218 1222 1223 1223 1219 1218 1222 1224 1225 1225 1223 1222 1224 1226 1227 1227 1225 1224 1226 1228 1229 1229 1227 1226 1228 1230 1231 1231 1229 1228 1230 1232 1233 1233 1231 1230 1232 1234 1235 1235 1233 1232 1234 1236 1237 1237 1235 1234 1236 1238 1239 1239 1237 1236 1238 1240 1241 1241 1239 1238 1240 1242 1243 1243 1241 1240 1242 1244 1245 1245 1243 1242 1244 1246 1247 1247 1245 1244 1246 1248 1249 1249 1247 1246 1248 1250 1251 1251 1249 1248 1250 1252 1253 1253 1251 1250 1252 1221 1220 1220 1253 1252 1220 1219 1254 1219 1223 1254 1223 1225 1254 1225 1227 1254 1227 1229 1254 1229 1231 1254 1231 1233 1254 1233 1235 1254 1235 1237 1254 1237 1239 1254 1239 1241 1254 1241 1243 1254 1243 1245 1254 1245 1247 1254 1247 1249 1254 1249 1251 1254 1251 1253 1254 1253 1220 1254 1258 1255 1256 1256 1257 1258 1257 1256 1259 1259 1260 1257 1260 1259 1261 1261 1262 1260 1262 1261 1263 1263 1264 1262 1264 1263 1265 1265 1266 1264 1266 1265 1267 1267 1268 1266 1268 1267 1269 1269 1270 1268 1270 1269 1271 1271 1272 1270 1272 1271 1273 1273 1274 1272 1274 1273 1275 1275 1276 1274 1276 1275 1277 1277 1278 1276 1278 1277 1279 1279 1280 1278 1280 1279 1281 1281 1282 1280 1286 1283 1284 1284 1285 1286 1285 1284 1287 1287 1288 1285 1288 1287 1289 1289 1290 1288 1290 1289 1291 1291 1292 1290 1292 1291 1255 1255 1258 1292 1258 1257 1293 1293 1294 1258 1257 1260 1295 1295 1293 1257 1260 1262 1296 1296 1295 1260 1262 1264 1297 1297 1296 1262 1264 1266 1298 1298 1297 1264 1266 1268 1299 1299 1298 1266 1268 1270 1300 1300 1299 1268 1270 1272 1301 1301 1300 1270 1272 1274 1302 1302 1301 1272 1274 1276 1303 1303 1302 1274 1276 1278 1304 1304 1303 1276 1278 1280 1305 1305 1304 1278 1280 1282 1306 1306 1305 1280 1286 1285 1307 1307 1308 1286 1285 1288 1309 1309 1307 1285 1288 1290 1310 1310 1309 1288 1290 1292 1311 1311 1310 1290 1292 1258 1294 1294 1311 1292 1315 1312 1313 1313 1314 1315 1312 1316 1317 1317 1313 1312 1316 1318 1319 1319 1317 1316 1318 1320 1321 1321 1319 1318 1320 1322 1323 1323 1321 1320 1322 1324 1325 1325 1323 1322 1324 1326 1327 1327 1325 1324 1326 1328 1329 1329 1327 1326 1328 1330 1331 1331 1329 1328 1330 1332 1333 1333 1331 1330 1332 1334 1335 1335 1333 1332 1334 1336 1337 1337 1335 1334 1336 1338 1339 1339 1337 1336 1338 1340 1341 1341 1339 1338 1340 1342 1343 1343 1341 1340 1342 1344 1345 1345 1343 1342 1344 1346 1347 1347 1345 1344 1346 1315 1314 1314 1347 1346 1314 1313 1348 1313 1317 1348 1317 1319 1348 1319 1321 1348 1321 1323 1348 1323 1325 1348 1325 1327 1348 1327 1329 1348 1329 1331 1348 1331 1333 1348 1333 1335 1348 1335 1337 1348 1337 1339 1348 1339 1341 1348 1341 1343 1348 1343 1345 1348 1345 1347 1348 1347 1314 1348 </p>
        </polylist>
      </mesh>
    </geometry>
  </library_geometries>
  <library_visual_scenes>
    <visual_scene id="root" name="root">
      <node id="Box155" name="Box155">
        <matrix>1 0 0 0 0 1 0 0 0 0 1 0 0 0 0 1</matrix>
        <instance_geometry url="#meshId0">
          <bind_material>
            <technique_common>
              <instance_material symbol="defaultMaterial" target="#DefaultMaterial" />
            </technique_common>
          </bind_material>
        </instance_geometry>
      </node>
    </visual_scene>
  </library_visual_scenes>
  <scene>
    <instance_visual_scene url="#root" />
  </scene>
</COLLADA>
