# File generated by ImageToStl.com - Free Image and 3D model conversion tools

mtllib teatr.mtl

o obj1
v 0.06436381 -1.20855379 1.69834566
v 0.06900574 0.04509369 1.70400178
v 0.06900574 -1.20855379 1.70400178
v 0.12643397 -1.20855379 1.65687168
v 0.12179208 0.04509369 1.65121543
v 0.12179208 -1.20855379 1.65121543
v 0.12988324 -1.20855379 1.66332471
v 0.12643397 0.04509369 1.65687168
v 0.08111502 -1.20855379 1.64312434
v 0.07466193 0.04509369 1.64657354
v 0.07466193 -1.20855379 1.64657354
v 0.10968279 -1.20855379 1.712093
v 0.11613587 0.04509369 1.70864367
v 0.11613587 -1.20855379 1.70864367
v 0.06091457 -1.20855379 1.6918925
v 0.06436381 0.04509369 1.69834566
v 0.10268077 -1.20855379 1.71421707
v 0.10968279 0.04509369 1.712093
v 0.05879053 -1.20855379 1.68489051
v 0.06091457 0.04509369 1.6918925
v 0.13200729 -1.20855379 1.67032683
v 0.12988324 0.04509369 1.66332471
v 0.08811705 -1.20855379 1.64100027
v 0.08111502 0.04509369 1.64312434
v 0.09539891 -1.20855379 1.64028311
v 0.08811705 0.04509369 1.64100027
v 0.0953989 -1.20855379 1.71493423
v 0.10268077 0.04509369 1.71421707
v 0.05807334 -1.20855379 1.67760861
v 0.05879053 0.04509369 1.68489051
v 0.13272448 -1.20855379 1.67760861
v 0.13200729 0.04509369 1.67032683
v 0.13200729 -1.20855379 1.68489051
v 0.13272448 0.04509369 1.67760861
v 0.10268077 -1.20855379 1.64100027
v 0.09539891 0.04509369 1.64028311
v 0.05879053 -1.20855379 1.67032683
v 0.05807334 0.04509369 1.67760861
v 0.06091457 -1.20855379 1.66332471
v 0.05879053 0.04509369 1.67032683
v 0.12988324 -1.20855379 1.6918925
v 0.13200729 0.04509369 1.68489051
v 0.08811705 -1.20855379 1.71421707
v 0.0953989 0.04509369 1.71493423
v 0.10968279 -1.20855379 1.64312434
v 0.10268077 0.04509369 1.64100027
v 0.08111502 -1.20855379 1.712093
v 0.08811705 0.04509369 1.71421707
v 0.11613587 -1.20855379 1.64657354
v 0.10968279 0.04509369 1.64312434
v 0.06436381 -1.20855379 1.65687168
v 0.06091457 0.04509369 1.66332471
v 0.12643401 -1.20855379 1.69834566
v 0.12988324 0.04509369 1.6918925
v 0.07466193 -1.20855379 1.70864367
v 0.08111502 0.04509369 1.712093
v 0.12179208 -1.20855379 1.70400178
v 0.12643401 0.04509369 1.69834566
v 0.07466193 0.04509369 1.70864367
v 0.11613587 0.04509369 1.64657354
v 0.06900574 -1.20855379 1.65121543
v 0.06436381 0.04509369 1.65687168
v 0.06900574 0.04509369 1.65121543
v 0.12179208 0.04509369 1.70400178
v 0.06900574 -0.01438347 1.70400178
v 0.06436381 1.23926401 1.69834566
v 0.06900574 1.23926401 1.70400178
v 0.12179208 -0.01438347 1.65121543
v 0.12643397 1.23926401 1.65687168
v 0.12179208 1.23926401 1.65121543
v 0.12643397 -0.01438347 1.65687168
v 0.12988324 1.23926401 1.66332471
v 0.07466193 -0.01438347 1.64657354
v 0.08111502 1.23926401 1.64312434
v 0.07466193 1.23926401 1.64657354
v 0.11613587 -0.01438347 1.70864367
v 0.10968279 1.23926401 1.712093
v 0.11613587 1.23926401 1.70864367
v 0.06436381 -0.01438347 1.69834566
v 0.06091457 1.23926401 1.6918925
v 0.10968279 -0.01438347 1.712093
v 0.10268077 1.23926401 1.71421707
v 0.06091457 -0.01438347 1.6918925
v 0.05879053 1.23926401 1.68489051
v 0.12988324 -0.01438347 1.66332471
v 0.13200729 1.23926401 1.67032683
v 0.08111502 -0.01438347 1.64312434
v 0.08811705 1.23926401 1.64100027
v 0.08811705 -0.01438347 1.64100027
v 0.09539891 1.23926401 1.64028311
v 0.10268077 -0.01438347 1.71421707
v 0.0953989 1.23926401 1.71493423
v 0.05879053 -0.01438347 1.68489051
v 0.05807334 1.23926401 1.67760861
v 0.13200729 -0.01438347 1.67032683
v 0.13272448 1.23926401 1.67760861
v 0.13272448 -0.01438347 1.67760861
v 0.13200729 1.23926401 1.68489051
v 0.09539891 -0.01438347 1.64028311
v 0.10268077 1.23926401 1.64100027
v 0.05807334 -0.01438347 1.67760861
v 0.05879053 1.23926401 1.67032683
v 0.05879053 -0.01438347 1.67032683
v 0.06091457 1.23926401 1.66332471
v 0.13200729 -0.01438347 1.68489051
v 0.12988324 1.23926401 1.6918925
v 0.0953989 -0.01438347 1.71493423
v 0.08811705 1.23926401 1.71421707
v 0.10268077 -0.01438347 1.64100027
v 0.10968279 1.23926401 1.64312434
v 0.08811705 -0.01438347 1.71421707
v 0.08111502 1.23926401 1.712093
v 0.10968279 -0.01438347 1.64312434
v 0.11613587 1.23926401 1.64657354
v 0.06091457 -0.01438347 1.66332471
v 0.06436381 1.23926401 1.65687168
v 0.12988324 -0.01438347 1.6918925
v 0.12643401 1.23926401 1.69834566
v 0.08111502 -0.01438347 1.712093
v 0.07466193 1.23926401 1.70864367
v 0.12643401 -0.01438347 1.69834566
v 0.12179208 1.23926401 1.70400178
v 0.07466193 -0.01438347 1.70864367
v 0.11613587 -0.01438347 1.64657354
v 0.06436381 -0.01438347 1.65687168
v 0.06900574 1.23926401 1.65121543
v 0.06900574 -0.01438347 1.65121543
v 0.12179208 -0.01438347 1.70400178
v 0.62004834 -1.20848751 2.67533231
v 0.61434978 -1.19924986 2.68449235
v 0.61657596 -1.20848751 2.68659687
v 0.60423952 -1.19248748 2.67523384
v 0.61545759 -1.19717383 2.67528319
v 0.60582107 -1.20848751 2.69123387
v 0.6053974 -1.19717383 2.68652725
v 0.55262107 -1.19248748 0.1373086
v 0.56168669 -1.19924986 0.12807059
v 0.55251193 -1.19717383 0.12599492
v 0.56840277 -1.20848751 0.1373086
v 0.56377673 -1.19717121 0.1373086
v 0.55240279 -1.20848751 0.12130857
v 0.56371641 -1.20848751 0.12599492
v 0.60423952 -1.35271287 2.67523384
v 0.61426485 -1.34595072 2.68441606
v 0.6050303 -1.34802651 2.68654752
v 0.62004834 -1.33671284 2.67533231
v 0.61536962 -1.34802997 2.67491579
v 0.60582107 -1.33671284 2.69123387
v 0.61661553 -1.33671284 2.68657637
v 0.55262107 -1.35271287 0.1373086
v 0.56168652 -1.34595037 0.12807095
v 0.56382561 -1.34802639 0.1373086
v 0.55240279 -1.33671284 0.12130857
v 0.55251193 -1.34802639 0.12599492
v 0.56840277 -1.33671284 0.1373086
v 0.56367129 -1.33671272 0.12599492
v -0.61896831 -1.20887792 2.67549038
v -0.61363816 -1.19943583 2.68438768
v -0.61406106 -1.1975826 2.67469501
v -0.60582107 -1.20848751 2.69123387
v -0.61629921 -1.20868278 2.68662262
v -0.60266042 -1.19288206 2.67523861
v -0.60424072 -1.19728935 2.68654895
v -0.56775731 -1.20861828 0.13729548
v -0.56147718 -1.19930494 0.12806797
v -0.56341988 -1.20852602 0.12598836
v -0.55227625 -1.19261706 0.137308
v -0.56333041 -1.19730401 0.13730168
v -0.55240279 -1.20848751 0.12130857
v -0.55247313 -1.1972115 0.12599719
v -0.60424078 -1.34814191 2.68654895
v -0.61408979 -1.34843016 2.67485332
v -0.60266042 -1.35310757 2.67523861
v -0.60582107 -1.33671284 2.69123387
v -0.61364418 -1.34613526 2.68442059
v -0.61896831 -1.33709931 2.67549038
v -0.61629921 -1.33690608 2.68662262
v -0.56775731 -1.33684099 0.13729548
v -0.56144875 -1.34601104 0.12809038
v -0.5632093 -1.34816289 0.13740945
v -0.55240279 -1.33671284 0.12130857
v -0.56352741 -1.33677697 0.12599099
v -0.55227625 -1.35284245 0.137308
v -0.55233949 -1.3480643 0.12599456
v 0.68589252 -1.17017341 0.1344769
v 0.67913014 -1.16093576 0.14371443
v 0.68120623 -1.15885973 0.13447678
v 0.66989255 -1.17017341 0.15047693
v 0.68120623 -1.17017341 0.14579046
v 0.66989255 -1.15417337 0.1344769
v 0.66989255 -1.15885973 0.14579046
v 0.66989255 -1.39102697 0.1344769
v 0.67913014 -1.38426459 0.14371443
v 0.68120623 -1.38634062 0.13447678
v 0.66989255 -1.37502694 0.15047693
v 0.66989255 -1.38634062 0.14579046
v 0.68589252 -1.37502694 0.1344769
v 0.68120623 -1.37502694 0.14579046
v -0.68589252 -1.17017341 0.1344769
v -0.67913014 -1.16093576 0.14371443
v -0.68120623 -1.17017341 0.14579046
v -0.66989255 -1.15417337 0.1344769
v -0.68120623 -1.15885973 0.13447678
v -0.66989255 -1.17017341 0.15047693
v -0.66989255 -1.15885973 0.14579046
v -0.66989255 -1.39102697 0.1344769
v -0.67913014 -1.38426459 0.14371443
v -0.66989255 -1.38634062 0.14579046
v -0.68589252 -1.37502694 0.1344769
v -0.68120623 -1.38634062 0.13447678
v -0.66989255 -1.37502694 0.15047693
v -0.68120623 -1.37502694 0.14579046
v 0.66989255 -1.39102697 0.02972269
v 0.67913014 -1.38426459 0.02048504
v 0.66989255 -1.38634062 0.01840901
v 0.68589252 -1.37502694 0.02972269
v 0.68120623 -1.38634062 0.02972269
v 0.66989255 -1.37502694 0.01372266
v 0.68120623 -1.37502694 0.01840901
v -0.66989255 -1.39102697 0.02972269
v -0.67913014 -1.38426459 0.02048504
v -0.68120623 -1.38634062 0.02972269
v -0.66989255 -1.37502694 0.01372266
v -0.66989255 -1.38634062 0.01840901
v -0.68589252 -1.37502694 0.02972269
v -0.68120623 -1.37502694 0.01840901
v 0.68589252 -1.17017341 0.02972269
v 0.67913014 -1.16093576 0.02048504
v 0.68120623 -1.17017341 0.01840901
v 0.66989255 -1.15417337 0.02972269
v 0.68120623 -1.15885973 0.02972269
v 0.66989255 -1.17017341 0.01372266
v 0.66989255 -1.15885973 0.01840901
v -0.68589252 -1.17017341 0.02972269
v -0.67913014 -1.16093576 0.02048504
v -0.68120623 -1.15885973 0.02972269
v -0.66989255 -1.17017341 0.01372266
v -0.68120623 -1.17017341 0.01840901
v -0.66989255 -1.15417337 0.02972269
v -0.66989255 -1.15885973 0.01840901
v 0.71551138 -1.1828661 2.63041353
v 0.72443295 -1.17362845 2.63518238
v 0.72662467 -1.1828661 2.63252401
v 0.72634137 -1.17155242 2.64404154
v 0.71531099 -1.17155242 2.63524389
v 0.71511072 -1.16686606 2.64670181
v 0.73111069 -1.1828661 2.64285517
v 0.71551138 -1.36233425 2.63041353
v 0.72427988 -1.37157202 2.63537407
v 0.71457309 -1.37365031 2.63537502
v 0.73111069 -1.36233425 2.64285517
v 0.72654182 -1.36233425 2.63258362
v 0.72642434 -1.37364793 2.64477849
v 0.71511072 -1.37833428 2.64670181
v -0.6043542 -1.1828661 2.6117537
v -0.61344224 -1.17362833 2.62040639
v -0.60487992 -1.17154968 2.61660337
v -0.61997592 -1.1828661 2.63121223
v -0.61540049 -1.1828661 2.61888552
v -0.60397595 -1.16686606 2.6278162
v -0.61528957 -1.17155242 2.62951422
v -0.6043542 -1.36233425 2.6117537
v -0.61329347 -1.37157178 2.62052608
v -0.61547875 -1.36233413 2.61887264
v -0.60397595 -1.37833428 2.6278162
v -0.60416508 -1.37364781 2.61647129
v -0.61997592 -1.36233425 2.63121223
v -0.61521131 -1.37364781 2.63023043
v 0.71551138 -1.36233425 2.7895484
v 0.72443295 -1.37157178 2.78070927
v 0.72662467 -1.36233413 2.78236771
v 0.71511072 -1.37833428 2.77344298
v 0.71531099 -1.37364781 2.78480935
v 0.73111069 -1.36233425 2.76998997
v 0.72634137 -1.37364781 2.7709794
v -0.6043542 -1.36233425 2.77088857
v -0.6131447 -1.37157202 2.76588917
v -0.60344774 -1.37365067 2.76595497
v -0.61997592 -1.36233425 2.75834703
v -0.61540049 -1.36233425 2.76864767
v -0.61528957 -1.37364793 2.75650287
v -0.60397595 -1.37833428 2.7546587
v 0.71551138 -1.1828661 2.7895484
v 0.72458613 -1.17362833 2.78083158
v 0.71604663 -1.17155004 2.78467846
v 0.73111069 -1.1828661 2.76998997
v 0.72654182 -1.1828661 2.78234577
v 0.71511072 -1.16686606 2.77344298
v 0.72642434 -1.17155242 2.77171659
v -0.6043542 -1.1828661 2.77088857
v -0.61329347 -1.17362845 2.76607442
v -0.61547875 -1.1828661 2.76869535
v -0.61521131 -1.17155242 2.75721931
v -0.60416508 -1.17155242 2.76608753
v -0.60397595 -1.16686606 2.7546587
v -0.61997592 -1.1828661 2.75834703
v 0.04644748 -1.19913363 1.77087426
v 0.03878823 -1.19251013 1.78171384
v 0.04818887 -1.19461823 1.78205633
v 0.0307163 -1.18313205 1.77383769
v 0.03532523 -1.19444644 1.77296829
v 0.04890823 -1.18337488 1.78669012
v 0.03706525 -1.18330336 1.78415167
v 0.18967564 -1.19913363 1.74394774
v 0.20018545 -1.19251013 1.7513715
v 0.20079881 -1.19444644 1.74185956
v 0.19215152 -1.18337488 1.75976074
v 0.19142461 -1.19461823 1.75512826
v 0.20540863 -1.18313205 1.74099588
v 0.20254952 -1.18330336 1.75304103
v 0.04644748 -1.12148643 1.77087426
v 0.03878823 -1.12838852 1.78171384
v 0.03532523 -1.12617362 1.77296829
v 0.04890823 -1.13772774 1.78669012
v 0.04818887 -1.12634301 1.78205633
v 0.0307163 -1.13748813 1.77383769
v 0.03706525 -1.13765788 1.78415167
v 0.18967564 -1.12148643 1.74394774
v 0.20018545 -1.12838852 1.7513715
v 0.19142461 -1.12634301 1.75512826
v 0.20540863 -1.13748813 1.74099588
v 0.20079881 -1.12617362 1.74185956
v 0.19215152 -1.13772774 1.75976074
v 0.20254952 -1.13765788 1.75304103
v 0.03001851 -1.19575441 1.54599738
v 0.02053819 -1.18887162 1.53928614
v 0.01791517 -1.19106376 1.54799747
v 0.01878891 -1.17963147 1.53806591
v 0.02791275 -1.1908828 1.53388822
v 0.02937324 -1.17947638 1.52736437
v 0.01223871 -1.17978668 1.55161738
v 0.13719392 -1.19575036 1.52557564
v 0.14357944 -1.1888715 1.51653957
v 0.13265449 -1.1908797 1.51397181
v 0.15562385 -1.17979145 1.52499092
v 0.14964889 -1.19110405 1.52597821
v 0.13159014 -1.17947423 1.50801134
v 0.14568643 -1.17959499 1.51355839
v 0.03001851 -1.1181072 1.54599738
v 0.02052721 -1.1247499 1.53930879
v 0.02788098 -1.12260842 1.53390872
v 0.01878891 -1.13398612 1.53806591
v 0.01789406 -1.12279129 1.54808629
v 0.01223871 -1.13414276 1.55161738
v 0.02937324 -1.13382947 1.52736437
v 0.13719392 -1.11810315 1.52557564
v 0.14357944 -1.1247499 1.51653957
v 0.14964889 -1.12283099 1.52597821
v 0.13159014 -1.13382757 1.50801134
v 0.13265449 -1.12260461 1.51397181
v 0.15562385 -1.13414764 1.52499092
v 0.14568643 -1.13394976 1.51355839
v 0.62004834 1.23919773 2.67533231
v 0.61426485 1.22996008 2.68441606
v 0.61536962 1.2278806 2.67491579
v 0.60582107 1.23919773 2.69123387
v 0.61661553 1.23919773 2.68657637
v 0.60423952 1.2231977 2.67523384
v 0.60503024 1.22788405 2.68654752
v 0.55262107 1.2231977 0.1373086
v 0.56168652 1.22996008 0.12807095
v 0.56382561 1.22788405 0.1373086
v 0.55240279 1.23919773 0.12130857
v 0.55251193 1.22788405 0.12599492
v 0.56840277 1.23919773 0.1373086
v 0.56367129 1.23919773 0.12599492
v 0.60423952 1.38342309 2.67523384
v 0.61434978 1.37666059 2.68449211
v 0.61545759 1.37873662 2.67528296
v 0.60582107 1.36742306 2.69123387
v 0.6053974 1.37873662 2.68652725
v 0.62004834 1.36742306 2.67533231
v 0.61657596 1.36742294 2.68659687
v 0.55262107 1.38342309 0.1373086
v 0.56168669 1.37666094 0.12807059
v 0.55251181 1.37873673 0.12599492
v 0.56840277 1.36742306 0.1373086
v 0.56377673 1.37873936 0.13730848
v 0.55240279 1.36742306 0.12130857
v 0.56371641 1.36742306 0.12599492
v -0.61896831 1.23958814 2.67549038
v -0.61363816 1.23014593 2.68438768
v -0.61629921 1.239393 2.68662262
v -0.60266042 1.2235924 2.67523861
v -0.614061 1.2282927 2.67469501
v -0.60582107 1.23919773 2.69123387
v -0.60424072 1.22799945 2.68654895
v -0.56775737 1.2393285 0.13729548
v -0.56144828 1.23002076 0.12810099
v -0.56320733 1.22800887 0.1374613
v -0.55240279 1.23919773 0.12130857
v -0.56352741 1.23926306 0.12599099
v -0.55227625 1.22332728 0.137308
v -0.55233955 1.22792184 0.12599456
v -0.61408979 1.37914026 2.67485332
v -0.60424066 1.37885237 2.68654895
v -0.60266042 1.38381767 2.67523861
v -0.61896831 1.36780953 2.67549038
v -0.61364412 1.37684548 2.68442059
v -0.60582107 1.36742306 2.69123387
v -0.61629921 1.3676163 2.68662262
v -0.56775731 1.36755121 0.13729548
v -0.56147718 1.37671518 0.12806797
v -0.56341988 1.36746025 0.12598836
v -0.55227625 1.38355267 0.137308
v -0.56333041 1.3788656 0.13730168
v -0.55240279 1.36742306 0.12130857
v -0.55247313 1.378775 0.12599719
v 0.68589252 1.20088363 0.1344769
v 0.67913014 1.19164598 0.14371443
v 0.68120623 1.20088363 0.14579046
v 0.66989255 1.18488359 0.1344769
v 0.68120623 1.18956995 0.13447678
v 0.66989255 1.20088363 0.15047693
v 0.66989255 1.18956995 0.14579046
v 0.66989255 1.42173719 0.1344769
v 0.67913014 1.41497481 0.14371443
v 0.66989255 1.41705084 0.14579046
v 0.68589252 1.40573716 0.1344769
v 0.68120623 1.41705084 0.13447678
v 0.66989255 1.40573716 0.15047693
v 0.68120623 1.40573716 0.14579046
v -0.68589252 1.20088363 0.1344769
v -0.67913014 1.19164598 0.14371443
v -0.68120623 1.18956995 0.13447678
v -0.66989255 1.20088363 0.15047693
v -0.68120623 1.20088363 0.14579046
v -0.66989255 1.18488359 0.1344769
v -0.66989255 1.18956995 0.14579046
v -0.66989255 1.42173719 0.1344769
v -0.67913014 1.41497481 0.14371443
v -0.68120623 1.41705084 0.13447678
v -0.66989255 1.40573716 0.15047693
v -0.66989255 1.41705084 0.14579046
v -0.68589252 1.40573716 0.1344769
v -0.68120623 1.40573716 0.14579046
v 0.66989255 1.42173719 0.02972269
v 0.67913014 1.41497481 0.02048504
v 0.68120623 1.41705084 0.02972269
v 0.66989255 1.40573716 0.01372266
v 0.66989255 1.41705084 0.01840901
v 0.68589252 1.40573716 0.02972269
v 0.68120623 1.40573716 0.01840901
v -0.66989255 1.42173719 0.02972269
v -0.67913014 1.41497481 0.02048504
v -0.66989255 1.41705084 0.01840901
v -0.68589252 1.40573716 0.02972269
v -0.68120623 1.41705084 0.02972269
v -0.66989255 1.40573716 0.01372266
v -0.68120623 1.40573716 0.01840901
v 0.68589252 1.20088363 0.02972269
v 0.67913014 1.19164598 0.02048504
v 0.68120623 1.18956995 0.02972269
v 0.66989255 1.20088363 0.01372266
v 0.68120623 1.20088363 0.01840901
v 0.66989255 1.18488359 0.02972269
v 0.66989255 1.18956995 0.01840901
v -0.68589252 1.20088363 0.02972269
v -0.67913014 1.19164598 0.02048504
v -0.68120623 1.20088363 0.01840901
v -0.66989255 1.18488359 0.02972269
v -0.68120623 1.18956995 0.02972269
v -0.66989255 1.20088363 0.01372266
v -0.66989255 1.18956995 0.01840901
v 0.71551138 1.21357632 2.63041353
v 0.72427988 1.20433855 2.63537407
v 0.71457309 1.20226026 2.63537502
v 0.73111069 1.21357632 2.64285517
v 0.72654182 1.2135762 2.63258362
v 0.72642434 1.20226264 2.64477825
v 0.71511072 1.19757628 2.64670181
v 0.71551138 1.39304447 2.63041353
v 0.72443295 1.402282 2.63518238
v 0.72662467 1.39304435 2.63252401
v 0.72634137 1.40435803 2.64404154
v 0.71531099 1.40435803 2.63524389
v 0.71511072 1.4090445 2.64670181
v 0.73111069 1.39304447 2.64285517
v -0.6043542 1.21357632 2.6117537
v -0.61329347 1.20433867 2.62052608
v -0.61547875 1.21357632 2.61887264
v -0.60397595 1.19757628 2.6278162
v -0.60416508 1.20226264 2.61647129
v -0.61997592 1.21357632 2.63121223
v -0.61521131 1.20226264 2.63023043
v -0.6043542 1.39304447 2.6117537
v -0.61344224 1.40228224 2.62040639
v -0.60487992 1.40436089 2.61660337
v -0.61997592 1.39304447 2.63121223
v -0.61540049 1.39304447 2.61888552
v -0.60397595 1.4090445 2.6278162
v -0.61528957 1.40435815 2.62951422
v 0.71551138 1.39304447 2.7895484
v 0.72458613 1.40228224 2.78083158
v 0.71604663 1.40436065 2.78467846
v 0.73111069 1.39304447 2.76998997
v 0.72654182 1.39304447 2.78234577
v 0.71511072 1.4090445 2.77344298
v 0.72642434 1.40435815 2.77171659
v -0.6043542 1.39304447 2.77088857
v -0.61329347 1.402282 2.76607442
v -0.61547875 1.39304435 2.76869535
v -0.61521131 1.40435803 2.75721931
v -0.60416508 1.40435803 2.76608753
v -0.60397595 1.4090445 2.7546587
v -0.61997592 1.39304447 2.75834703
v 0.71551138 1.21357632 2.7895484
v 0.72443295 1.20433867 2.78070927
v 0.72662467 1.21357632 2.78236771
v 0.71511072 1.19757628 2.77344298
v 0.71531099 1.20226264 2.78480935
v 0.73111069 1.21357632 2.76998997
v 0.72634137 1.20226264 2.7709794
v -0.6043542 1.21357632 2.77088857
v -0.6131447 1.20433855 2.76588917
v -0.60344774 1.2022599 2.76595497
v -0.61997592 1.21357632 2.75834703
v -0.61540049 1.21357632 2.76864767
v -0.61528957 1.20226264 2.75650287
v -0.60397595 1.19757628 2.7546587
v 0.04644748 1.22984385 1.77087426
v 0.03878823 1.22322035 1.78171384
v 0.03532523 1.22515666 1.77296829
v 0.04890823 1.2140851 1.78669012
v 0.04818887 1.22532845 1.78205633
v 0.0307163 1.21384227 1.77383769
v 0.03706525 1.21401358 1.78415167
v 0.18967564 1.22984385 1.74394774
v 0.20018545 1.22322035 1.7513715
v 0.19142461 1.22532845 1.75512826
v 0.20540863 1.21384227 1.74099588
v 0.20079881 1.22515666 1.74185956
v 0.19215152 1.2140851 1.75976074
v 0.20254952 1.21401358 1.75304103
v 0.04644748 1.15219665 1.77087426
v 0.03878823 1.15909874 1.78171384
v 0.04818887 1.15705323 1.78205633
v 0.0307163 1.16819835 1.77383769
v 0.03532523 1.15688384 1.77296829
v 0.04890823 1.16843796 1.78669012
v 0.03706525 1.1683681 1.78415167
v 0.18967564 1.15219665 1.74394774
v 0.20018545 1.15909874 1.7513715
v 0.20079881 1.15688384 1.74185956
v 0.19215152 1.16843796 1.75976074
v 0.19142461 1.15705323 1.75512826
v 0.20540863 1.16819835 1.74099588
v 0.20254952 1.1683681 1.75304103
v 0.03001851 1.22646463 1.54599738
v 0.02053819 1.21958184 1.53928614
v 0.02791275 1.22159302 1.53388822
v 0.0187889 1.21034169 1.53806591
v 0.01791516 1.22177398 1.54799747
v 0.01223871 1.2104969 1.55161738
v 0.02937324 1.2101866 1.52736437
v 0.13719392 1.22646058 1.52557564
v 0.14357944 1.21958172 1.51653945
v 0.14964889 1.22181427 1.52597821
v 0.13159014 1.21018445 1.50801134
v 0.13265449 1.22158992 1.51397181
v 0.15562385 1.21050167 1.52499092
v 0.14568643 1.21030521 1.51355839
v 0.03001851 1.14881742 1.54599738
v 0.02052721 1.15546 1.53930879
v 0.01789406 1.15350151 1.54808629
v 0.01878891 1.16469634 1.53806591
v 0.02788098 1.15331852 1.53390872
v 0.02937324 1.16453969 1.52736437
v 0.01223871 1.16485298 1.55161738
v 0.13719392 1.14881337 1.52557564
v 0.14357944 1.15546012 1.51653957
v 0.13265449 1.15331483 1.51397181
v 0.15562385 1.16485786 1.52499092
v 0.14964889 1.15354121 1.52597821
v 0.13159014 1.16453779 1.50801134
v 0.14568643 1.16465998 1.51355839
v -0.5126316 -1.1828661 2.59144759
v -0.46563631 -1.17155242 2.58994079
v -0.46563631 -1.1828661 2.5852201
v -0.5126316 -1.17155242 2.59617376
v -0.46563631 -1.16686606 2.60133743
v -0.46563631 -1.1828661 2.7443552
v -0.5126316 -1.17155242 2.74585605
v -0.5126316 -1.1828661 2.75058246
v -0.46563631 -1.17155242 2.73963451
v -0.5126316 -1.16686606 2.73444605
v -0.41202331 -1.17155242 2.58536005
v -0.41202331 -1.1828661 2.58064461
v -0.41202331 -1.16686606 2.59674406
v -0.41202331 -1.1828661 2.73977947
v -0.41202331 -1.17155242 2.73506403
v -0.46563631 -1.16686606 2.72823787
v -0.35385293 -1.17155242 2.58260822
v -0.35385293 -1.1828661 2.5778966
v -0.35385293 -1.16686606 2.59398365
v -0.35385293 -1.1828661 2.73703146
v -0.35385293 -1.17155242 2.73231983
v -0.41202331 -1.16686606 2.72367978
v -0.29336059 -1.17155242 2.58179164
v -0.29336059 -1.1828661 2.57708168
v -0.29336059 -1.16686606 2.59316254
v -0.29336059 -1.1828661 2.73621655
v -0.29336059 -1.17155242 2.73150682
v -0.35385293 -1.16686606 2.7209444
v -0.23287098 -1.1828661 2.57823157
v -0.23287098 -1.17155242 2.58294153
v -0.23287098 -1.16686606 2.59431219
v -0.23287098 -1.17155242 2.73265648
v -0.23287098 -1.16686606 2.72128582
v -0.29336059 -1.16686606 2.72013569
v -0.17470869 -1.1828661 2.58130169
v -0.17470869 -1.17155242 2.58601308
v -0.17470869 -1.16686606 2.59738779
v -0.23287098 -1.1828661 2.73736644
v -0.17470869 -1.17155242 2.73572516
v -0.17470869 -1.16686606 2.72435045
v -0.12110887 -1.1828661 2.58617425
v -0.12110887 -1.17155242 2.59088826
v -0.12110887 -1.16686606 2.60226917
v -0.17470869 -1.1828661 2.74043655
v -0.12110887 -1.17155242 2.74059486
v -0.12110887 -1.16686606 2.72921419
v -0.07413132 -1.1828661 2.59266186
v -0.07413132 -1.17155242 2.59737825
v -0.07413132 -1.16686606 2.60876489
v -0.12110887 -1.1828661 2.74530911
v -0.07413131 -1.17155242 2.74708033
v -0.07413131 -1.16686606 2.73569393
v -0.07413131 -1.36233425 2.59266186
v -0.12110887 -1.37364793 2.59088826
v -0.12110887 -1.36233425 2.58617425
v -0.07413131 -1.37364793 2.59737825
v -0.12110887 -1.37833428 2.60226917
v -0.12110887 -1.36233425 2.74530911
v -0.07413132 -1.37364793 2.74708033
v -0.07413132 -1.36233425 2.75179672
v -0.12110887 -1.37364793 2.74059486
v -0.07413132 -1.37833428 2.73569393
v -0.17470869 -1.37364793 2.58601308
v -0.17470869 -1.36233425 2.58130169
v -0.17470869 -1.37833428 2.59738779
v -0.17470869 -1.36233425 2.74043655
v -0.17470869 -1.37364793 2.73572516
v -0.12110887 -1.37833428 2.72921419
v -0.23287098 -1.37364793 2.58294153
v -0.23287098 -1.36233425 2.57823157
v -0.23287098 -1.37833428 2.59431219
v -0.23287098 -1.36233425 2.73736644
v -0.23287098 -1.37364793 2.73265648
v -0.17470869 -1.37833428 2.72435045
v -0.29336059 -1.37364793 2.58179164
v -0.29336059 -1.36233425 2.57708168
v -0.29336059 -1.37833428 2.59316254
v -0.29336059 -1.36233425 2.73621655
v -0.29336059 -1.37364793 2.73150682
v -0.23287098 -1.37833428 2.72128582
v -0.35385293 -1.36233425 2.5778966
v -0.35385293 -1.37364793 2.58260822
v -0.35385293 -1.37833428 2.59398365
v -0.35385293 -1.37364793 2.73231983
v -0.35385293 -1.37833428 2.7209444
v -0.29336059 -1.37833428 2.72013569
v -0.41202331 -1.36233425 2.58064461
v -0.41202331 -1.37364793 2.58536005
v -0.41202331 -1.37833428 2.59674406
v -0.35385293 -1.36233425 2.73703146
v -0.41202331 -1.37364793 2.73506403
v -0.41202331 -1.37833428 2.72367978
v -0.46563631 -1.36233425 2.5852201
v -0.46563631 -1.37364793 2.58994079
v -0.46563631 -1.37833428 2.60133743
v -0.41202331 -1.36233425 2.73977947
v -0.46563631 -1.37364793 2.73963451
v -0.46563631 -1.37833428 2.72823787
v -0.5126316 -1.36233425 2.59144759
v -0.5126316 -1.37364793 2.59617376
v -0.5126316 -1.37833428 2.607584
v -0.46563631 -1.36233425 2.7443552
v -0.5126316 -1.37364793 2.74585605
v -0.5126316 -1.37833428 2.73444605
v 0.25716138 -1.37833428 2.66431618
v 0.30411214 -1.37364793 2.65914321
v 0.30411214 -1.37833428 2.67052674
v 0.25716138 -1.37364793 2.65292907
v 0.30411214 -1.36233425 2.65442801
v 0.25716135 -1.16686606 2.66431618
v 0.30411208 -1.17155242 2.65914321
v 0.25716135 -1.17155242 2.65292907
v 0.30411208 -1.1828661 2.65442801
v 0.25716135 -1.1828661 2.64821243
v 0.35763261 -1.37364793 2.66320825
v 0.35763261 -1.37833428 2.67458868
v 0.35763261 -1.36233425 2.65849423
v 0.30411208 -1.16686606 2.67052674
v 0.35763255 -1.17155242 2.66320825
v 0.35763255 -1.1828661 2.65849423
v 0.41566604 -1.37364793 2.66496944
v 0.41566604 -1.37833428 2.67635059
v 0.41566604 -1.36233425 2.66025519
v 0.35763255 -1.16686606 2.67458868
v 0.41566598 -1.17155242 2.66496944
v 0.41566598 -1.1828661 2.66025519
v 0.47598225 -1.37833428 2.67574668
v 0.47598225 -1.37364793 2.66435957
v 0.47598225 -1.36233425 2.65964317
v 0.47598219 -1.16686606 2.67574668
v 0.41566598 -1.16686606 2.67635059
v 0.47598219 -1.17155242 2.66435957
v 0.53626323 -1.37833428 2.67280102
v 0.53626323 -1.37364793 2.6614027
v 0.53626323 -1.36233425 2.65668154
v 0.53626323 -1.16686606 2.67280102
v 0.53626323 -1.17155242 2.6614027
v 0.47598219 -1.1828661 2.65964317
v 0.59419256 -1.37833428 2.66762567
v 0.59419256 -1.37364793 2.65621185
v 0.59419256 -1.36233425 2.65148425
v 0.5941925 -1.16686606 2.66762567
v 0.5941925 -1.17155242 2.65621185
v 0.53626323 -1.1828661 2.65668154
v 0.64754397 -1.37833428 2.6604178
v 0.64754397 -1.37364793 2.6489861
v 0.64754397 -1.36233425 2.64425087
v 0.64754391 -1.16686606 2.6604178
v 0.64754391 -1.17155242 2.6489861
v 0.5941925 -1.1828661 2.65148425
v 0.69426721 -1.37833428 2.65144777
v 0.69426721 -1.37364793 2.64000106
v 0.69426721 -1.36233425 2.63525963
v 0.69426721 -1.16686606 2.65144777
v 0.69426721 -1.17155242 2.64000106
v 0.64754391 -1.1828661 2.64425087
v 0.30411214 -1.16686606 2.79746389
v 0.25716138 -1.17155242 2.80263042
v 0.30411214 -1.17155242 2.80884743
v 0.25716138 -1.1828661 2.8073473
v 0.30411214 -1.1828661 2.81356287
v 0.30411214 -1.37833428 2.79746389
v 0.25716138 -1.37364793 2.80263042
v 0.25716138 -1.37833428 2.79124308
v 0.30411214 -1.37364793 2.80884743
v 0.25716138 -1.36233425 2.8073473
v 0.35763261 -1.16686606 2.80153465
v 0.35763261 -1.17155242 2.81291533
v 0.35763261 -1.1828661 2.8176291
v 0.35763261 -1.37833428 2.80153465
v 0.35763261 -1.37364793 2.81291533
v 0.30411214 -1.36233425 2.81356287
v 0.41566604 -1.16686606 2.80329466
v 0.41566604 -1.17155242 2.81467581
v 0.41566604 -1.1828661 2.81939006
v 0.41566604 -1.37833428 2.80329466
v 0.41566604 -1.37364793 2.81467581
v 0.35763261 -1.36233425 2.8176291
v 0.47598219 -1.17155242 2.8140614
v 0.47598219 -1.16686606 2.80267429
v 0.47598219 -1.1828661 2.81877804
v 0.47598225 -1.37364793 2.8140614
v 0.47598225 -1.36233425 2.81877804
v 0.41566604 -1.36233425 2.81939006
v 0.53626323 -1.17155242 2.811095
v 0.53626323 -1.16686606 2.79969692
v 0.53626323 -1.1828661 2.8158164
v 0.47598225 -1.37833428 2.80267429
v 0.53626323 -1.37364793 2.811095
v 0.53626323 -1.36233425 2.8158164
v 0.59419256 -1.17155242 2.80589151
v 0.59419256 -1.16686606 2.79447746
v 0.59419256 -1.1828661 2.81061912
v 0.53626323 -1.37833428 2.79969692
v 0.59419256 -1.37364793 2.80589151
v 0.59419256 -1.36233425 2.81061912
v 0.64754397 -1.17155242 2.79865074
v 0.64754397 -1.16686606 2.78721905
v 0.64754397 -1.1828661 2.80338573
v 0.59419256 -1.37833428 2.79447746
v 0.64754397 -1.37364793 2.79865074
v 0.64754397 -1.36233425 2.80338573
v 0.69426721 -1.17155242 2.78965306
v 0.69426721 -1.16686606 2.77820635
v 0.69426721 -1.1828661 2.79439449
v 0.64754397 -1.37833428 2.78721905
v 0.69426721 -1.37364793 2.78965306
v 0.69426721 -1.36233425 2.79439449
v -0.5126316 -1.36233425 2.75058246
v -0.07413131 -1.37833428 2.60876489
v 0.25716138 -1.36233425 2.64821243
v -0.5126316 -1.16686606 2.607584
v -0.07413131 -1.1828661 2.75179672
v 0.25716138 -1.16686606 2.79124308
v 0.69426721 -1.1828661 2.63525963
v 0.69426721 -1.37833428 2.77820635
v 0.58708316 -1.20848751 2.33445501
v 0.60062772 -1.19717383 2.54260159
v 0.60576355 -1.20848751 2.54719663
v 0.58220953 -1.19717383 2.33277893
v 0.58822882 -1.19248748 2.53150797
v 0.57340819 -1.20848751 2.08836341
v 0.5687232 -1.19717383 2.0900569
v 0.57044363 -1.19248748 2.32873273
v 0.56378293 -1.19717383 1.87948155
v 0.55262977 -1.19248748 1.89063466
v 0.55741286 -1.19248748 2.0941453
v 0.57340819 -1.33671284 2.08836317
v 0.56378293 -1.34802651 1.87948155
v 0.56840277 -1.33671284 1.87486172
v 0.5687232 -1.34802651 2.0900569
v 0.55262977 -1.35271287 1.89063466
v 0.58220953 -1.34802651 2.33277893
v 0.57044363 -1.35271287 2.32873249
v 0.55741286 -1.35271287 2.0941453
v 0.58708316 -1.33671284 2.33445501
v 0.60062772 -1.34802651 2.54260159
v 0.58822882 -1.35271287 2.53150797
v 0.56840277 -1.20848751 1.87486172
v 0.60576355 -1.33671284 2.54719663
v -0.53032207 -1.34851944 2.03370738
v -0.57980376 -1.35302532 2.48563075
v -0.58497512 -1.34172809 2.48788881
v -0.52552485 -1.35976911 2.03461933
v -0.56731904 -1.35766923 2.48017979
v -0.50584453 -1.3606801 1.51224065
v -0.49454942 -1.36519325 1.52336156
v -0.51394349 -1.36429822 2.03682041
v -0.51052314 -1.34943748 1.50763416
v -0.52603972 -1.35551548 1.05847836
v -0.51434612 -1.36011612 1.07742679
v -0.51052314 -1.22121501 1.50763416
v -0.52603972 -1.20466352 1.05847836
v -0.53088343 -1.21601379 1.05062962
v -0.50584459 -1.20982814 1.51224053
v -0.51434612 -1.19989073 1.07742667
v -0.53032207 -1.22029698 2.03370738
v -0.52552485 -1.2089169 2.03461933
v -0.49454942 -1.20496786 1.52336144
v -0.57980376 -1.20217347 2.48563075
v -0.56731904 -1.19744384 2.48017979
v -0.51394349 -1.20407259 2.03682041
v -0.58497512 -1.21350634 2.48788881
v -0.53088343 -1.34423649 1.05062973
v 0.09123966 -1.1178292 1.51571894
v 0.09138704 -1.12234473 1.50418067
v 0.09123966 -1.19547629 1.51571894
v 0.09138704 -1.19061923 1.50418067
v 0.09144808 -1.17923486 1.49940133
v 0.1618387 -1.11876512 1.56559718
v 0.17266607 -1.12342286 1.56160367
v 0.17715092 -1.13472581 1.55994952
v 0.1618387 -1.19641244 1.56559718
v 0.17266607 -1.19169641 1.56160367
v 0.07095932 -1.19547641 1.51953149
v 0.0666842 -1.19061947 1.50882471
v 0.07095932 -1.11782908 1.51953149
v 0.0666842 -1.12234497 1.50882471
v 0.06491338 -1.13358796 1.50438976
v 0.0187519 -1.19642615 1.59342933
v 0.00723079 -1.1917007 1.59297812
v 0.0024586 -1.18036962 1.59279132
v 0.0187519 -1.11877906 1.59342933
v 0.00723079 -1.12342691 1.59297812
v 0.0024586 -1.13472581 1.59279132
v 0.06491338 -1.17923486 1.50438976
v 0.09144808 -1.13358796 1.49940133
v -0.46563631 1.19757628 2.60133743
v -0.5126316 1.20226264 2.59617376
v -0.46563631 1.20226264 2.58994079
v -0.5126316 1.21357632 2.59144759
v -0.46563631 1.21357632 2.5852201
v -0.5126316 1.19757628 2.73444605
v -0.46563631 1.20226264 2.73963451
v -0.5126316 1.20226264 2.74585605
v -0.46563631 1.21357632 2.7443552
v -0.5126316 1.21357632 2.75058246
v -0.41202331 1.19757628 2.59674406
v -0.41202331 1.20226264 2.58536005
v -0.41202331 1.21357632 2.58064461
v -0.46563631 1.19757628 2.72823787
v -0.41202331 1.20226264 2.73506403
v -0.41202331 1.21357632 2.73977947
v -0.35385293 1.19757628 2.59398365
v -0.35385293 1.20226264 2.58260822
v -0.35385293 1.21357632 2.5778966
v -0.41202331 1.19757628 2.72367978
v -0.35385293 1.20226264 2.73231983
v -0.35385293 1.21357632 2.73703146
v -0.29336059 1.19757628 2.59316254
v -0.29336059 1.20226264 2.58179164
v -0.29336059 1.21357632 2.57708168
v -0.35385293 1.19757628 2.7209444
v -0.29336059 1.20226264 2.73150682
v -0.29336059 1.21357632 2.73621655
v -0.23287098 1.20226264 2.58294153
v -0.23287098 1.19757628 2.59431219
v -0.23287098 1.21357632 2.57823157
v -0.23287098 1.19757628 2.72128582
v -0.29336059 1.19757628 2.72013569
v -0.23287098 1.20226264 2.73265648
v -0.17470869 1.20226264 2.58601308
v -0.17470869 1.19757628 2.59738779
v -0.17470869 1.21357632 2.58130169
v -0.17470869 1.19757628 2.72435045
v -0.17470869 1.20226264 2.73572516
v -0.23287098 1.21357632 2.73736644
v -0.12110887 1.20226264 2.59088826
v -0.12110887 1.19757628 2.60226917
v -0.12110887 1.21357632 2.58617425
v -0.12110887 1.19757628 2.72921419
v -0.12110887 1.20226264 2.74059486
v -0.17470869 1.21357632 2.74043655
v -0.07413132 1.20226264 2.59737825
v -0.07413132 1.19757628 2.60876489
v -0.07413132 1.21357632 2.59266186
v -0.07413131 1.19757628 2.73569393
v -0.07413131 1.20226264 2.74708033
v -0.12110887 1.21357632 2.74530911
v -0.12110887 1.4090445 2.60226917
v -0.07413131 1.40435815 2.59737825
v -0.12110887 1.40435815 2.59088826
v -0.07413131 1.39304447 2.59266186
v -0.12110887 1.39304447 2.58617425
v -0.07413132 1.4090445 2.73569393
v -0.12110887 1.40435815 2.74059486
v -0.07413132 1.40435815 2.74708033
v -0.12110887 1.39304447 2.74530911
v -0.07413132 1.39304447 2.75179672
v -0.17470869 1.4090445 2.59738779
v -0.17470869 1.40435815 2.58601308
v -0.17470869 1.39304447 2.58130169
v -0.12110887 1.4090445 2.72921419
v -0.17470869 1.40435815 2.73572516
v -0.17470869 1.39304447 2.74043655
v -0.23287098 1.4090445 2.59431219
v -0.23287098 1.40435815 2.58294153
v -0.23287098 1.39304447 2.57823157
v -0.17470869 1.4090445 2.72435045
v -0.23287098 1.40435815 2.73265648
v -0.23287098 1.39304447 2.73736644
v -0.29336059 1.4090445 2.59316254
v -0.29336059 1.40435815 2.58179164
v -0.29336059 1.39304447 2.57708168
v -0.23287098 1.4090445 2.72128582
v -0.29336059 1.40435815 2.73150682
v -0.29336059 1.39304447 2.73621655
v -0.35385293 1.40435815 2.58260822
v -0.35385293 1.4090445 2.59398365
v -0.35385293 1.39304447 2.5778966
v -0.35385293 1.4090445 2.7209444
v -0.29336059 1.4090445 2.72013569
v -0.35385293 1.40435815 2.73231983
v -0.41202331 1.40435815 2.58536005
v -0.41202331 1.4090445 2.59674406
v -0.41202331 1.39304447 2.58064461
v -0.41202331 1.4090445 2.72367978
v -0.41202331 1.40435815 2.73506403
v -0.35385293 1.39304447 2.73703146
v -0.46563631 1.40435815 2.58994079
v -0.46563631 1.4090445 2.60133743
v -0.46563631 1.39304447 2.5852201
v -0.46563631 1.4090445 2.72823787
v -0.46563631 1.40435815 2.73963451
v -0.41202331 1.39304447 2.73977947
v -0.5126316 1.40435815 2.59617376
v -0.5126316 1.4090445 2.607584
v -0.5126316 1.39304447 2.59144759
v -0.5126316 1.4090445 2.73444605
v -0.5126316 1.40435815 2.74585605
v -0.46563631 1.39304447 2.7443552
v 0.30411214 1.39304447 2.65442801
v 0.25716138 1.40435815 2.65292907
v 0.30411214 1.40435815 2.65914321
v 0.25716138 1.4090445 2.66431618
v 0.30411214 1.4090445 2.67052674
v 0.30411208 1.21357632 2.65442801
v 0.25716135 1.20226264 2.65292907
v 0.25716135 1.21357632 2.64821243
v 0.30411208 1.20226264 2.65914321
v 0.25716135 1.19757628 2.66431618
v 0.35763261 1.39304447 2.65849423
v 0.35763261 1.40435815 2.66320825
v 0.35763261 1.4090445 2.67458868
v 0.35763255 1.21357632 2.65849423
v 0.35763255 1.20226264 2.66320825
v 0.30411208 1.19757628 2.67052674
v 0.41566604 1.39304447 2.66025519
v 0.41566604 1.40435815 2.66496944
v 0.41566604 1.4090445 2.67635059
v 0.41566598 1.21357632 2.66025519
v 0.41566598 1.20226264 2.66496944
v 0.35763255 1.19757628 2.67458868
v 0.47598225 1.40435815 2.66435957
v 0.47598225 1.39304447 2.65964317
v 0.47598225 1.4090445 2.67574668
v 0.47598219 1.20226264 2.66435957
v 0.47598219 1.19757628 2.67574668
v 0.41566598 1.19757628 2.67635059
v 0.53626323 1.40435815 2.6614027
v 0.53626323 1.39304447 2.65668154
v 0.53626323 1.4090445 2.67280102
v 0.47598219 1.21357632 2.65964317
v 0.53626323 1.20226264 2.6614027
v 0.53626323 1.19757628 2.67280102
v 0.59419256 1.40435815 2.65621185
v 0.59419256 1.39304447 2.65148425
v 0.59419256 1.4090445 2.66762567
v 0.53626323 1.21357632 2.65668154
v 0.5941925 1.20226264 2.65621185
v 0.5941925 1.19757628 2.66762567
v 0.64754397 1.40435815 2.6489861
v 0.64754397 1.39304447 2.64425087
v 0.64754397 1.4090445 2.6604178
v 0.5941925 1.21357632 2.65148425
v 0.64754391 1.20226264 2.6489861
v 0.64754391 1.19757628 2.6604178
v 0.69426721 1.40435815 2.64000106
v 0.69426721 1.39304447 2.63525963
v 0.69426721 1.4090445 2.65144777
v 0.64754391 1.21357632 2.64425087
v 0.69426721 1.20226264 2.64000106
v 0.69426721 1.19757628 2.65144777
v 0.25716138 1.21357632 2.8073473
v 0.30411214 1.20226264 2.80884743
v 0.30411214 1.21357632 2.81356287
v 0.25716138 1.20226264 2.80263042
v 0.30411214 1.19757628 2.79746389
v 0.25716138 1.39304447 2.8073473
v 0.30411214 1.40435815 2.80884743
v 0.25716138 1.40435815 2.80263042
v 0.30411214 1.4090445 2.79746389
v 0.25716138 1.4090445 2.79124308
v 0.35763261 1.20226264 2.81291533
v 0.35763261 1.21357632 2.8176291
v 0.35763261 1.19757628 2.80153465
v 0.30411214 1.39304447 2.81356287
v 0.35763261 1.40435815 2.81291533
v 0.35763261 1.4090445 2.80153465
v 0.41566604 1.20226264 2.81467581
v 0.41566604 1.21357632 2.81939006
v 0.41566604 1.19757628 2.80329466
v 0.35763261 1.39304447 2.8176291
v 0.41566604 1.40435815 2.81467581
v 0.41566604 1.4090445 2.80329466
v 0.47598219 1.21357632 2.81877804
v 0.47598219 1.20226264 2.8140614
v 0.47598219 1.19757628 2.80267429
v 0.47598225 1.39304447 2.81877804
v 0.41566604 1.39304447 2.81939006
v 0.47598225 1.40435815 2.8140614
v 0.53626323 1.21357632 2.8158164
v 0.53626323 1.20226264 2.811095
v 0.53626323 1.19757628 2.79969692
v 0.53626323 1.39304447 2.8158164
v 0.53626323 1.40435815 2.811095
v 0.47598225 1.4090445 2.80267429
v 0.59419256 1.21357632 2.81061912
v 0.59419256 1.20226264 2.80589151
v 0.59419256 1.19757628 2.79447746
v 0.59419256 1.39304447 2.81061912
v 0.59419256 1.40435815 2.80589151
v 0.53626323 1.4090445 2.79969692
v 0.64754397 1.21357632 2.80338573
v 0.64754397 1.20226264 2.79865074
v 0.64754397 1.19757628 2.78721905
v 0.64754397 1.39304447 2.80338573
v 0.64754397 1.40435815 2.79865074
v 0.59419256 1.4090445 2.79447746
v 0.69426721 1.21357632 2.79439449
v 0.69426721 1.20226264 2.78965306
v 0.69426721 1.19757628 2.77820635
v 0.69426721 1.39304447 2.79439449
v 0.69426721 1.40435815 2.78965306
v 0.64754397 1.4090445 2.78721905
v -0.5126316 1.39304447 2.75058246
v 0.25716138 1.39304447 2.64821243
v -0.07413131 1.4090445 2.60876489
v -0.5126316 1.19757628 2.607584
v 0.25716138 1.19757628 2.79124308
v -0.07413131 1.21357632 2.75179672
v 0.69426721 1.21357632 2.63525963
v 0.69426721 1.4090445 2.77820635
v 0.58822882 1.2231977 2.53150797
v 0.58220953 1.22788405 2.33277893
v 0.60062772 1.22788405 2.54260159
v 0.58708316 1.23919773 2.33445501
v 0.60576355 1.23919773 2.54719663
v 0.57044363 1.2231977 2.32873273
v 0.5687232 1.22788405 2.0900569
v 0.57340819 1.23919773 2.08836341
v 0.55262977 1.2231977 1.89063466
v 0.55741286 1.2231977 2.0941453
v 0.56378293 1.22788405 1.87948155
v 0.55262977 1.38342309 1.89063466
v 0.5687232 1.37873673 2.0900569
v 0.56378293 1.37873673 1.87948155
v 0.57340819 1.36742306 2.08836317
v 0.56840277 1.36742306 1.87486172
v 0.57044363 1.38342309 2.32873249
v 0.55741286 1.38342309 2.0941453
v 0.58220953 1.37873673 2.33277893
v 0.58822882 1.38342309 2.53150797
v 0.60062772 1.37873673 2.54260159
v 0.58708316 1.36742306 2.33445501
v 0.56840277 1.23919773 1.87486172
v 0.60576355 1.36742306 2.54719663
v -0.56731904 1.38837945 2.48017979
v -0.52552485 1.39047933 2.03461933
v -0.57980376 1.38373554 2.48563075
v -0.53032207 1.37922966 2.03370738
v -0.58497512 1.37243831 2.48788881
v -0.49454942 1.39590347 1.52336156
v -0.51394349 1.39500844 2.03682041
v -0.50584459 1.39139032 1.51224065
v -0.51434612 1.39082634 1.07742679
v -0.52603972 1.3862257 1.05847836
v -0.51052314 1.3801477 1.50763416
v -0.51434612 1.23060095 1.07742667
v -0.50584459 1.24053836 1.51224053
v -0.52603972 1.23537374 1.05847836
v -0.51052314 1.25192523 1.50763416
v -0.53088343 1.24672401 1.05062962
v -0.49454942 1.23567808 1.52336144
v -0.52552485 1.23962712 2.03461933
v -0.53032207 1.2510072 2.03370738
v -0.56731904 1.22815406 2.48017979
v -0.51394349 1.23478281 2.03682041
v -0.57980376 1.23288369 2.48563075
v -0.58497512 1.24421656 2.48788881
v -0.53088343 1.37494671 1.05062973
v 0.09138704 1.15305519 1.50418067
v 0.09123966 1.1485393 1.51571894
v 0.09138704 1.22132957 1.50418067
v 0.09144808 1.20994508 1.49940133
v 0.09123966 1.22618663 1.51571894
v 0.17266607 1.15413296 1.56160367
v 0.17715092 1.16543603 1.55994952
v 0.1618387 1.14947546 1.56559718
v 0.17266607 1.22240674 1.56160367
v 0.1618387 1.22712255 1.56559718
v 0.0666842 1.22132945 1.50882471
v 0.07095932 1.22618651 1.51953149
v 0.0666842 1.15305507 1.50882471
v 0.06491338 1.16429818 1.50438976
v 0.07095932 1.14853942 1.51953149
v 0.00723079 1.22241068 1.59297812
v 0.0024586 1.21107984 1.59279132
v 0.0187519 1.22713649 1.59342933
v 0.00723079 1.15413713 1.59297812
v 0.0187519 1.14948916 1.59342933
v 0.0024586 1.16543603 1.59279132
v 0.06491338 1.20994508 1.50438976
v 0.09144808 1.16429818 1.49940133
v 0.2311973 -1.19248748 2.21206713
v 0.2311973 -1.35271287 2.21206713
v 0.15634662 -1.35518217 2.16421819
v 0.15634662 -1.19495678 2.16421819
v 0.17715092 -1.18036962 1.55994952
v 0.2311973 1.2231977 2.21206713
v 0.15634662 1.225667 2.16421819
v 0.2311973 1.38342309 2.21206713
v 0.15634662 1.38589239 2.16421819
v 0.17715092 1.21107984 1.55994952
vn 0.83147 0 -0.55557
vn 0.7071 0 -0.70711
vn 0.7071 0 -0.70711
vn -0.83147 0 0.55557
vn -0.70711 0 0.70711
vn -0.70711 0 0.70711
vn -0.92388 0 0.38268
vn -0.83147 0 0.55557
vn 0.38268 0 0.92388
vn 0.55557 0 0.83147
vn 0.55557 0 0.83147
vn -0.38269 0 -0.92388
vn -0.55557 0 -0.83147
vn -0.55557 0 -0.83147
vn 0.92388 0 -0.38268
vn 0.83147 0 -0.55557
vn -0.19509 0 -0.98079
vn -0.38269 0 -0.92388
vn 0.98079 0 -0.19509
vn 0.92388 0 -0.38268
vn -0.98079 0 0.19509
vn -0.92388 0 0.38268
vn 0.19509 0 0.98079
vn 0.38268 0 0.92388
vn -0 0 1
vn 0.19509 0 0.98079
vn 0 0 -1
vn -0.19509 0 -0.98079
vn 1 0 0
vn 0.98079 0 -0.19509
vn -1 0 0
vn -0.98079 0 0.19509
vn -0.98079 0 -0.19509
vn -1 0 0
vn -0.19509 0 0.98079
vn 0 0 1
vn 0.98079 0 0.19509
vn 1 0 0
vn 0.92388 0 0.38268
vn 0.98079 0 0.19509
vn -0.92388 0 -0.38268
vn -0.98079 0 -0.19509
vn 0.19509 0 -0.98079
vn -0 0 -1
vn -0.38268 0 0.92388
vn -0.19509 0 0.98079
vn 0.38269 0 -0.92388
vn 0.19509 0 -0.98079
vn -0.55557 0 0.83147
vn -0.38268 0 0.92388
vn 0.83147 0 0.55557
vn 0.92388 0 0.38268
vn -0.83147 0 -0.55557
vn -0.92388 0 -0.38268
vn 0.55557 0 -0.83147
vn 0.38269 0 -0.92388
vn -0.7071 0 -0.70711
vn -0.83147 0 -0.55557
vn 0.55557 0 -0.83147
vn -0.55557 0 0.83147
vn 0.70711 0 0.70711
vn 0.83147 0 0.55557
vn 0.70711 0 0.70711
vn -0.7071 0 -0.70711
vn 0.7071 0 -0.70711
vn 0.83147 0 -0.55557
vn 0.7071 0 -0.70711
vn -0.70711 0 0.70711
vn -0.83147 0 0.55557
vn -0.70711 0 0.70711
vn -0.83147 0 0.55557
vn -0.92388 0 0.38268
vn 0.55557 0 0.83147
vn 0.38268 0 0.92388
vn 0.55557 0 0.83147
vn -0.55557 0 -0.83147
vn -0.38269 0 -0.92388
vn -0.55557 0 -0.83147
vn 0.83147 0 -0.55557
vn 0.92388 0 -0.38268
vn -0.38269 0 -0.92388
vn -0.19509 0 -0.98079
vn 0.92388 0 -0.38268
vn 0.98079 0 -0.19509
vn -0.92388 0 0.38268
vn -0.98079 0 0.19509
vn 0.38268 0 0.92388
vn 0.19509 0 0.98079
vn 0.19509 0 0.98079
vn -0 0 1
vn -0.19509 0 -0.98079
vn 0 0 -1
vn 0.98079 0 -0.19509
vn 1 0 0
vn -0.98079 0 0.19509
vn -1 0 0
vn -1 0 0
vn -0.98079 0 -0.19509
vn 0 0 1
vn -0.19509 0 0.98079
vn 1 0 0
vn 0.98079 0 0.19509
vn 0.98079 0 0.19509
vn 0.92388 0 0.38268
vn -0.98079 0 -0.19509
vn -0.92388 0 -0.38268
vn -0 0 -1
vn 0.19509 0 -0.98079
vn -0.19509 0 0.98079
vn -0.38268 0 0.92388
vn 0.19509 0 -0.98079
vn 0.38269 0 -0.92388
vn -0.38268 0 0.92388
vn -0.55557 0 0.83147
vn 0.92388 0 0.38268
vn 0.83147 0 0.55557
vn -0.92388 0 -0.38268
vn -0.83147 0 -0.55557
vn 0.38269 0 -0.92388
vn 0.55557 0 -0.83147
vn -0.83147 0 -0.55557
vn -0.7071 0 -0.70711
vn 0.55557 0 -0.83147
vn -0.55557 0 0.83147
vn 0.83147 0 0.55557
vn 0.70711 0 0.70711
vn 0.70711 0 0.70711
vn -0.7071 0 -0.70711
vn 0.9808 0.17725 0.08129
vn 0.6044 0.58498 0.54084
vn 0.73485 0.15314 0.66071
vn 0.18332 0.96962 0.16199
vn 0.70951 0.70048 0.07698
vn 0.18728 0.18167 0.96536
vn 0.15346 0.70541 0.69199
vn 0.18089 0.96711 -0.1788
vn 0.57931 0.57456 -0.57818
vn 0.14876 0.69844 -0.70003
vn 0.96766 0.17722 -0.1795
vn 0.70252 0.69601 -0.14842
vn 0.17915 0.17891 -0.96742
vn 0.69924 0.14635 -0.69975
vn 0.18591 -0.96893 0.16313
vn 0.60211 -0.5907 0.53716
vn 0.14969 -0.70469 0.69355
vn 0.98013 -0.18092 0.08129
vn 0.70926 -0.70136 0.07094
vn 0.1889 -0.18321 0.96475
vn 0.73548 -0.15879 0.65867
vn 0.18234 -0.96648 -0.18072
vn 0.57928 -0.57344 -0.57932
vn 0.7034 -0.69481 -0.14988
vn 0.17965 -0.17877 -0.96735
vn 0.14884 -0.69841 -0.70005
vn 0.96766 -0.17556 -0.18114
vn 0.69843 -0.14508 -0.70082
vn -0.98206 0.18787 0.01623
vn -0.61307 0.61182 0.49983
vn -0.70311 0.71106 0.00514
vn -0.1958 0.18984 0.96209
vn -0.75778 0.17046 0.62985
vn -0.1854 0.97367 0.13266
vn -0.15011 0.7189 0.67871
vn -0.97432 0.171 -0.14648
vn -0.59236 0.57373 -0.56563
vn -0.71125 0.14416 -0.68799
vn -0.18528 0.96841 -0.1669
vn -0.71254 0.69111 -0.1211
vn -0.18333 0.17937 -0.96655
vn -0.15272 0.70219 -0.69542
vn -0.15991 -0.71052 0.68526
vn -0.69396 -0.71775 0.05705
vn -0.18995 -0.96499 0.18085
vn -0.19359 -0.18468 0.96354
vn -0.59256 -0.62587 0.50712
vn -0.98215 -0.18665 0.02347
vn -0.75501 -0.16965 0.63338
vn -0.97373 -0.17531 -0.14532
vn -0.58971 -0.57459 -0.56753
vn -0.70998 -0.69276 -0.12656
vn -0.18224 -0.17892 -0.96684
vn -0.71217 -0.14847 -0.68612
vn -0.18664 -0.96559 -0.18108
vn -0.14969 -0.69664 -0.70163
vn -0.96729 -0.17938 -0.17938
vn -0.57735 -0.57735 -0.57735
vn -0.69933 -0.69933 -0.14789
vn -0.17939 -0.17938 -0.96729
vn -0.69934 -0.14789 -0.69933
vn -0.17938 -0.96729 -0.17938
vn -0.14789 -0.69933 -0.69933
vn -0.17938 0.96729 -0.17938
vn -0.57735 0.57735 -0.57735
vn -0.69933 0.69933 -0.14789
vn -0.17939 0.17939 -0.96729
vn -0.14789 0.69933 -0.69933
vn -0.96729 0.17938 -0.17938
vn -0.69933 0.14789 -0.69933
vn 0.96729 -0.17938 -0.17938
vn 0.57735 -0.57735 -0.57735
vn 0.69933 -0.14789 -0.69933
vn 0.17938 -0.96729 -0.17938
vn 0.69933 -0.69933 -0.14789
vn 0.17939 -0.17939 -0.96729
vn 0.14789 -0.69933 -0.69933
vn 0.17938 0.96729 -0.17938
vn 0.57735 0.57735 -0.57735
vn 0.14789 0.69933 -0.69933
vn 0.96729 0.17938 -0.17938
vn 0.69933 0.69933 -0.14789
vn 0.17939 0.17938 -0.96729
vn 0.69934 0.14789 -0.69933
vn -0.17938 0.96729 0.17938
vn -0.57735 0.57735 0.57735
vn -0.14789 0.69933 0.69933
vn -0.96729 0.17938 0.17938
vn -0.69933 0.69933 0.14789
vn -0.17938 0.17938 0.96729
vn -0.69933 0.14789 0.69933
vn 0.17938 0.96729 0.17938
vn 0.57735 0.57735 0.57735
vn 0.69933 0.69933 0.14789
vn 0.17938 0.17938 0.96729
vn 0.14789 0.69933 0.69933
vn 0.96729 0.17938 0.17938
vn 0.69933 0.14789 0.69933
vn -0.96729 -0.17938 0.17938
vn -0.57735 -0.57735 0.57735
vn -0.69933 -0.14789 0.69933
vn -0.17938 -0.96729 0.17938
vn -0.69933 -0.69933 0.14789
vn -0.17938 -0.17938 0.96729
vn -0.14789 -0.69933 0.69933
vn 0.96729 -0.17938 0.17938
vn 0.57735 -0.57735 0.57735
vn 0.69933 -0.69933 0.14789
vn 0.17938 -0.17938 0.96729
vn 0.69933 -0.14789 0.69933
vn 0.17938 -0.96729 0.17938
vn 0.14789 -0.69933 0.69933
vn -0.02661 0.18458 -0.98246
vn 0.48673 0.62494 -0.61036
vn 0.61599 0.16867 -0.76949
vn 0.66939 0.72384 -0.16727
vn 0.01494 0.72054 -0.69325
vn 0.14913 0.97066 -0.1886
vn 0.96351 0.18761 -0.19094
vn -0.02089 -0.18776 -0.98199
vn 0.4796 -0.63764 -0.60283
vn 0.00926 -0.72003 -0.69388
vn 0.96181 -0.18931 -0.1977
vn 0.61414 -0.17526 -0.76949
vn 0.67202 -0.72227 -0.16346
vn 0.15413 -0.96848 -0.19567
vn -0.36386 0.17147 -0.91553
vn -0.65035 0.55073 -0.5232
vn -0.29206 0.68658 -0.66582
vn -0.97226 0.17364 -0.15673
vn -0.77361 0.12756 -0.62069
vn -0.20754 0.96361 -0.16848
vn -0.71073 0.68908 -0.1415
vn -0.36447 -0.17581 -0.91447
vn -0.64492 -0.56214 -0.51775
vn -0.77316 -0.13956 -0.61867
vn -0.21233 -0.96199 -0.17175
vn -0.28346 -0.68801 -0.66805
vn -0.97122 -0.17943 -0.15666
vn -0.70983 -0.692 -0.13141
vn 0.36959 -0.17618 0.91234
vn 0.64636 -0.56255 0.51552
vn 0.77497 -0.13995 0.61631
vn 0.21312 -0.96193 0.17107
vn 0.28722 -0.68862 0.66581
vn 0.97131 -0.17964 0.15583
vn 0.7099 -0.69207 0.13066
vn 0.01506 -0.18711 0.98222
vn -0.48223 -0.63612 0.60234
vn -0.01363 -0.71904 0.69483
vn -0.96199 -0.18887 0.19722
vn -0.61677 -0.1741 0.76765
vn -0.67272 -0.72157 0.16366
vn -0.1552 -0.96823 0.19607
vn 0.36907 0.1716 0.91342
vn 0.65216 0.55057 0.52111
vn 0.29596 0.68679 0.66387
vn 0.97238 0.17359 0.15605
vn 0.77559 0.1273 0.61827
vn 0.20819 0.96362 0.16764
vn 0.71089 0.68901 0.14106
vn 0.0202 0.18371 0.98277
vn -0.48945 0.62339 0.60977
vn -0.61876 0.16735 0.76755
vn -0.67028 0.72298 0.16741
vn -0.01908 0.71932 0.69442
vn -0.15014 0.97041 0.18913
vn -0.96361 0.18714 0.19089
vn 0.14737 0.97034 -0.19161
vn 0.4722 0.58401 -0.66027
vn 0.02004 0.70623 -0.7077
vn 0.92787 0.1803 -0.32642
vn 0.66834 0.70212 -0.24567
vn 0.00041 0.18124 -0.98344
vn 0.57149 0.15081 -0.80663
vn -0.20738 0.96892 -0.13484
vn -0.66896 0.57829 -0.46699
vn -0.71454 0.69909 -0.02649
vn -0.35272 0.18014 -0.91823
vn -0.27309 0.70294 -0.65673
vn -0.98353 0.1793 -0.02296
vn -0.80861 0.14693 -0.56971
vn 0.14199 -0.96561 -0.21781
vn 0.46762 -0.5768 -0.6698
vn 0.66341 -0.69989 -0.26466
vn -0.00023 -0.17874 -0.9839
vn 0.01617 -0.69589 -0.71797
vn 0.92637 -0.17969 -0.33099
vn 0.56954 -0.14914 -0.80832
vn -0.21171 -0.96396 -0.16114
vn -0.66796 -0.57092 -0.47738
vn -0.27324 -0.69259 -0.66758
vn -0.98354 -0.17853 -0.02772
vn -0.71627 -0.69632 -0.04583
vn -0.35232 -0.17768 -0.91886
vn -0.80737 -0.14531 -0.57188
vn 0.21443 0.96292 0.16373
vn 0.69634 0.51634 0.4985
vn 0.68357 0.67524 0.27711
vn 0.8084 0.1346 0.57303
vn 0.47978 0.67366 0.56214
vn 0.60976 0.17691 0.77259
vn 0.93088 0.177 0.31957
vn -0.16178 0.95556 0.24646
vn -0.45785 0.59807 0.65779
vn -0.20447 0.70823 0.67573
vn -0.78997 0.21017 0.576
vn -0.55814 0.71043 0.42868
vn -0.27518 0.20959 0.93827
vn -0.56605 0.18112 0.80423
vn 0.21117 -0.96782 0.13688
vn 0.6994 -0.52268 0.48749
vn 0.48283 -0.68245 0.54876
vn 0.81015 -0.13515 0.57043
vn 0.68519 -0.68081 0.25887
vn 0.93193 -0.17864 0.31558
vn 0.61131 -0.17874 0.77094
vn -0.1683 -0.96073 0.22062
vn -0.46409 -0.60502 0.64697
vn -0.56567 -0.71528 0.41036
vn -0.27752 -0.21212 0.93701
vn -0.21103 -0.71757 0.66374
vn -0.79292 -0.21154 0.57143
vn -0.56874 -0.183 0.8019
vn 0.98013 -0.18092 0.08129
vn 0.60211 -0.59069 0.53716
vn 0.70926 -0.70136 0.07095
vn 0.18888 -0.18322 0.96476
vn 0.73548 -0.1588 0.65867
vn 0.18566 -0.96896 0.16322
vn 0.14952 -0.70476 0.69351
vn 0.1804 -0.96718 -0.17896
vn 0.57927 -0.57344 -0.57932
vn 0.7034 -0.69481 -0.14988
vn 0.17965 -0.17877 -0.96735
vn 0.14877 -0.69844 -0.70004
vn 0.96766 -0.17555 -0.18114
vn 0.69843 -0.14508 -0.70082
vn 0.18358 0.96958 0.1619
vn 0.6044 0.58498 0.54083
vn 0.70951 0.70048 0.07698
vn 0.1873 0.18166 0.96536
vn 0.15364 0.70533 0.69202
vn 0.9808 0.17725 0.08129
vn 0.73485 0.15315 0.66071
vn 0.18283 0.96642 -0.18056
vn 0.5793 0.57456 -0.57818
vn 0.14881 0.69841 -0.70005
vn 0.96766 0.17722 -0.1795
vn 0.70253 0.69601 -0.14841
vn 0.17915 0.1789 -0.96742
vn 0.69924 0.14635 -0.69975
vn -0.98206 -0.18787 0.01623
vn -0.61307 -0.61182 0.49982
vn -0.75778 -0.17046 0.62985
vn -0.1854 -0.97367 0.13265
vn -0.70311 -0.71107 0.00514
vn -0.1958 -0.18984 0.96209
vn -0.15011 -0.71891 0.6787
vn -0.97397 -0.17569 -0.14322
vn -0.59188 -0.57804 -0.56173
vn -0.71067 -0.69397 -0.11558
vn -0.18277 -0.18052 -0.96644
vn -0.71317 -0.14856 -0.68506
vn -0.18734 -0.96796 -0.16719
vn -0.15146 -0.70211 -0.69577
vn -0.69396 0.71775 0.05705
vn -0.15991 0.71053 0.68526
vn -0.18995 0.965 0.18084
vn -0.98215 0.18665 0.02347
vn -0.59256 0.62586 0.50711
vn -0.19359 0.18468 0.96354
vn -0.75501 0.16965 0.63338
vn -0.97402 0.17051 -0.14903
vn -0.59091 0.56987 -0.57103
vn -0.71057 0.14322 -0.6889
vn -0.18488 0.96595 -0.18097
vn -0.71183 0.68996 -0.13136
vn -0.183 0.17812 -0.96684
vn -0.15166 0.69665 -0.7012
vn -0.96729 0.17938 -0.17939
vn -0.57735 0.57735 -0.57735
vn -0.69933 0.14789 -0.69933
vn -0.17938 0.96729 -0.17938
vn -0.69933 0.69933 -0.14789
vn -0.17939 0.17939 -0.96729
vn -0.14789 0.69933 -0.69933
vn -0.17938 -0.96729 -0.17938
vn -0.57735 -0.57735 -0.57735
vn -0.14789 -0.69933 -0.69933
vn -0.96729 -0.17938 -0.17938
vn -0.69933 -0.69933 -0.14789
vn -0.17939 -0.17939 -0.96729
vn -0.69934 -0.14789 -0.69933
vn 0.96729 0.17938 -0.17938
vn 0.57735 0.57735 -0.57735
vn 0.69933 0.69933 -0.14789
vn 0.17939 0.17939 -0.96729
vn 0.69934 0.14789 -0.69933
vn 0.17938 0.96729 -0.17938
vn 0.14789 0.69933 -0.69933
vn 0.17938 -0.96729 -0.17938
vn 0.57735 -0.57735 -0.57735
vn 0.69933 -0.69933 -0.14789
vn 0.17939 -0.17939 -0.96729
vn 0.14789 -0.69933 -0.69933
vn 0.96729 -0.17938 -0.17939
vn 0.69933 -0.14789 -0.69933
vn -0.17938 -0.96729 0.17938
vn -0.57735 -0.57735 0.57735
vn -0.69933 -0.69933 0.14789
vn -0.17938 -0.17938 0.96729
vn -0.14789 -0.69933 0.69933
vn -0.96729 -0.17938 0.17938
vn -0.69933 -0.14789 0.69933
vn 0.17938 -0.96729 0.17938
vn 0.57735 -0.57735 0.57735
vn 0.14789 -0.69933 0.69933
vn 0.96729 -0.17938 0.17938
vn 0.69933 -0.69933 0.14789
vn 0.17938 -0.17938 0.96729
vn 0.69933 -0.14789 0.69933
vn -0.96729 0.17938 0.17938
vn -0.57735 0.57735 0.57735
vn -0.69933 0.69933 0.14789
vn -0.17938 0.17938 0.96729
vn -0.69933 0.14789 0.69933
vn -0.17938 0.96729 0.17938
vn -0.14789 0.69933 0.69933
vn 0.96729 0.17938 0.17938
vn 0.57735 0.57735 0.57735
vn 0.69933 0.14789 0.69933
vn 0.17938 0.96729 0.17938
vn 0.69933 0.69933 0.14789
vn 0.17938 0.17938 0.96729
vn 0.14789 0.69933 0.69933
vn -0.02089 -0.18776 -0.98199
vn 0.4796 -0.63764 -0.60283
vn 0.00926 -0.72003 -0.69388
vn 0.96181 -0.18931 -0.1977
vn 0.61414 -0.17527 -0.76949
vn 0.67202 -0.72227 -0.16347
vn 0.15413 -0.96848 -0.19567
vn -0.02661 0.18458 -0.98246
vn 0.48673 0.62494 -0.61036
vn 0.61599 0.16867 -0.76949
vn 0.66939 0.72383 -0.16727
vn 0.01494 0.72054 -0.69326
vn 0.14914 0.97066 -0.1886
vn 0.96351 0.18761 -0.19094
vn -0.36447 -0.17581 -0.91447
vn -0.64492 -0.56215 -0.51775
vn -0.77316 -0.13957 -0.61867
vn -0.21233 -0.96199 -0.17174
vn -0.28346 -0.68801 -0.66805
vn -0.97122 -0.17943 -0.15666
vn -0.70983 -0.69201 -0.13141
vn -0.36386 0.17147 -0.91553
vn -0.65035 0.55073 -0.5232
vn -0.29206 0.68658 -0.66582
vn -0.97226 0.17363 -0.15673
vn -0.77361 0.12756 -0.62069
vn -0.20754 0.96361 -0.16848
vn -0.71073 0.68908 -0.1415
vn 0.36907 0.1716 0.91342
vn 0.65216 0.55057 0.52111
vn 0.29596 0.6868 0.66387
vn 0.97238 0.17359 0.15605
vn 0.77559 0.1273 0.61827
vn 0.20819 0.96362 0.16764
vn 0.71089 0.68901 0.14106
vn 0.0202 0.18371 0.98277
vn -0.48945 0.62339 0.60977
vn -0.61876 0.16735 0.76755
vn -0.67028 0.72298 0.16741
vn -0.01908 0.71932 0.69442
vn -0.15014 0.9704 0.18914
vn -0.96361 0.18714 0.19089
vn 0.36958 -0.17618 0.91234
vn 0.64636 -0.56255 0.51551
vn 0.77497 -0.13995 0.61631
vn 0.21312 -0.96193 0.17107
vn 0.28722 -0.68862 0.66581
vn 0.97131 -0.17964 0.15583
vn 0.7099 -0.69207 0.13066
vn 0.01506 -0.18712 0.98222
vn -0.48223 -0.63612 0.60234
vn -0.01363 -0.71904 0.69483
vn -0.96199 -0.18887 0.19722
vn -0.61677 -0.1741 0.76765
vn -0.67272 -0.72157 0.16366
vn -0.1552 -0.96823 0.19607
vn 0.14737 -0.97034 -0.19161
vn 0.4722 -0.58401 -0.66027
vn 0.66834 -0.70212 -0.24567
vn 0.00041 -0.18124 -0.98344
vn 0.02004 -0.70623 -0.7077
vn 0.92787 -0.1803 -0.32642
vn 0.57149 -0.15081 -0.80663
vn -0.20738 -0.96892 -0.13484
vn -0.66896 -0.57829 -0.46699
vn -0.27309 -0.70294 -0.65673
vn -0.98353 -0.1793 -0.02296
vn -0.71454 -0.69909 -0.02649
vn -0.35272 -0.18014 -0.91823
vn -0.80861 -0.14693 -0.56971
vn 0.14199 0.96561 -0.21781
vn 0.46762 0.5768 -0.6698
vn 0.01617 0.69589 -0.71797
vn 0.92637 0.17969 -0.33099
vn 0.66341 0.69989 -0.26467
vn -0.00023 0.17874 -0.9839
vn 0.56954 0.14914 -0.80832
vn -0.21171 0.96396 -0.16114
vn -0.66796 0.57092 -0.47738
vn -0.71627 0.69632 -0.04583
vn -0.35232 0.17768 -0.91886
vn -0.27324 0.69259 -0.66758
vn -0.98354 0.17853 -0.02772
vn -0.80737 0.14531 -0.57188
vn 0.21443 -0.96292 0.16373
vn 0.69634 -0.51634 0.4985
vn 0.47978 -0.67366 0.56214
vn 0.8084 -0.1346 0.57303
vn 0.68357 -0.67524 0.27711
vn 0.93088 -0.177 0.31957
vn 0.60976 -0.17691 0.77259
vn -0.16178 -0.95556 0.24645
vn -0.45785 -0.59807 0.65779
vn -0.55814 -0.71043 0.42867
vn -0.27518 -0.20959 0.93827
vn -0.20447 -0.70823 0.67573
vn -0.78997 -0.21017 0.576
vn -0.56605 -0.18112 0.80423
vn 0.21117 0.96782 0.13688
vn 0.6994 0.52268 0.48749
vn 0.68519 0.68081 0.25887
vn 0.81015 0.13515 0.57043
vn 0.48282 0.68246 0.54876
vn 0.61131 0.17874 0.77094
vn 0.93193 0.17864 0.31558
vn -0.1683 0.96073 0.22062
vn -0.46409 0.60502 0.64697
vn -0.21103 0.71757 0.66374
vn -0.79292 0.21154 0.57143
vn -0.56567 0.71528 0.41036
vn -0.27752 0.21212 0.93701
vn -0.56874 0.183 0.8019
vn -0.16984 0.19294 -0.9664
vn -0.07688 0.70464 -0.70539
vn -0.10589 0.19478 -0.97511
vn -0.12431 0.70022 -0.70302
vn -0.02174 0.98027 -0.19645
vn 0.1064 0.1959 0.97483
vn 0.12235 0.71057 0.6929
vn 0.17138 0.19493 0.96573
vn 0.07611 0.7103 0.69977
vn 0.03238 0.9816 0.1882
vn -0.0469 0.70581 -0.70685
vn -0.06472 0.19533 -0.9786
vn -0.01318 0.98047 -0.19622
vn 0.06496 0.19626 0.9784
vn 0.04648 0.71043 0.70223
vn 0.02046 0.98138 0.19096
vn -0.0215 0.7063 -0.70759
vn -0.0297 0.19554 -0.98025
vn -0.00603 0.98056 -0.19614
vn 0.02979 0.19636 0.98008
vn 0.02131 0.7104 0.70347
vn 0.01253 0.98137 0.19173
vn 0.00196 0.7064 -0.70781
vn 0.00271 0.19558 -0.98068
vn 0.00054 0.98057 -0.19615
vn -0.00273 0.19635 0.98053
vn -0.00197 0.71034 0.70386
vn 0.00575 0.98135 0.19215
vn 0.0351 0.19545 -0.98008
vn 0.0254 0.70616 -0.7076
vn 0.00712 0.98053 -0.19622
vn -0.02523 0.71026 0.70348
vn -0.00682 0.98133 0.19221
vn -0.00054 0.98134 0.19229
vn 0.07011 0.19512 -0.97827
vn 0.0508 0.70551 -0.70688
vn 0.01428 0.98043 -0.19636
vn -0.03523 0.19626 0.97992
vn -0.05041 0.71012 0.70228
vn -0.01361 0.98133 0.19186
vn 0.11124 0.19444 -0.97459
vn 0.08078 0.70414 -0.70545
vn 0.02285 0.9802 -0.19668
vn -0.07039 0.19603 0.97807
vn -0.08007 0.7098 0.69984
vn -0.02156 0.98132 0.19117
vn 0.148 0.19387 -0.9698
vn 0.10734 0.70408 -0.70197
vn 0.03015 0.98025 -0.19543
vn -0.1118 0.19555 0.9743
vn -0.10678 0.70757 0.69853
vn -0.02909 0.98096 0.19202
vn 0.148 -0.19387 -0.9698
vn 0.08078 -0.70414 -0.70545
vn 0.11124 -0.19444 -0.97459
vn 0.10734 -0.70408 -0.70197
vn 0.02285 -0.9802 -0.19668
vn -0.1118 -0.19554 0.9743
vn -0.10678 -0.70757 0.69853
vn -0.14847 -0.19453 0.9696
vn -0.08007 -0.7098 0.69984
vn -0.02909 -0.98096 0.19202
vn 0.0508 -0.70551 -0.70688
vn 0.07011 -0.19512 -0.97827
vn 0.01428 -0.98043 -0.19636
vn -0.07039 -0.19603 0.97807
vn -0.05041 -0.71012 0.70228
vn -0.02156 -0.98132 0.19117
vn 0.0254 -0.70616 -0.7076
vn 0.0351 -0.19545 -0.98008
vn 0.00712 -0.98053 -0.19622
vn -0.03523 -0.19626 0.97992
vn -0.02523 -0.71026 0.70348
vn -0.01361 -0.98133 0.19186
vn 0.00196 -0.7064 -0.70781
vn 0.00271 -0.19558 -0.98068
vn 0.00054 -0.98057 -0.19615
vn -0.00273 -0.19635 0.98053
vn -0.00197 -0.71034 0.70386
vn -0.00682 -0.98133 0.19221
vn -0.0297 -0.19554 -0.98025
vn -0.0215 -0.7063 -0.70759
vn -0.00603 -0.98056 -0.19614
vn 0.02131 -0.71041 0.70347
vn 0.00575 -0.98135 0.19215
vn -0.00054 -0.98134 0.19229
vn -0.06472 -0.19533 -0.9786
vn -0.0469 -0.70581 -0.70685
vn -0.01318 -0.98047 -0.19622
vn 0.02979 -0.19636 0.98008
vn 0.04648 -0.71043 0.70223
vn 0.01253 -0.98137 0.19173
vn -0.10589 -0.19478 -0.97511
vn -0.07688 -0.70464 -0.70539
vn -0.02174 -0.98027 -0.19645
vn 0.06496 -0.19626 0.9784
vn 0.07611 -0.7103 0.69977
vn 0.02046 -0.98138 0.19096
vn -0.16984 -0.19293 -0.9664
vn -0.12435 -0.70023 -0.70301
vn -0.03605 -0.97947 -0.19836
vn 0.1064 -0.1959 0.97483
vn 0.12241 -0.7106 0.69286
vn 0.03238 -0.9816 0.1882
vn 0.02845 -0.98104 -0.19169
vn 0.07284 -0.7107 -0.69972
vn 0.01951 -0.98147 -0.1906
vn 0.10475 -0.70803 -0.69837
vn 0.10186 -0.19588 -0.97532
vn 0.02845 0.98104 -0.19169
vn 0.07284 0.7107 -0.69972
vn 0.10475 0.70803 -0.69837
vn 0.10186 0.19588 -0.97532
vn 0.14578 0.19468 -0.96997
vn 0.0373 -0.71101 -0.7022
vn 0.01003 -0.98147 -0.19135
vn 0.05216 -0.19642 -0.97913
vn 0.01951 0.98147 -0.1906
vn 0.0373 0.71101 -0.7022
vn 0.05216 0.19642 -0.97913
vn 0.00712 -0.71105 -0.70311
vn 0.00193 -0.98146 -0.19167
vn 0.00993 -0.19661 -0.98043
vn 0.01003 0.98147 -0.19135
vn 0.00712 0.71105 -0.70311
vn 0.00993 0.19661 -0.98043
vn -0.00559 -0.98144 -0.19166
vn -0.02078 -0.71098 -0.7029
vn -0.02909 -0.19661 -0.98005
vn -0.00559 0.98144 -0.19166
vn 0.00193 0.98146 -0.19167
vn -0.02078 0.71098 -0.7029
vn -0.01308 -0.98143 -0.19137
vn -0.04862 -0.71083 -0.70168
vn -0.06802 -0.19646 -0.97815
vn -0.01308 0.98143 -0.19137
vn -0.04862 0.71083 -0.70168
vn -0.02909 0.19661 -0.98005
vn -0.02114 -0.98141 -0.19078
vn -0.07865 -0.71049 -0.6993
vn -0.10998 -0.19608 -0.9744
vn -0.02114 0.98141 -0.19078
vn -0.07865 0.71049 -0.6993
vn -0.06802 0.19646 -0.97815
vn -0.03054 -0.98135 -0.18977
vn -0.11386 -0.70975 -0.69519
vn -0.1591 -0.19524 -0.96776
vn -0.03054 0.98135 -0.18977
vn -0.11386 0.70975 -0.69519
vn -0.10998 0.19607 -0.9744
vn -0.03961 -0.98086 -0.19062
vn -0.14547 -0.70667 -0.69243
vn -0.20218 -0.19378 -0.95999
vn -0.03961 0.98086 -0.19062
vn -0.14503 0.70652 -0.69268
vn -0.1591 0.19524 -0.96776
vn -0.02089 0.98014 0.19722
vn -0.10539 0.70387 0.70247
vn -0.07358 0.70393 0.70644
vn -0.14523 0.1939 0.97021
vn -0.10124 0.19458 0.97565
vn -0.02089 -0.98014 0.19722
vn -0.10539 -0.70387 0.70247
vn -0.02968 -0.9802 0.19576
vn -0.07358 -0.70393 0.70644
vn -0.14523 -0.1939 0.97021
vn -0.0106 0.9804 0.19675
vn -0.03761 0.70547 0.70775
vn -0.0519 0.19532 0.97936
vn -0.0106 -0.9804 0.19675
vn -0.03761 -0.70547 0.70775
vn -0.10124 -0.19458 0.97565
vn -0.002 0.98051 0.19647
vn -0.00714 0.70613 0.70805
vn -0.00988 0.19563 0.98063
vn -0.002 -0.98051 0.19647
vn -0.00714 -0.70613 0.70805
vn -0.0519 -0.19532 0.97936
vn 0.021 0.70625 0.70765
vn 0.00591 0.98053 0.19627
vn 0.02898 0.19567 0.98024
vn 0.021 -0.70625 0.70765
vn 0.02898 -0.19567 0.98024
vn -0.00988 -0.19563 0.98063
vn 0.0491 0.70592 0.70659
vn 0.01382 0.98048 0.19614
vn 0.06775 0.19548 0.97836
vn 0.00591 -0.98053 0.19627
vn 0.0491 -0.70592 0.70659
vn 0.06775 -0.19548 0.97836
vn 0.07945 0.70499 0.70475
vn 0.02244 0.98033 0.19609
vn 0.10947 0.19498 0.97468
vn 0.01382 -0.98048 0.19614
vn 0.07945 -0.70499 0.70475
vn 0.10947 -0.19498 0.97468
vn 0.11513 0.70305 0.70176
vn 0.03277 0.98001 0.19626
vn 0.15817 0.19395 0.96818
vn 0.02244 -0.98033 0.19609
vn 0.11513 -0.70305 0.70176
vn 0.15817 -0.19395 0.96818
vn 0.1465 0.70256 0.69638
vn 0.04139 0.98001 0.19459
vn 0.20148 0.19299 0.96029
vn 0.03277 -0.98001 0.19626
vn 0.14681 -0.70261 0.69627
vn 0.20148 -0.19299 0.96029
vn 0.17144 -0.19488 0.96573
vn 0.03015 -0.98025 -0.19543
vn 0.14578 -0.19468 -0.96997
vn -0.03601 0.97947 -0.19834
vn -0.14847 0.19453 0.9696
vn -0.02968 0.9802 0.19576
vn -0.20189 0.19404 -0.96
vn 0.04157 -0.97998 0.1947
vn 0.97776 0.19739 -0.07086
vn 0.70429 0.70645 -0.07
vn 0.97611 0.19357 -0.09873
vn 0.70052 0.71186 -0.05017
vn 0.19291 0.98105 -0.01808
vn 0.97952 0.1977 -0.0381
vn 0.70136 0.71227 -0.02771
vn 0.19047 0.98161 -0.01292
vn 0.70666 0.7075 -0.00845
vn 0.19037 0.98171 -0.00401
vn 0.19061 0.98163 -0.00808
vn 0.97952 -0.1977 -0.0381
vn 0.70666 -0.7075 -0.00844
vn 0.98086 -0.19444 -0.01023
vn 0.70136 -0.71227 -0.02771
vn 0.19607 -0.98059 -0.00262
vn 0.70052 -0.71186 -0.05017
vn 0.19047 -0.98161 -0.01292
vn 0.19061 -0.98163 -0.00808
vn 0.97776 -0.19739 -0.07086
vn 0.70431 -0.70644 -0.06994
vn 0.19291 -0.98105 -0.01808
vn 0.98086 0.19445 -0.01023
vn 0.9761 -0.19366 -0.09863
vn -0.9761 -0.20406 -0.07475
vn -0.68689 -0.72133 -0.08869
vn -0.96906 -0.20039 -0.14407
vn -0.6859 -0.7261 -0.04817
vn -0.17375 -0.98478 -0.00524
vn -0.69555 -0.71847 -0.0029
vn -0.16867 -0.98564 -0.00823
vn -0.17265 -0.98497 -0.00596
vn -0.98061 -0.19584 0.00672
vn -0.70874 -0.70507 0.02391
vn -0.1873 -0.9823 0.00117
vn -0.9815 0.19124 0.00907
vn -0.72363 0.6892 0.03698
vn -0.9814 0.18711 0.04304
vn -0.71371 0.7004 0.00701
vn -0.21733 0.97596 0.01646
vn -0.97657 0.2005 -0.07812
vn -0.69594 0.71553 -0.06073
vn -0.20709 0.97832 0.00244
vn -0.69546 0.70863 -0.11909
vn -0.19704 0.97928 -0.04684
vn -0.1946 0.98059 -0.02395
vn -0.96855 0.19692 -0.15208
vn -0.98098 -0.19001 0.03957
vn -0.00776 -0.97922 0.20266
vn -0.01392 -0.69498 0.71889
vn -0.00234 0.97335 0.22933
vn -0.01027 0.68438 0.72906
vn -0.01197 0.19247 0.98123
vn -0.20477 -0.9768 0.0627
vn -0.6808 -0.69057 0.24418
vn -0.92128 -0.19408 0.33701
vn -0.19908 0.97574 0.09114
vn -0.67593 0.68869 0.26236
vn 0.08183 0.97372 0.21252
vn 0.26889 0.68369 0.67843
vn 0.07717 -0.97957 0.18572
vn 0.26856 -0.69431 0.66769
vn 0.36414 -0.19519 0.91066
vn 0.21672 0.97597 0.02268
vn 0.72497 0.68775 0.0377
vn 0.98024 0.19348 0.04105
vn 0.21178 -0.9773 -0.0059
vn 0.7234 -0.69017 0.01906
vn 0.98033 -0.19411 0.03581
vn 0.36338 0.19242 0.91155
vn -0.01302 -0.19525 0.98067
vn -0.02174 -0.98027 -0.19645
vn -0.12434 -0.70023 -0.70301
vn -0.07688 -0.70464 -0.70539
vn -0.16984 -0.19294 -0.9664
vn -0.10589 -0.19478 -0.97511
vn 0.03238 -0.9816 0.1882
vn 0.07611 -0.7103 0.69977
vn 0.12241 -0.7106 0.69286
vn 0.1064 -0.1959 0.97483
vn 0.17144 -0.19488 0.96573
vn -0.01318 -0.98047 -0.19622
vn -0.0469 -0.70581 -0.70685
vn -0.06472 -0.19533 -0.9786
vn 0.02046 -0.98138 0.19096
vn 0.04648 -0.71043 0.70223
vn 0.06496 -0.19626 0.9784
vn -0.00603 -0.98056 -0.19614
vn -0.0215 -0.7063 -0.70759
vn -0.0297 -0.19554 -0.98025
vn 0.01253 -0.98137 0.19173
vn 0.02131 -0.71041 0.70347
vn 0.02979 -0.19636 0.98008
vn 0.00054 -0.98057 -0.19615
vn 0.00196 -0.7064 -0.70781
vn 0.00271 -0.19558 -0.98068
vn 0.00575 -0.98135 0.19215
vn -0.00197 -0.71034 0.70386
vn -0.00273 -0.19635 0.98053
vn 0.0254 -0.70616 -0.7076
vn 0.00712 -0.98053 -0.19622
vn 0.0351 -0.19545 -0.98008
vn -0.00682 -0.98133 0.19221
vn -0.00054 -0.98134 0.19229
vn -0.02523 -0.71026 0.70348
vn 0.0508 -0.70551 -0.70688
vn 0.01428 -0.98043 -0.19636
vn 0.07011 -0.19512 -0.97827
vn -0.01361 -0.98133 0.19186
vn -0.05041 -0.71012 0.70228
vn -0.03523 -0.19626 0.97992
vn 0.08078 -0.70414 -0.70545
vn 0.02285 -0.9802 -0.19668
vn 0.11124 -0.19444 -0.97459
vn -0.02156 -0.98132 0.19117
vn -0.08007 -0.7098 0.69984
vn -0.07039 -0.19603 0.97807
vn 0.10734 -0.70408 -0.70197
vn 0.03015 -0.98025 -0.19543
vn 0.148 -0.19387 -0.9698
vn -0.02909 -0.98096 0.19202
vn -0.10678 -0.70757 0.69853
vn -0.1118 -0.19555 0.9743
vn 0.02285 0.9802 -0.19668
vn 0.10734 0.70408 -0.70197
vn 0.08078 0.70414 -0.70545
vn 0.148 0.19387 -0.9698
vn 0.11124 0.19444 -0.97459
vn -0.02909 0.98096 0.19202
vn -0.08007 0.7098 0.69984
vn -0.10678 0.70757 0.69853
vn -0.1118 0.19554 0.9743
vn -0.14847 0.19453 0.9696
vn 0.01428 0.98043 -0.19636
vn 0.0508 0.70551 -0.70688
vn 0.07011 0.19512 -0.97827
vn -0.02156 0.98132 0.19117
vn -0.05041 0.71012 0.70228
vn -0.07039 0.19603 0.97807
vn 0.00712 0.98053 -0.19622
vn 0.0254 0.70616 -0.7076
vn 0.0351 0.19545 -0.98008
vn -0.01361 0.98133 0.19186
vn -0.02523 0.71026 0.70348
vn -0.03523 0.19626 0.97992
vn 0.00054 0.98057 -0.19615
vn 0.00196 0.7064 -0.70781
vn 0.00271 0.19558 -0.98068
vn -0.00682 0.98133 0.19221
vn -0.00197 0.71034 0.70386
vn -0.00273 0.19635 0.98053
vn -0.0215 0.7063 -0.70759
vn -0.00603 0.98056 -0.19614
vn -0.0297 0.19554 -0.98025
vn 0.00575 0.98135 0.19215
vn -0.00054 0.98134 0.19229
vn 0.02131 0.7104 0.70347
vn -0.0469 0.70581 -0.70685
vn -0.01318 0.98047 -0.19622
vn -0.06472 0.19533 -0.9786
vn 0.01253 0.98137 0.19173
vn 0.04648 0.71043 0.70223
vn 0.02979 0.19636 0.98008
vn -0.07688 0.70464 -0.70539
vn -0.02174 0.98027 -0.19645
vn -0.10589 0.19478 -0.97511
vn 0.02046 0.98138 0.19096
vn 0.07611 0.7103 0.69977
vn 0.06496 0.19626 0.9784
vn -0.12431 0.70022 -0.70302
vn -0.03601 0.97947 -0.19834
vn -0.16984 0.19293 -0.9664
vn 0.03238 0.9816 0.1882
vn 0.12235 0.71057 0.6929
vn 0.1064 0.1959 0.97483
vn 0.10186 0.19588 -0.97532
vn 0.10475 0.70803 -0.69837
vn 0.07284 0.7107 -0.69972
vn 0.02845 0.98104 -0.19169
vn 0.01951 0.98147 -0.1906
vn 0.10186 -0.19588 -0.97532
vn 0.10475 -0.70803 -0.69837
vn 0.14578 -0.19468 -0.96997
vn 0.07284 -0.7107 -0.69972
vn 0.02845 -0.98104 -0.19169
vn 0.05216 0.19642 -0.97913
vn 0.0373 0.71101 -0.7022
vn 0.01003 0.98147 -0.19135
vn 0.05216 -0.19642 -0.97913
vn 0.0373 -0.71101 -0.7022
vn 0.01951 -0.98147 -0.1906
vn 0.00993 0.19661 -0.98043
vn 0.00712 0.71105 -0.70311
vn 0.00193 0.98146 -0.19167
vn 0.00993 -0.19661 -0.98043
vn 0.00712 -0.71105 -0.70311
vn 0.01003 -0.98147 -0.19135
vn -0.02078 0.71098 -0.7029
vn -0.02909 0.19661 -0.98005
vn -0.00559 0.98144 -0.19166
vn -0.02078 -0.71098 -0.7029
vn -0.00559 -0.98144 -0.19166
vn 0.00193 -0.98146 -0.19167
vn -0.04862 0.71083 -0.70168
vn -0.06802 0.19646 -0.97815
vn -0.01308 0.98143 -0.19137
vn -0.02909 -0.19661 -0.98005
vn -0.04862 -0.71083 -0.70168
vn -0.01308 -0.98143 -0.19137
vn -0.07865 0.71049 -0.6993
vn -0.10998 0.19608 -0.9744
vn -0.02114 0.98141 -0.19078
vn -0.06802 -0.19646 -0.97815
vn -0.07865 -0.71049 -0.6993
vn -0.02114 -0.98141 -0.19078
vn -0.11386 0.70975 -0.69519
vn -0.1591 0.19524 -0.96776
vn -0.03054 0.98135 -0.18977
vn -0.10998 -0.19607 -0.9744
vn -0.11386 -0.70975 -0.69519
vn -0.03054 -0.98135 -0.18977
vn -0.14503 0.70652 -0.69268
vn -0.20188 0.19404 -0.96
vn -0.03961 0.98086 -0.19062
vn -0.1591 -0.19524 -0.96776
vn -0.14547 -0.70667 -0.69243
vn -0.03961 -0.98086 -0.19062
vn -0.14523 -0.1939 0.97021
vn -0.07358 -0.70393 0.70644
vn -0.10124 -0.19458 0.97565
vn -0.10539 -0.70387 0.70247
vn -0.02089 -0.98014 0.19722
vn -0.14523 0.1939 0.97021
vn -0.07358 0.70393 0.70644
vn -0.10539 0.70387 0.70247
vn -0.02089 0.98014 0.19722
vn -0.02968 0.9802 0.19576
vn -0.03761 -0.70547 0.70775
vn -0.0519 -0.19532 0.97936
vn -0.0106 -0.9804 0.19675
vn -0.10124 0.19458 0.97565
vn -0.03761 0.70547 0.70775
vn -0.0106 0.9804 0.19675
vn -0.00714 -0.70613 0.70805
vn -0.00988 -0.19563 0.98063
vn -0.002 -0.98051 0.19647
vn -0.0519 0.19532 0.97936
vn -0.00714 0.70613 0.70805
vn -0.002 0.98051 0.19647
vn 0.02898 -0.19567 0.98024
vn 0.021 -0.70625 0.70765
vn 0.00591 -0.98053 0.19627
vn 0.02898 0.19567 0.98024
vn -0.00988 0.19563 0.98063
vn 0.021 0.70625 0.70765
vn 0.06775 -0.19548 0.97836
vn 0.0491 -0.70592 0.70659
vn 0.01382 -0.98048 0.19614
vn 0.06775 0.19548 0.97836
vn 0.0491 0.70592 0.70659
vn 0.00591 0.98053 0.19627
vn 0.10947 -0.19498 0.97468
vn 0.07945 -0.70499 0.70475
vn 0.02244 -0.98033 0.19609
vn 0.10947 0.19498 0.97468
vn 0.07945 0.70499 0.70475
vn 0.01382 0.98048 0.19614
vn 0.15817 -0.19395 0.96818
vn 0.11513 -0.70305 0.70176
vn 0.03277 -0.98001 0.19626
vn 0.15817 0.19395 0.96818
vn 0.11513 0.70305 0.70176
vn 0.02244 0.98033 0.19609
vn 0.20148 -0.19299 0.96029
vn 0.14681 -0.70261 0.69627
vn 0.04157 -0.97998 0.1947
vn 0.20148 0.19299 0.96029
vn 0.1465 0.70256 0.69638
vn 0.03277 0.98001 0.19626
vn 0.17137 0.19493 0.96573
vn 0.14578 0.19468 -0.96997
vn 0.03015 0.98025 -0.19543
vn -0.03605 -0.97947 -0.19836
vn -0.02968 -0.9802 0.19576
vn -0.14847 -0.19453 0.9696
vn -0.20218 -0.19378 -0.95999
vn 0.04139 0.98001 0.19459
vn 0.19291 -0.98105 -0.01808
vn 0.70052 -0.71186 -0.05017
vn 0.70431 -0.70644 -0.06994
vn 0.97776 -0.19739 -0.07086
vn 0.9761 -0.19366 -0.09863
vn 0.19047 -0.98161 -0.01292
vn 0.70136 -0.71227 -0.02771
vn 0.97952 -0.1977 -0.0381
vn 0.19037 -0.98171 -0.00401
vn 0.19061 -0.98163 -0.00808
vn 0.70666 -0.7075 -0.00844
vn 0.19607 0.98059 -0.00262
vn 0.70136 0.71227 -0.02771
vn 0.70666 0.7075 -0.00845
vn 0.97952 0.1977 -0.0381
vn 0.98086 0.19445 -0.01023
vn 0.19047 0.98161 -0.01292
vn 0.19061 0.98163 -0.00808
vn 0.70052 0.71186 -0.05017
vn 0.19291 0.98105 -0.01808
vn 0.70429 0.70645 -0.07
vn 0.97776 0.19739 -0.07086
vn 0.98086 -0.19444 -0.01023
vn 0.97611 0.19357 -0.09873
vn -0.17375 0.98478 -0.00524
vn -0.6859 0.7261 -0.04817
vn -0.68689 0.72133 -0.08869
vn -0.9761 0.20406 -0.07475
vn -0.96907 0.20039 -0.14407
vn -0.16867 0.98564 -0.00823
vn -0.17265 0.98497 -0.00596
vn -0.69555 0.71847 -0.0029
vn -0.1873 0.9823 0.00117
vn -0.70873 0.70507 0.02393
vn -0.98061 0.19584 0.00672
vn -0.21733 -0.97596 0.01646
vn -0.71371 -0.7004 0.00701
vn -0.72364 -0.68919 0.03696
vn -0.9815 -0.19124 0.00907
vn -0.98139 -0.18715 0.043
vn -0.20709 -0.97832 0.00244
vn -0.69594 -0.71553 -0.06073
vn -0.97657 -0.2005 -0.07812
vn -0.19704 -0.97928 -0.04684
vn -0.1946 -0.98059 -0.02395
vn -0.69546 -0.70863 -0.11909
vn -0.96855 -0.19692 -0.15208
vn -0.98099 0.18996 0.03961
vn -0.01392 0.69497 0.7189
vn -0.00775 0.97922 0.20266
vn -0.01026 -0.68438 0.72906
vn -0.01197 -0.19246 0.98123
vn -0.00233 -0.97335 0.22932
vn -0.6808 0.69057 0.24418
vn -0.92128 0.19408 0.33701
vn -0.20476 0.9768 0.0627
vn -0.67592 -0.68869 0.26235
vn -0.19908 -0.97574 0.09113
vn 0.26889 -0.68369 0.67843
vn 0.08184 -0.97372 0.21252
vn 0.26855 0.69432 0.66769
vn 0.36414 0.19519 0.91066
vn 0.07717 0.97957 0.18571
vn 0.72497 -0.68775 0.03769
vn 0.98024 -0.19349 0.04105
vn 0.21674 -0.97597 0.02268
vn 0.7234 0.69016 0.01906
vn 0.21179 0.9773 -0.0059
vn 0.98033 0.19411 0.03581
vn 0.36338 -0.19242 0.91155
vn -0.01302 0.19525 0.98067
vn -0.00844 0.99991 -0.01031
vn 0.00844 -0.99991 0.01031
vn 0.01395 -0.9998 0.01459
vn -0.01395 0.9998 -0.01459
vn -0.91953 0.19361 0.34201
vn -0.00844 -0.99991 -0.01031
vn -0.01395 -0.9998 -0.01459
vn 0.00844 0.99991 0.01031
vn 0.01395 0.9998 0.01459
vn -0.91954 -0.19361 0.34201
vt 0.07343 0.62733
vt 0.06951 0.62343
vt 0.06737 0.62689
vt 0.0774 0.62213
vt 0.07449 0.62348
vt 0.07076 0.62548
vt 0.07161 0.62161
vt 0.74089 0.80903
vt 0.74183 0.81124
vt 0.74493 0.81044
vt 0.73782 0.81332
vt 0.73805 0.80967
vt 0.74473 0.81408
vt 0.74177 0.81462
vt 0.06947 0.6607
vt 0.06216 0.66081
vt 0.06413 0.66
vt 0.06714 0.65816
vt 0.06662 0.66205
vt 0.06473 0.65623
vt 0.06137 0.65764
vt 0.7386 0.84552
vt 0.7396 0.84665
vt 0.73574 0.84613
vt 0.74291 0.84325
vt 0.74267 0.8469
vt 0.73598 0.84248
vt 0.73994 0.84378
vt 0.3345 0.51821
vt 0.33282 0.51424
vt 0.33591 0.51438
vt 0.32851 0.51852
vt 0.33188 0.51716
vt 0.33238 0.51574
vt 0.32936 0.51483
vt 0.94749 0.77369
vt 0.95112 0.77204
vt 0.95215 0.77557
vt 0.94487 0.77048
vt 0.94752 0.76979
vt 0.94918 0.7761
vt 0.94931 0.77224
vt 0.3173 0.55322
vt 0.32414 0.55325
vt 0.32066 0.55456
vt 0.31882 0.54925
vt 0.32102 0.55164
vt 0.32501 0.54918
vt 0.32218 0.54788
vt 0.94659 0.80468
vt 0.95003 0.80966
vt 0.94641 0.80853
vt 0.94826 0.80706
vt 0.95123 0.80655
vt 0.94373 0.80919
vt 0.94813 0.81092
vt 0.72088 0.8107
vt 0.71914 0.80666
vt 0.72112 0.80708
vt 0.72108 0.80913
vt 0.71814 0.80972
vt 0.72405 0.80648
vt 0.72131 0.80549
vt 0.72053 0.86008
vt 0.71565 0.85924
vt 0.71757 0.86064
vt 0.718 0.8555
vt 0.71776 0.85914
vt 0.71781 0.85703
vt 0.71505 0.85608
vt 0.97247 0.75896
vt 0.9698 0.75472
vt 0.96974 0.75782
vt 0.96964 0.75567
vt 0.97257 0.75507
vt 0.9668 0.75842
vt 0.96691 0.75454
vt 0.96811 0.81325
vt 0.9683 0.81129
vt 0.96536 0.81216
vt 0.97117 0.80881
vt 0.97107 0.8127
vt 0.96547 0.80828
vt 0.96842 0.80771
vt 0.73863 0.86625
vt 0.7385 0.86702
vt 0.7414 0.86719
vt 0.7359 0.8632
vt 0.73567 0.8668
vt 0.74161 0.86358
vt 0.73866 0.86414
vt 0.98615 0.8204
vt 0.99107 0.82032
vt 0.98911 0.81985
vt 0.989 0.81763
vt 0.98891 0.82149
vt 0.9892 0.81597
vt 0.99195 0.81707
vt 0.73881 0.81712
vt 0.74177 0.81479
vt 0.74155 0.8181
vt 0.74197 0.81292
vt 0.73904 0.81352
vt 0.74449 0.81752
vt 0.74471 0.81391
vt 0.99034 0.76642
vt 0.99235 0.76415
vt 0.99043 0.76254
vt 0.99013 0.76813
vt 0.99307 0.76755
vt 0.9875 0.76314
vt 0.99023 0.76428
vt 0.07016 0.63165
vt 0.06729 0.62936
vt 0.06746 0.63312
vt 0.06185 0.62787
vt 0.07087 0.62774
vt 0.06499 0.62644
vt 0.06202 0.63179
vt 0.06469 0.67413
vt 0.06212 0.67832
vt 0.0644 0.67774
vt 0.05813 0.67432
vt 0.06298 0.67551
vt 0.05732 0.678
vt 0.05941 0.67673
vt 0.34474 0.5141
vt 0.34679 0.50872
vt 0.34596 0.50982
vt 0.34324 0.51141
vt 0.34644 0.51211
vt 0.34248 0.50933
vt 0.34463 0.50741
vt 0.33306 0.56008
vt 0.33344 0.56189
vt 0.33489 0.55826
vt 0.32848 0.56321
vt 0.33211 0.56406
vt 0.3316 0.55741
vt 0.33075 0.56154
vt 0.01653 0.66267
vt 0.01643 0.66725
vt 0.01559 0.66389
vt 0.02159 0.66774
vt 0.01667 0.66669
vt 0.02044 0.66508
vt 0.02027 0.66891
vt 0.29963 0.55107
vt 0.30111 0.55346
vt 0.29814 0.55513
vt 0.30526 0.5505
vt 0.30196 0.54965
vt 0.30453 0.55458
vt 0.3018 0.55595
vt 0.01439 0.61829
vt 0.01304 0.61631
vt 0.014 0.61447
vt 0.0179 0.62101
vt 0.01246 0.61968
vt 0.02002 0.61567
vt 0.01717 0.61696
vt 0.31271 0.50712
vt 0.31592 0.50247
vt 0.31471 0.50545
vt 0.31925 0.50221
vt 0.31376 0.50336
vt 0.31711 0.50397
vt 0.31792 0.50615
vt 0.06953 0.62344
vt 0.07463 0.62349
vt 0.07076 0.62548
vt 0.07169 0.62157
vt 0.74089 0.80903
vt 0.74182 0.81124
vt 0.73805 0.80967
vt 0.74473 0.81408
vt 0.74493 0.81044
vt 0.74177 0.81462
vt 0.06947 0.6607
vt 0.06214 0.66081
vt 0.06649 0.66204
vt 0.06473 0.65623
vt 0.06406 0.66003
vt 0.06714 0.65816
vt 0.06137 0.65764
vt 0.7386 0.84552
vt 0.73961 0.84665
vt 0.74267 0.8469
vt 0.73598 0.84248
vt 0.73574 0.84613
vt 0.74291 0.84325
vt 0.73994 0.84378
vt 0.3345 0.51821
vt 0.33277 0.51424
vt 0.33188 0.51716
vt 0.33238 0.51574
vt 0.33591 0.51438
vt 0.32936 0.51483
vt 0.94749 0.77369
vt 0.95113 0.77205
vt 0.94748 0.76977
vt 0.95215 0.77557
vt 0.94487 0.77048
vt 0.94929 0.77225
vt 0.32414 0.55325
vt 0.3173 0.55322
vt 0.32066 0.55456
vt 0.32501 0.54918
vt 0.32108 0.55165
vt 0.31882 0.54925
vt 0.32218 0.54788
vt 0.94659 0.80468
vt 0.95003 0.80966
vt 0.95123 0.80654
vt 0.94373 0.80919
vt 0.94644 0.80854
vt 0.94826 0.80706
vt 0.94816 0.81091
vt 0.72088 0.8107
vt 0.71914 0.80666
vt 0.71814 0.80972
vt 0.72112 0.80708
vt 0.72108 0.80913
vt 0.72131 0.80549
vt 0.72053 0.86008
vt 0.71565 0.85924
vt 0.71776 0.85914
vt 0.71781 0.85703
vt 0.71757 0.86064
vt 0.71505 0.85608
vt 0.97247 0.75896
vt 0.9668 0.75842
vt 0.96974 0.75782
vt 0.96964 0.75567
vt 0.9683 0.81129
vt 0.96547 0.80828
vt 0.96536 0.81216
vt 0.96842 0.80771
vt 0.7385 0.86702
vt 0.73567 0.8668
vt 0.74161 0.86358
vt 0.7414 0.86719
vt 0.73866 0.86414
vt 0.98615 0.8204
vt 0.99107 0.82032
vt 0.9892 0.81597
vt 0.98911 0.81985
vt 0.989 0.81763
vt 0.99195 0.81707
vt 0.73881 0.81712
vt 0.74177 0.81479
vt 0.73904 0.81352
vt 0.74155 0.8181
vt 0.74197 0.81292
vt 0.99034 0.76642
vt 0.99307 0.76755
vt 0.07016 0.63165
vt 0.06735 0.62935
vt 0.071 0.62767
vt 0.06202 0.63179
vt 0.06159 0.62781
vt 0.06499 0.62644
vt 0.06469 0.67413
vt 0.06208 0.67833
vt 0.06298 0.67551
vt 0.05754 0.67806
vt 0.06432 0.67781
vt 0.05941 0.67673
vt 0.05813 0.67432
vt 0.34474 0.5141
vt 0.34679 0.50874
vt 0.34644 0.51211
vt 0.34248 0.50933
vt 0.34588 0.50991
vt 0.34324 0.51141
vt 0.34448 0.50738
vt 0.33306 0.56008
vt 0.33345 0.56187
vt 0.33219 0.56398
vt 0.3316 0.55741
vt 0.33489 0.55826
vt 0.32848 0.56321
vt 0.33089 0.56158
vt 0.01653 0.66267
vt 0.01643 0.66726
vt 0.01663 0.66674
vt 0.02044 0.66508
vt 0.02159 0.66774
vt 0.02006 0.66886
vt 0.29963 0.55107
vt 0.30116 0.55344
vt 0.30196 0.54965
vt 0.30438 0.55454
vt 0.29825 0.55507
vt 0.3018 0.55595
vt 0.30526 0.5505
vt 0.01439 0.61829
vt 0.01305 0.61629
vt 0.01246 0.61968
vt 0.0141 0.61441
vt 0.0179 0.62101
vt 0.01743 0.61702
vt 0.31271 0.50712
vt 0.31588 0.50249
vt 0.31367 0.50343
vt 0.31792 0.50615
vt 0.31471 0.50545
vt 0.3194 0.50224
vt 0.31711 0.50397
vt 0.33485 0.52588
vt 0.33039 0.52762
vt 0.32914 0.53156
vt 0.33604 0.5218
vt 0.3267 0.52655
vt 0.29292 0.52049
vt 0.30248 0.51329
vt 0.30115 0.51703
vt 0.29426 0.51672
vt 0.30591 0.51414
vt 0.3233 0.53368
vt 0.32193 0.5375
vt 0.31923 0.53226
vt 0.28195 0.52334
vt 0.28326 0.51949
vt 0.29796 0.51782
vt 0.31453 0.53934
vt 0.31303 0.54306
vt 0.31001 0.53756
vt 0.26874 0.52558
vt 0.26994 0.52159
vt 0.28733 0.52092
vt 0.30379 0.54409
vt 0.30223 0.54775
vt 0.29893 0.54203
vt 0.25457 0.5279
vt 0.25562 0.52372
vt 0.27445 0.52338
vt 0.28956 0.55116
vt 0.29106 0.54747
vt 0.28616 0.54541
vt 0.24234 0.52708
vt 0.24726 0.52914
vt 0.26049 0.52577
vt 0.27599 0.55365
vt 0.27729 0.54984
vt 0.27268 0.54804
vt 0.24136 0.53143
vt 0.23128 0.53209
vt 0.23592 0.53389
vt 0.26328 0.55622
vt 0.26441 0.5523
vt 0.26006 0.55074
vt 0.23014 0.53646
vt 0.22078 0.537
vt 0.22516 0.53857
vt 0.25205 0.55879
vt 0.25305 0.55482
vt 0.24888 0.55339
vt 0.21943 0.54137
vt 0.21037 0.5412
vt 0.21469 0.54258
vt 0.23902 0.60392
vt 0.24849 0.60437
vt 0.24976 0.60041
vt 0.23768 0.608
vt 0.244 0.60335
vt 0.20482 0.59011
vt 0.19118 0.5986
vt 0.19261 0.59427
vt 0.20357 0.59444
vt 0.19588 0.59955
vt 0.25945 0.60028
vt 0.26084 0.59645
vt 0.25515 0.5992
vt 0.21763 0.58534
vt 0.21654 0.58968
vt 0.20807 0.59546
vt 0.27094 0.5963
vt 0.27249 0.5926
vt 0.26677 0.5951
vt 0.23045 0.58018
vt 0.22949 0.58453
vt 0.22085 0.59076
vt 0.28308 0.59242
vt 0.28465 0.58876
vt 0.2789 0.59106
vt 0.24279 0.57481
vt 0.24174 0.579
vt 0.23367 0.58572
vt 0.29635 0.58467
vt 0.29488 0.58838
vt 0.29073 0.58697
vt 0.25396 0.57438
vt 0.2581 0.57579
vt 0.24591 0.58035
vt 0.30679 0.5802
vt 0.30547 0.58399
vt 0.3014 0.58263
vt 0.25517 0.57038
vt 0.26554 0.57048
vt 0.2696 0.57184
vt 0.31547 0.5754
vt 0.31429 0.57928
vt 0.31038 0.57804
vt 0.26691 0.56661
vt 0.27593 0.56673
vt 0.27985 0.56799
vt 0.32224 0.57066
vt 0.3212 0.57457
vt 0.31739 0.57347
vt 0.27736 0.56294
vt 0.28434 0.56303
vt 0.2881 0.56419
vt 0.14518 0.63565
vt 0.1382 0.64065
vt 0.13266 0.64011
vt 0.15047 0.63615
vt 0.13986 0.63641
vt 0.16693 0.5797
vt 0.15956 0.58487
vt 0.17161 0.58067
vt 0.15799 0.58907
vt 0.17003 0.58486
vt 0.12533 0.64576
vt 0.11947 0.64518
vt 0.12696 0.64155
vt 0.15493 0.58398
vt 0.14673 0.59026
vt 0.14513 0.59445
vt 0.11242 0.65117
vt 0.10639 0.65054
vt 0.11403 0.64704
vt 0.1421 0.58941
vt 0.13367 0.5966
vt 0.13207 0.60073
vt 0.09414 0.65594
vt 0.10014 0.65667
vt 0.10171 0.65265
vt 0.11557 0.60246
vt 0.12878 0.59574
vt 0.12097 0.60343
vt 0.08329 0.66128
vt 0.0891 0.66212
vt 0.09056 0.65817
vt 0.10283 0.60873
vt 0.10875 0.60983
vt 0.11939 0.60746
vt 0.07405 0.66631
vt 0.07958 0.66726
vt 0.08078 0.66339
vt 0.08976 0.61467
vt 0.09589 0.6159
vt 0.10724 0.61379
vt 0.06673 0.67088
vt 0.07196 0.67191
vt 0.07282 0.66811
vt 0.07786 0.61998
vt 0.08395 0.62127
vt 0.09461 0.61981
vt 0.06145 0.67491
vt 0.06646 0.67598
vt 0.067 0.67224
vt 0.0686 0.62448
vt 0.07457 0.62578
vt 0.08297 0.62514
vt 0.11809 0.57712
vt 0.12538 0.57111
vt 0.11349 0.57622
vt 0.12315 0.57572
vt 0.11112 0.58073
vt 0.08862 0.63601
vt 0.09819 0.63114
vt 0.10331 0.63171
vt 0.08313 0.63547
vt 0.10006 0.62667
vt 0.10544 0.58279
vt 0.10084 0.58193
vt 0.09826 0.58635
vt 0.07315 0.64068
vt 0.06732 0.64009
vt 0.08534 0.63101
vt 0.09019 0.58891
vt 0.08531 0.58804
vt 0.08284 0.59234
vt 0.05884 0.64553
vt 0.05283 0.6449
vt 0.06981 0.6357
vt 0.06769 0.59385
vt 0.07311 0.59481
vt 0.0657 0.59805
vt 0.04088 0.64947
vt 0.04293 0.64526
vt 0.05527 0.6406
vt 0.05051 0.59889
vt 0.05645 0.59998
vt 0.04915 0.60302
vt 0.0469 0.65019
vt 0.03187 0.65375
vt 0.03331 0.64958
vt 0.0358 0.6036
vt 0.04195 0.60483
vt 0.03507 0.60768
vt 0.03769 0.65459
vt 0.02539 0.65777
vt 0.0262 0.65365
vt 0.0246 0.60826
vt 0.03068 0.60955
vt 0.02438 0.61226
vt 0.0309 0.65872
vt 0.02085 0.66154
vt 0.02116 0.65748
vt 0.01692 0.61245
vt 0.02281 0.61378
vt 0.01703 0.61639
vt 0.02606 0.66257
vt 0.01786 0.66501
vt 0.01781 0.661
vt 0.28575 0.55925
vt 0.23313 0.60699
vt 0.15209 0.63195
vt 0.33258 0.52102
vt 0.2089 0.54555
vt 0.12991 0.57213
vt 0.07384 0.62964
vt 0.02281 0.66611
vt 0.19145 0.63656
vt 0.1249 0.62682
vt 0.12273 0.63069
vt 0.1925 0.6324
vt 0.1316 0.62613
vt 0.26043 0.65248
vt 0.26085 0.64829
vt 0.19669 0.63147
vt 0.30996 0.66606
vt 0.30904 0.66365
vt 0.26232 0.64673
vt 0.25534 0.68567
vt 0.30407 0.70703
vt 0.30477 0.70298
vt 0.25448 0.68977
vt 0.30311 0.70472
vt 0.18488 0.67468
vt 0.1891 0.67378
vt 0.25594 0.68827
vt 0.18535 0.67039
vt 0.11308 0.66649
vt 0.11995 0.66593
vt 0.30949 0.67019
vt 0.11322 0.66242
vt 0.46032 0.616
vt 0.35894 0.57063
vt 0.35922 0.56598
vt 0.4598 0.62036
vt 0.35723 0.57246
vt 0.57564 0.66876
vt 0.56968 0.66868
vt 0.45614 0.62124
vt 0.57656 0.66474
vt 0.68108 0.70337
vt 0.67262 0.70243
vt 0.57961 0.63073
vt 0.68005 0.66254
vt 0.68074 0.66683
vt 0.57947 0.62626
vt 0.67176 0.66157
vt 0.46421 0.5809
vt 0.46467 0.5765
vt 0.57357 0.62618
vt 0.36612 0.5263
vt 0.36439 0.52815
vt 0.46104 0.5774
vt 0.36496 0.5305
vt 0.68158 0.69949
vt 0.33604 0.5218
vt 0.33039 0.52762
vt 0.33485 0.52588
vt 0.30591 0.51414
vt 0.29426 0.51672
vt 0.30248 0.51329
vt 0.30115 0.51703
vt 0.3233 0.53368
vt 0.32193 0.5375
vt 0.28326 0.51949
vt 0.31001 0.53756
vt 0.31453 0.53934
vt 0.26994 0.52159
vt 0.26874 0.52558
vt 0.29893 0.54203
vt 0.30379 0.54409
vt 0.27445 0.52338
vt 0.25562 0.52372
vt 0.25457 0.5279
vt 0.29106 0.54747
vt 0.28616 0.54541
vt 0.26049 0.52577
vt 0.24234 0.52708
vt 0.27729 0.54984
vt 0.27268 0.54804
vt 0.23592 0.53389
vt 0.23128 0.53209
vt 0.24136 0.53143
vt 0.26441 0.5523
vt 0.26006 0.55074
vt 0.26328 0.55622
vt 0.22516 0.53857
vt 0.22078 0.537
vt 0.25305 0.55482
vt 0.24888 0.55339
vt 0.25205 0.55879
vt 0.21469 0.54258
vt 0.21037 0.5412
vt 0.21943 0.54137
vt 0.244 0.60335
vt 0.23768 0.608
vt 0.23902 0.60392
vt 0.24976 0.60041
vt 0.19588 0.59955
vt 0.20482 0.59011
vt 0.25515 0.5992
vt 0.20807 0.59546
vt 0.26677 0.5951
vt 0.27094 0.5963
vt 0.22949 0.58453
vt 0.2789 0.59106
vt 0.28308 0.59242
vt 0.23367 0.58572
vt 0.24279 0.57481
vt 0.29488 0.58838
vt 0.2581 0.57579
vt 0.24591 0.58035
vt 0.30547 0.58399
vt 0.3014 0.58263
vt 0.2696 0.57184
vt 0.26554 0.57048
vt 0.31429 0.57928
vt 0.31038 0.57804
vt 0.31547 0.5754
vt 0.27593 0.56673
vt 0.26691 0.56661
vt 0.3212 0.57457
vt 0.31739 0.57347
vt 0.2881 0.56419
vt 0.28434 0.56303
vt 0.15047 0.63615
vt 0.14518 0.63565
vt 0.13266 0.64011
vt 0.15799 0.58907
vt 0.17161 0.58067
vt 0.17003 0.58486
vt 0.15956 0.58487
vt 0.16693 0.5797
vt 0.12696 0.64155
vt 0.12533 0.64576
vt 0.11947 0.64518
vt 0.14513 0.59445
vt 0.15493 0.58398
vt 0.11242 0.65117
vt 0.13207 0.60073
vt 0.1421 0.58941
vt 0.10171 0.65265
vt 0.09414 0.65594
vt 0.12097 0.60343
vt 0.11557 0.60246
vt 0.12878 0.59574
vt 0.0891 0.66212
vt 0.09056 0.65817
vt 0.08329 0.66128
vt 0.11939 0.60746
vt 0.10875 0.60983
vt 0.10283 0.60873
vt 0.08078 0.66339
vt 0.07405 0.66631
vt 0.10724 0.61379
vt 0.09589 0.6159
vt 0.08976 0.61467
vt 0.07196 0.67191
vt 0.06673 0.67088
vt 0.09461 0.61981
vt 0.08395 0.62127
vt 0.07786 0.61998
vt 0.06646 0.67598
vt 0.067 0.67224
vt 0.06145 0.67491
vt 0.07457 0.62578
vt 0.0686 0.62448
vt 0.12315 0.57572
vt 0.11349 0.57622
vt 0.12538 0.57111
vt 0.11809 0.57712
vt 0.10006 0.62667
vt 0.08313 0.63547
vt 0.09819 0.63114
vt 0.08862 0.63601
vt 0.10084 0.58193
vt 0.06732 0.64009
vt 0.08531 0.58804
vt 0.09019 0.58891
vt 0.06981 0.6357
vt 0.05884 0.64553
vt 0.06769 0.59385
vt 0.07311 0.59481
vt 0.04293 0.64526
vt 0.05527 0.6406
vt 0.04088 0.64947
vt 0.05645 0.59998
vt 0.03331 0.64958
vt 0.03187 0.65375
vt 0.0469 0.65019
vt 0.03507 0.60768
vt 0.04195 0.60483
vt 0.0262 0.65365
vt 0.03769 0.65459
vt 0.02438 0.61226
vt 0.0246 0.60826
vt 0.02116 0.65748
vt 0.02085 0.66154
vt 0.0309 0.65872
vt 0.01703 0.61639
vt 0.01692 0.61245
vt 0.02281 0.61378
vt 0.01781 0.66101
vt 0.01786 0.66501
vt 0.02606 0.66257
vt 0.28575 0.55925
vt 0.15209 0.63195
vt 0.23313 0.60699
vt 0.33258 0.52102
vt 0.12991 0.57213
vt 0.2089 0.54555
vt 0.07384 0.62964
vt 0.1316 0.62613
vt 0.1925 0.6324
vt 0.1249 0.62682
vt 0.19145 0.63656
vt 0.12273 0.63069
vt 0.19669 0.63147
vt 0.30904 0.66365
vt 0.30996 0.66606
vt 0.30311 0.70472
vt 0.25448 0.68977
vt 0.30407 0.70703
vt 0.25534 0.68567
vt 0.30477 0.70298
vt 0.1891 0.67378
vt 0.18488 0.67468
vt 0.11995 0.66593
vt 0.11308 0.66649
vt 0.30949 0.67019
vt 0.11322 0.66242
vt 0.35723 0.57246
vt 0.4598 0.62036
vt 0.35894 0.57063
vt 0.46032 0.616
vt 0.35922 0.56598
vt 0.45614 0.62124
vt 0.57564 0.66876
vt 0.67262 0.70243
vt 0.68109 0.70337
vt 0.67176 0.66157
vt 0.57947 0.62626
vt 0.68005 0.66254
vt 0.57961 0.63073
vt 0.68074 0.66683
vt 0.57357 0.62618
vt 0.46467 0.5765
vt 0.46104 0.5774
vt 0.36612 0.5263
vt 0.36496 0.5305
vt 0.68158 0.69949
vt 0.28801 0.61384
vt 0.2812 0.65677
vt 0.30503 0.65652
vt 0.31175 0.61345
vt 0.96291 0.47799
vt 0.31767 0.23183
vt 0.9614 0.48241
vt 0.97857 0.4856
vt 0.33982 0.2324
vt 0.98006 0.4812
vt 0.97678 0.48985
vt 0.33833 0.23649
vt 0.9806 0.46081
vt 0.33736 0.21152
vt 0.97924 0.45964
vt 0.96093 0.50292
vt 0.32019 0.25274
vt 0.96231 0.50408
vt 0.96472 0.47372
vt 0.31916 0.22771
vt 0.95993 0.50095
vt 0.31848 0.2515
vt 0.96676 0.46976
vt 0.32103 0.22376
vt 0.97475 0.4938
vt 0.33648 0.24042
vt 0.98157 0.46279
vt 0.33906 0.21279
vt 0.98213 0.4655
vt 0.34036 0.21479
vt 0.95935 0.49823
vt 0.31716 0.24951
vt 0.96896 0.46628
vt 0.32319 0.22014
vt 0.97258 0.4973
vt 0.33433 0.24402
vt 0.97033 0.5002
vt 0.33197 0.24718
vt 0.98226 0.46883
vt 0.34121 0.21746
vt 0.97123 0.46339
vt 0.32557 0.21698
vt 0.97347 0.46122
vt 0.32807 0.21441
vt 0.9681 0.50241
vt 0.32949 0.24976
vt 0.95921 0.49488
vt 0.31629 0.24684
vt 0.98194 0.47265
vt 0.34159 0.22068
vt 0.95951 0.49102
vt 0.31589 0.24361
vt 0.9812 0.47683
vt 0.34148 0.22435
vt 0.97561 0.45984
vt 0.3306 0.21252
vt 0.96596 0.50382
vt 0.32697 0.25166
vt 0.96025 0.48681
vt 0.316 0.23994
vt 0.96401 0.50439
vt 0.32452 0.25282
vt 0.3166 0.23596
vt 0.34088 0.2283
vt 0.97756 0.45931
vt 0.33305 0.21138
vt 0.33533 0.21105
vt 0.32223 0.25318
vt 0.09007 0.94139
vt 0.01304 0.99139
vt 0.09085 1
vt 0 0.94174
vt 0 0.94094
vt 0.09001 1
vt 0 1
vt 0.90991 0.94137
vt 0.98777 0.99189
vt 1 0.942
vt 0.90999 1
vt 0.91078 1
vt 1 0.94174
vt 1 1
vt 0.09007 0.94139
vt 0.01314 0.99169
vt 0 0.94145
vt 0.09085 1
vt 0 1
vt 0.90991 0.94137
vt 0.98768 0.99219
vt 0.91078 1
vt 1 0.94174
vt 1 0.94251
vt 0.90999 1
vt 1 1
vt 0.1402 0.089
vt 0.04524 0.02942
vt 0.03352 0.07395
vt 0.0414 0.0268
vt 0.11527 0.02162
vt 0.14638 0.01945
vt 0.03004 0.09475
vt 0.86079 0.08837
vt 0.95332 0.02965
vt 0.86647 0.02035
vt 0.97021 0.09626
vt 0.9685 0.08602
vt 0.85129 0.01928
vt 0.9586 0.0268
vt 0.1402 0.089
vt 0.04558 0.02934
vt 0.11467 0.02167
vt 0.0414 0.0268
vt 0.03336 0.07488
vt 0.03004 0.09475
vt 0.14638 0.01945
vt 0.86079 0.08837
vt 0.95411 0.0303
vt 0.96859 0.08659
vt 0.85129 0.01928
vt 0.86684 0.02037
vt 0.97021 0.09626
vt 0.9586 0.0268
vt 0.09007 0.94139
vt 0.01312 0.99141
vt 0 0.94094
vt 0 0.94174
vt 0.9877 0.99196
vt 0.91078 1
vt 0.09007 0.94139
vt 0.01307 0.99162
vt 0.09085 1
vt 0 0.94174
vt 0 0.94145
vt 0.09001 1
vt 0.90991 0.94137
vt 0.98774 0.99217
vt 1 0.94251
vt 0.90999 1
vt 1 0.94174
vt 0.1402 0.089
vt 0.04585 0.02905
vt 0.11527 0.02162
vt 0.0414 0.0268
vt 0.03352 0.07395
vt 0.86079 0.08837
vt 0.95388 0.02999
vt 0.9685 0.08602
vt 0.85129 0.01928
vt 0.86647 0.02035
vt 0.9586 0.0268
vt 0.1402 0.089
vt 0.04497 0.02976
vt 0.03336 0.07488
vt 0.11467 0.02167
vt 0.14638 0.01945
vt 0.03004 0.09475
vt 0.86079 0.08837
vt 0.95355 0.02991
vt 0.86684 0.02037
vt 0.97021 0.09626
vt 0.85129 0.01928
vt 0.9586 0.0268
vt 0.56713 0.0496
vt 0.57815 0.00029
vt 0.56713 0.0496
vt 0.57791 0.00027
vt 0.57595 0
vt 0.9191 0.2769
vt 0.99988 0.27675
vt 1 0.27448
vt 0.9191 0.2769
vt 0.99986 0.27622
vt 0.43845 0.0497
vt 0.42203 0.00027
vt 0.43845 0.0497
vt 0.4218 0.00028
vt 0.42405 0
vt 0.0811 0.28046
vt 0.00014 0.27611
vt 0 0.27448
vt 0.0811 0.28046
vt 0.00012 0.27663
vt 0 0.27448
vt 0.42405 0
vt 0.57595 0
vt 0.57815 0.00029
vt 0.56713 0.0496
vt 0.57791 0.00027
vt 0.57595 0
vt 0.56713 0.0496
vt 0.99988 0.27675
vt 0.9191 0.2769
vt 0.99986 0.27622
vt 0.9191 0.2769
vt 0.42203 0.00027
vt 0.43845 0.0497
vt 0.4218 0.00028
vt 0.43845 0.0497
vt 0.00014 0.27611
vt 0.0811 0.28046
vt 0.00012 0.27663
vt 0.0811 0.28046
vt 0.42405 0
usemtl mat0
f 129/1/129 130/2/130 131/3/131
f 132/4/132 130/2/130 133/5/133
f 134/6/134 130/2/130 135/7/135
f 136/8/136 137/9/137 138/10/138
f 139/11/139 137/9/137 140/12/140
f 141/13/141 137/9/137 142/14/142
f 143/15/143 144/16/144 145/17/145
f 146/18/146 144/16/144 147/19/147
f 148/20/148 144/16/144 149/21/149
f 150/22/150 151/23/151 152/24/152
f 153/25/153 151/23/151 154/26/154
f 155/27/155 151/23/151 156/28/156
f 157/29/157 158/30/158 159/31/159
f 160/32/160 158/30/158 161/33/161
f 162/34/162 158/30/158 163/35/163
f 164/36/164 165/37/165 166/38/166
f 167/39/167 165/37/165 168/40/168
f 169/41/169 165/37/165 170/42/170
f 171/43/171 172/44/172 173/45/173
f 174/46/174 175/47/175 171/43/171
f 176/48/176 175/47/175 177/49/177
f 178/50/178 179/51/179 180/52/180
f 181/53/181 179/51/179 182/54/182
f 183/55/183 179/51/179 184/56/184
f 185/57/185 186/58/186 187/59/187
f 188/60/188 186/58/186 189/61/189
f 190/62/190 186/58/186 191/63/191
f 192/64/192 193/65/193 194/66/194
f 195/67/195 193/65/193 196/68/196
f 197/69/197 193/65/193 198/70/198
f 199/71/199 200/72/200 201/73/201
f 202/74/202 200/72/200 203/75/203
f 204/76/204 200/72/200 205/77/205
f 206/78/206 207/79/207 208/80/208
f 209/81/209 207/79/207 210/82/210
f 211/83/211 207/79/207 212/84/212
f 213/85/213 214/86/214 215/87/215
f 216/88/216 214/86/214 217/89/217
f 218/90/218 214/86/214 219/91/219
f 220/92/220 221/93/221 222/94/222
f 223/95/223 221/93/221 224/96/224
f 225/97/225 221/93/221 226/98/226
f 227/99/227 228/100/228 229/101/229
f 230/102/230 228/100/228 231/103/231
f 232/104/232 228/100/228 233/105/233
f 234/106/234 235/107/235 236/108/236
f 237/109/237 235/107/235 238/110/238
f 239/111/239 235/107/235 240/112/240
f 241/113/241 242/114/242 243/115/243
f 244/116/244 245/117/245 246/118/246
f 247/119/247 242/114/242 244/116/244
f 248/120/248 249/121/249 250/122/250
f 251/123/251 249/121/249 252/124/252
f 250/122/250 253/125/253 254/126/254
f 255/127/255 256/128/256 257/129/257
f 258/130/258 256/128/256 259/131/259
f 260/132/260 256/128/256 261/133/261
f 262/134/262 263/135/263 264/136/264
f 265/137/265 263/135/263 266/138/266
f 267/139/267 263/135/263 268/140/268
f 269/141/269 270/142/270 271/143/271
f 272/144/272 270/142/270 273/145/273
f 274/146/274 270/142/270 275/147/275
f 276/148/276 277/149/277 278/150/278
f 279/151/279 277/149/277 280/152/280
f 278/150/278 281/153/281 282/154/282
f 283/155/283 284/156/284 285/157/285
f 286/158/286 284/156/284 287/159/287
f 288/160/288 284/156/284 289/161/289
f 290/162/290 291/163/291 292/164/292
f 293/165/293 294/166/294 295/167/295
f 296/168/296 291/163/291 293/165/293
f 353/1/353 354/169/354 355/170/355
f 356/171/356 354/169/354 357/3/357
f 358/4/358 354/169/354 359/172/359
f 360/173/360 361/174/361 362/175/362
f 363/176/363 361/174/361 364/177/364
f 365/11/365 361/174/361 366/178/366
f 367/179/367 368/180/368 369/181/369
f 370/182/370 368/180/368 371/183/371
f 372/184/372 368/180/368 373/185/373
f 374/186/374 375/187/375 376/188/376
f 377/189/377 375/187/375 378/190/378
f 379/191/379 375/187/375 380/192/380
f 381/193/381 382/194/382 383/195/383
f 384/196/384 382/194/382 385/197/385
f 386/32/386 382/194/382 387/198/387
f 388/199/388 389/200/389 390/201/390
f 391/41/391 389/200/389 392/202/392
f 393/203/393 389/200/389 394/204/394
f 395/205/395 396/206/396 397/207/397
f 398/208/398 399/209/399 395/205/395
f 400/210/400 399/209/399 401/211/401
f 402/212/402 403/213/403 404/214/404
f 405/215/405 403/213/403 406/216/406
f 407/217/407 403/213/403 408/218/408
f 409/219/409 410/220/410 411/221/411
f 412/62/412 410/220/410 413/222/413
f 414/223/414 410/220/410 415/224/415
f 416/225/416 417/226/417 418/227/418
f 419/228/419 417/226/417 420/229/420
f 421/67/421 417/226/417 422/230/422
f 423/231/423 424/72/424 425/75/425
f 426/232/426 424/72/424 427/233/427
f 428/234/428 424/72/424 429/77/429
f 430/78/430 431/235/431 432/82/432
f 433/236/433 431/235/431 434/237/434
f 435/81/435 431/235/431 436/238/436
f 437/85/437 438/239/438 439/240/439
f 440/241/440 438/239/438 441/242/441
f 442/88/442 438/239/438 443/243/443
f 444/244/444 445/245/445 446/96/446
f 447/246/447 445/245/445 448/247/448
f 449/248/449 445/245/445 450/249/450
f 451/250/451 452/251/452 453/252/453
f 454/104/454 452/251/452 455/253/455
f 456/254/456 452/251/452 457/105/457
f 458/255/458 459/107/459 460/256/460
f 461/111/461 459/107/459 462/108/462
f 463/109/463 459/107/459 464/112/464
f 465/257/465 466/258/466 467/259/467
f 468/260/468 466/258/466 469/115/469
f 467/259/467 470/261/470 471/262/471
f 472/263/472 473/264/473 474/265/474
f 475/266/475 476/267/476 477/268/477
f 478/269/478 473/264/473 475/266/475
f 479/270/479 480/271/480 481/272/481
f 482/273/482 480/271/480 483/274/483
f 484/275/484 480/271/480 485/276/485
f 486/277/486 487/278/487 488/279/488
f 489/280/489 487/278/487 490/281/490
f 491/282/491 487/278/487 492/283/492
f 493/284/493 494/285/494 495/286/495
f 496/287/496 494/285/494 497/143/497
f 498/288/498 494/285/494 499/289/499
f 500/290/500 501/291/501 502/292/502
f 503/293/503 504/294/504 505/295/505
f 506/296/506 501/291/501 503/293/503
f 507/297/507 508/298/508 509/299/509
f 510/160/510 508/298/508 511/300/511
f 512/301/512 508/298/508 513/302/513
f 514/303/514 515/304/515 516/305/516
f 517/306/517 515/304/515 518/307/518
f 516/305/516 519/308/519 520/309/520
f 181/53/181 166/38/166 169/41/169
f 182/54/182 164/36/164 166/38/166
f 141/13/141 170/42/170 138/10/138
f 138/10/138 167/39/167 136/8/136
f 148/20/148 171/43/171 145/17/145
f 145/17/145 173/45/173 143/15/143
f 148/20/148 131/3/131 134/6/134
f 149/21/149 129/1/129 131/3/131
f 153/25/153 184/56/184 181/53/181
f 154/26/154 183/55/183 184/56/184
f 174/46/174 161/33/161 177/49/177
f 177/49/177 157/29/157 176/48/176
f 134/6/134 163/35/163 160/32/160
f 135/7/135 162/34/162 163/35/163
f 141/13/141 156/28/156 153/25/153
f 142/14/142 155/27/155 156/28/156
f 206/78/206 196/68/196 192/64/192
f 208/80/208 195/67/195 196/68/196
f 197/69/197 189/61/189 185/57/185
f 198/70/198 188/60/188 189/61/189
f 199/71/199 212/84/212 209/81/209
f 201/73/201 211/83/211 212/84/212
f 190/62/190 205/77/205 202/74/202
f 191/63/191 204/76/204 205/77/205
f 223/95/223 215/87/215 218/90/218
f 224/96/224 213/85/213 215/87/215
f 218/90/218 229/101/229 232/104/232
f 219/91/219 227/99/227 229/101/229
f 237/109/237 226/98/226 223/95/223
f 238/110/238 225/97/225 226/98/226
f 232/104/232 240/112/240 237/109/237
f 233/105/233 239/111/239 240/112/240
f 234/106/234 203/75/203 199/71/199
f 203/75/203 239/111/239 202/74/202
f 227/99/227 187/59/187 231/103/231
f 187/59/187 230/102/230 231/103/231
f 213/85/213 194/66/194 217/89/217
f 194/66/194 216/88/216 217/89/217
f 220/92/220 210/82/210 206/78/206
f 210/82/210 225/97/225 209/81/209
f 247/119/247 252/124/252 243/115/243
f 252/124/252 241/113/241 243/115/243
f 258/130/258 264/136/264 267/139/267
f 259/131/259 262/134/262 264/136/264
f 269/141/269 287/159/287 283/155/283
f 271/143/271 286/158/286 287/159/287
f 290/162/290 280/152/280 276/148/276
f 280/152/280 296/168/296 279/151/279
f 282/154/282 268/140/268 265/137/265
f 281/153/281 267/139/267 268/140/268
f 295/167/295 261/133/261 293/165/293
f 293/165/293 258/130/258 296/168/296
f 274/146/274 253/125/253 251/123/251
f 275/147/275 254/126/254 253/125/253
f 286/158/286 244/116/244 289/161/289
f 289/161/289 246/118/246 288/160/288
f 577/310/577 578/311/578 579/312/579
f 580/313/580 581/314/581 578/311/578
f 582/315/582 583/316/583 584/317/584
f 585/318/585 586/319/586 583/316/583
f 579/312/579 587/320/587 588/321/588
f 578/311/578 589/322/589 587/320/587
f 590/323/590 585/318/585 582/315/582
f 591/324/591 592/325/592 585/318/585
f 588/321/588 593/326/593 594/327/594
f 587/320/587 595/328/595 593/326/593
f 596/329/596 591/324/591 590/323/590
f 597/330/597 598/331/598 591/324/591
f 594/327/594 599/332/599 600/333/600
f 593/326/593 601/334/601 599/332/599
f 602/335/602 597/330/597 596/329/596
f 603/336/603 604/337/604 597/330/597
f 605/338/605 599/332/599 606/339/606
f 606/339/606 601/334/601 607/340/607
f 602/335/602 608/341/608 603/336/603
f 603/336/603 609/342/609 610/343/610
f 611/344/611 606/339/606 612/345/612
f 612/345/612 607/340/607 613/346/613
f 614/347/614 615/348/615 608/341/608
f 608/341/608 616/349/616 609/342/609
f 617/350/617 612/345/612 618/351/618
f 618/351/618 613/346/613 619/352/619
f 620/353/620 621/354/621 615/348/615
f 615/348/615 622/355/622 616/349/616
f 623/356/623 618/351/618 624/357/624
f 624/357/624 619/352/619 625/358/625
f 626/359/626 627/360/627 621/354/621
f 621/354/621 628/361/628 622/355/622
f 629/362/629 630/363/630 631/364/631
f 632/365/632 633/366/633 630/363/630
f 634/367/634 635/368/635 636/369/636
f 637/370/637 638/371/638 635/368/635
f 631/364/631 639/372/639 640/373/640
f 630/363/630 641/374/641 639/372/639
f 642/375/642 637/370/637 634/367/634
f 643/376/643 644/377/644 637/370/637
f 640/373/640 645/378/645 646/379/646
f 639/372/639 647/380/647 645/378/645
f 648/381/648 643/376/643 642/375/642
f 649/382/649 650/383/650 643/376/643
f 646/379/646 651/384/651 652/385/652
f 645/378/645 653/386/653 651/384/651
f 654/387/654 649/382/649 648/381/648
f 655/388/655 656/389/656 649/382/649
f 657/390/657 651/384/651 658/391/658
f 658/391/658 653/386/653 659/392/659
f 654/387/654 660/393/660 655/388/655
f 655/388/655 661/394/661 662/395/662
f 663/396/663 658/391/658 664/397/664
f 664/397/664 659/392/659 665/398/665
f 666/399/666 667/400/667 660/393/660
f 660/393/660 668/401/668 661/394/661
f 669/402/669 664/397/664 670/403/670
f 670/403/670 665/398/665 671/404/671
f 672/405/672 673/406/673 667/400/667
f 667/400/667 674/407/674 668/401/668
f 675/408/675 670/403/670 676/409/676
f 676/409/676 671/404/671 677/410/677
f 678/411/678 679/412/679 673/406/673
f 673/406/673 680/413/680 674/407/674
f 681/414/681 682/415/682 683/416/683
f 684/417/684 685/418/685 682/415/682
f 686/419/686 687/420/687 688/421/688
f 688/421/688 689/422/689 690/423/690
f 683/416/683 691/424/691 692/425/692
f 682/415/682 693/426/693 691/424/691
f 694/427/694 695/428/695 687/420/687
f 687/420/687 696/429/696 689/422/689
f 692/425/692 697/430/697 698/431/698
f 691/424/691 699/432/699 697/430/697
f 700/433/700 701/434/701 695/428/695
f 695/428/695 702/435/702 696/429/696
f 703/436/703 697/430/697 704/437/704
f 704/437/704 699/432/699 705/438/705
f 706/439/706 701/434/701 707/440/707
f 708/441/708 702/435/702 701/434/701
f 709/442/709 704/437/704 710/443/710
f 710/443/710 705/438/705 711/444/711
f 712/445/712 708/441/708 706/439/706
f 713/446/713 714/447/714 708/441/708
f 715/448/715 710/443/710 716/449/716
f 716/449/716 711/444/711 717/450/717
f 718/451/718 713/446/713 712/445/712
f 719/452/719 720/453/720 713/446/713
f 721/454/721 716/449/716 722/455/722
f 722/455/722 717/450/717 723/456/723
f 724/457/724 719/452/719 718/451/718
f 725/458/725 726/459/726 719/452/719
f 727/460/727 722/455/722 728/461/728
f 728/461/728 723/456/723 729/462/729
f 730/463/730 725/458/725 724/457/724
f 731/464/731 732/465/732 725/458/725
f 733/466/733 734/467/734 735/468/735
f 735/468/735 736/469/736 737/470/737
f 738/471/738 739/472/739 740/473/740
f 741/474/741 742/475/742 739/472/739
f 743/476/743 735/468/735 744/477/744
f 744/477/744 737/470/737 745/478/745
f 746/479/746 741/474/741 738/471/738
f 747/480/747 748/481/748 741/474/741
f 749/482/749 744/477/744 750/483/750
f 750/483/750 745/478/745 751/484/751
f 752/485/752 747/480/747 746/479/746
f 753/486/753 754/487/754 747/480/747
f 749/482/749 755/488/755 756/489/756
f 750/483/750 757/490/757 755/488/755
f 752/485/752 758/491/758 753/486/753
f 753/486/753 759/492/759 760/493/760
f 756/489/756 761/494/761 762/495/762
f 755/488/755 763/496/763 761/494/761
f 764/497/764 765/498/765 758/491/758
f 758/491/758 766/499/766 759/492/759
f 762/495/762 767/500/767 768/501/768
f 761/494/761 769/502/769 767/500/767
f 770/503/770 771/504/771 765/498/765
f 765/498/765 772/505/772 766/499/766
f 768/501/768 773/506/773 774/507/774
f 767/500/767 775/508/775 773/506/773
f 776/509/776 777/510/777 771/504/771
f 771/504/771 778/511/778 772/505/772
f 774/507/774 779/512/779 780/513/780
f 773/506/773 781/514/781 779/512/779
f 782/515/782 783/516/783 777/510/777
f 777/510/777 784/517/784 778/511/778
f 262/134/262 676/409/676 266/138/266
f 266/138/266 677/410/677 265/137/265
f 785/518/785 278/150/278 679/412/679
f 679/412/679 282/154/282 680/413/680
f 625/358/625 688/421/688 624/357/624
f 624/357/624 690/423/690 623/356/623
f 786/519/786 684/417/684 681/414/681
f 632/365/632 787/520/787 684/417/684
f 788/521/788 257/129/257 260/132/260
f 580/313/580 255/127/255 257/129/257
f 636/369/636 739/472/739 742/475/742
f 635/368/635 740/473/740 739/472/739
f 584/317/584 294/166/294 290/162/290
f 583/316/583 295/167/295 294/166/294
f 789/522/789 734/467/734 627/360/627
f 627/360/627 790/523/790 628/361/628
f 791/524/791 245/117/245 241/113/241
f 731/464/731 246/118/246 245/117/245
f 283/155/283 779/512/779 781/514/781
f 285/157/285 780/513/780 779/512/779
f 254/126/254 728/461/728 250/122/250
f 250/122/250 729/462/729 248/120/248
f 792/525/792 273/145/273 783/516/783
f 783/516/783 269/141/269 784/517/784
f 793/526/793 794/527/794 795/528/795
f 796/529/796 797/530/797 794/527/794
f 798/531/798 796/529/796 793/526/793
f 799/532/799 800/533/800 796/529/796
f 798/531/798 801/534/801 799/532/799
f 799/532/799 802/535/802 803/536/803
f 804/537/804 805/538/805 806/539/806
f 807/540/807 808/541/808 805/538/805
f 804/537/804 809/542/809 807/540/807
f 807/540/807 810/543/810 811/544/811
f 812/545/812 813/546/813 809/542/809
f 809/542/809 814/547/814 810/543/810
f 136/8/136 801/534/801 140/12/140
f 140/12/140 815/548/815 139/11/139
f 150/22/150 805/538/805 808/541/808
f 152/24/152 806/539/806 805/538/805
f 132/4/132 794/527/794 797/530/797
f 133/5/133 795/528/795 794/527/794
f 143/15/143 813/546/813 147/19/147
f 147/19/147 816/549/816 146/18/146
f 817/550/817 818/551/818 819/552/819
f 820/553/820 821/554/821 818/551/818
f 817/550/817 822/555/822 820/553/820
f 820/553/820 823/556/823 824/557/824
f 825/558/825 826/559/826 822/555/822
f 822/555/822 827/560/827 823/556/823
f 828/561/828 829/562/829 830/563/830
f 831/564/831 832/565/832 829/562/829
f 833/566/833 831/564/831 828/561/828
f 834/567/834 835/568/835 831/564/831
f 833/566/833 836/569/836 834/567/834
f 834/567/834 837/570/837 838/571/838
f 819/552/819 172/44/172 176/48/176
f 818/551/818 173/45/173 172/44/172
f 162/34/162 836/569/836 159/31/159
f 159/31/159 839/572/839 157/29/157
f 840/573/840 180/52/180 826/559/826
f 826/559/826 183/55/183 827/560/827
f 167/39/167 829/562/829 832/565/832
f 168/40/168 830/563/830 829/562/829
f 388/199/388 404/214/404 392/202/392
f 392/202/392 407/217/407 391/41/391
f 393/203/393 364/177/364 360/173/360
f 394/204/394 363/176/363 364/177/364
f 397/207/397 371/183/371 367/179/367
f 396/206/396 370/182/370 371/183/371
f 372/184/372 357/3/357 353/1/353
f 373/185/373 356/171/356 357/3/357
f 405/215/405 376/188/376 408/218/408
f 408/218/408 379/191/379 407/217/407
f 381/193/381 401/211/401 398/208/398
f 383/195/383 400/210/400 401/211/401
f 384/196/384 359/172/359 387/198/387
f 387/198/387 356/171/356 386/32/386
f 365/11/365 380/192/380 377/189/377
f 366/178/366 379/191/379 380/192/380
f 433/236/433 418/227/418 421/67/421
f 434/237/434 416/225/416 418/227/418
f 421/67/421 411/221/411 414/223/414
f 422/230/422 409/219/409 411/221/411
f 426/232/426 436/238/436 433/236/433
f 427/233/427 435/81/435 436/238/436
f 414/223/414 429/77/429 426/232/426
f 415/224/415 428/234/428 429/77/429
f 444/244/444 441/242/441 437/85/437
f 446/96/446 440/241/440 441/242/441
f 442/88/442 455/253/455 451/250/451
f 443/243/443 454/104/454 455/253/455
f 458/255/458 450/249/450 447/246/447
f 460/256/460 449/248/449 450/249/450
f 456/254/456 464/112/464 461/111/461
f 457/105/457 463/109/463 464/112/464
f 461/111/461 425/75/425 428/234/428
f 425/75/425 458/255/458 423/231/423
f 456/254/456 413/222/413 453/252/453
f 413/222/413 451/250/451 453/252/453
f 442/88/442 420/229/420 439/240/439
f 420/229/420 437/85/437 439/240/439
f 447/246/447 432/82/432 435/81/435
f 432/82/432 444/244/444 430/78/430
f 472/263/472 469/115/469 465/257/465
f 469/115/469 478/269/478 468/260/468
f 479/270/479 490/281/490 486/277/486
f 481/272/481 489/280/489 490/281/490
f 496/287/496 509/299/509 512/301/512
f 497/143/497 507/297/507 509/299/509
f 506/296/506 518/307/518 502/292/502
f 518/307/518 500/290/500 502/292/502
f 489/280/489 503/293/503 492/283/492
f 492/283/492 505/295/505 491/282/491
f 484/275/484 519/308/519 517/306/517
f 485/276/485 520/309/520 519/308/519
f 477/268/477 499/289/499 475/266/475
f 475/266/475 496/287/496 478/269/478
f 471/262/471 513/302/513 510/160/510
f 470/261/470 512/301/512 513/302/513
f 864/314/864 865/574/865 866/575/866
f 866/575/866 867/576/867 868/312/868
f 869/577/869 870/578/870 871/579/871
f 871/579/871 872/315/872 873/580/873
f 874/322/874 866/575/866 875/581/875
f 875/581/875 868/312/868 876/582/876
f 877/325/877 878/583/878 870/578/870
f 870/578/870 879/323/879 872/315/872
f 880/584/880 875/581/875 881/585/881
f 881/585/881 876/582/876 882/327/882
f 883/331/883 884/586/884 878/583/878
f 878/583/878 885/587/885 879/323/879
f 886/588/886 881/585/881 887/589/887
f 887/589/887 882/327/882 888/333/888
f 889/590/889 890/591/890 884/586/884
f 884/586/884 891/592/891 885/587/885
f 886/588/886 892/593/892 893/594/893
f 887/589/887 894/338/894 892/593/892
f 895/342/895 890/591/890 896/595/896
f 897/596/897 891/592/891 890/591/890
f 893/594/893 898/597/898 899/598/899
f 892/593/892 900/344/900 898/597/898
f 901/599/901 897/596/897 895/342/895
f 902/600/902 903/601/903 897/596/897
f 899/598/899 904/602/904 905/603/905
f 898/597/898 906/604/906 904/602/904
f 907/605/907 902/600/902 901/599/901
f 908/606/908 909/353/909 902/600/902
f 905/603/905 910/607/910 911/608/911
f 904/602/904 912/609/912 910/607/910
f 913/610/913 908/606/908 907/605/907
f 914/611/914 915/612/915 908/606/908
f 916/613/916 917/614/917 918/363/918
f 918/363/918 919/615/919 920/616/920
f 921/617/921 922/370/922 923/368/923
f 923/368/923 924/618/924 925/369/925
f 926/619/926 918/363/918 927/372/927
f 927/372/927 920/616/920 928/373/928
f 929/620/929 930/376/930 922/370/922
f 922/370/922 931/375/931 924/618/924
f 932/621/932 927/372/927 933/622/933
f 933/622/933 928/373/928 934/379/934
f 935/383/935 936/623/936 930/376/930
f 930/376/930 937/381/937 931/375/931
f 938/624/938 933/622/933 939/625/939
f 939/625/939 934/379/934 940/385/940
f 941/626/941 942/388/942 936/623/936
f 936/623/936 943/627/943 937/381/937
f 938/624/938 944/628/944 945/392/945
f 939/625/939 946/390/946 944/628/944
f 947/629/947 942/388/942 948/630/948
f 949/393/949 943/627/943 942/388/942
f 945/392/945 950/631/950 951/632/951
f 944/628/944 952/396/952 950/631/950
f 953/633/953 949/393/949 947/629/947
f 954/634/954 955/399/955 949/393/949
f 951/632/951 956/635/956 957/636/957
f 950/631/950 958/637/958 956/635/956
f 959/407/959 954/634/954 953/633/953
f 960/638/960 961/639/961 954/634/954
f 957/636/957 962/640/962 963/641/963
f 956/635/956 964/408/964 962/640/962
f 965/642/965 960/638/960 959/407/959
f 966/643/966 967/411/967 960/638/960
f 968/418/968 969/644/969 970/415/970
f 970/415/970 971/645/971 972/646/972
f 973/647/973 974/648/974 975/649/975
f 976/650/976 977/651/977 974/648/974
f 978/652/978 970/415/970 979/653/979
f 979/653/979 972/646/972 980/654/980
f 981/655/981 976/650/976 973/647/973
f 982/428/982 983/656/983 976/650/976
f 984/432/984 979/653/979 985/657/985
f 985/657/985 980/654/980 986/431/986
f 987/658/987 982/428/982 981/655/981
f 988/434/988 989/659/989 982/428/982
f 984/432/984 990/437/990 991/660/991
f 985/657/985 992/661/992 990/437/990
f 987/658/987 993/662/993 988/434/988
f 988/434/988 994/663/994 995/664/995
f 991/660/991 996/665/996 997/666/997
f 990/437/990 998/667/998 996/665/996
f 999/668/999 1000/669/1000 993/662/993
f 993/662/993 1001/670/1001 994/663/994
f 997/666/997 1002/449/1002 1003/671/1003
f 996/665/996 1004/672/1004 1002/449/1002
f 1005/673/1005 1006/674/1006 1000/669/1000
f 1000/669/1000 1007/675/1007 1001/670/1001
f 1003/671/1003 1008/676/1008 1009/456/1009
f 1002/449/1002 1010/677/1010 1008/676/1008
f 1011/678/1011 1012/679/1012 1006/674/1006
f 1006/674/1006 1013/680/1013 1007/675/1007
f 1009/456/1009 1014/681/1014 1015/682/1015
f 1008/676/1008 1016/683/1016 1014/681/1014
f 1017/465/1017 1018/684/1018 1012/679/1012
f 1012/679/1012 1019/685/1019 1013/680/1013
f 1020/686/1020 1021/687/1021 1022/470/1022
f 1023/688/1023 1024/689/1024 1021/687/1021
f 1025/690/1025 1026/691/1026 1027/692/1027
f 1027/692/1027 1028/693/1028 1029/473/1029
f 1022/470/1022 1030/694/1030 1031/478/1031
f 1021/687/1021 1032/476/1032 1030/694/1030
f 1033/481/1033 1034/695/1034 1026/691/1026
f 1026/691/1026 1035/479/1035 1028/693/1028
f 1031/478/1031 1036/696/1036 1037/484/1037
f 1030/694/1030 1038/697/1038 1036/696/1036
f 1039/698/1039 1040/486/1040 1034/695/1034
f 1034/695/1034 1041/699/1041 1035/479/1035
f 1042/490/1042 1036/696/1036 1043/700/1043
f 1043/700/1043 1038/697/1038 1044/701/1044
f 1045/702/1045 1040/486/1040 1046/703/1046
f 1047/704/1047 1041/699/1041 1040/486/1040
f 1048/496/1048 1043/700/1043 1049/494/1049
f 1049/494/1049 1044/701/1044 1050/705/1050
f 1051/706/1051 1047/704/1047 1045/702/1045
f 1052/707/1052 1053/708/1053 1047/704/1047
f 1054/709/1054 1049/494/1049 1055/500/1055
f 1055/500/1055 1050/705/1050 1056/710/1056
f 1057/711/1057 1052/707/1052 1051/706/1051
f 1058/504/1058 1059/712/1059 1052/707/1052
f 1060/713/1060 1055/500/1055 1061/714/1061
f 1061/714/1061 1056/710/1056 1062/507/1062
f 1063/715/1063 1058/504/1058 1057/711/1057
f 1064/716/1064 1065/717/1065 1058/504/1058
f 1066/718/1066 1061/714/1061 1067/719/1067
f 1067/719/1067 1062/507/1062 1068/720/1068
f 1069/721/1069 1064/716/1064 1063/715/1063
f 1070/722/1070 1071/723/1071 1064/716/1064
f 963/641/963 488/279/488 491/282/491
f 962/640/962 486/277/486 488/279/488
f 505/295/505 966/643/966 965/642/965
f 504/294/504 1072/724/1072 966/643/966
f 975/649/975 910/607/910 912/609/912
f 974/648/974 911/608/911 910/607/910
f 1073/725/1073 917/614/917 969/644/969
f 969/644/969 1074/726/1074 971/645/971
f 479/270/479 865/574/865 483/274/483
f 483/274/483 1075/727/1075 482/273/482
f 1029/473/1029 923/368/923 1027/692/1027
f 1027/692/1027 925/369/925 1025/690/1025
f 520/309/520 871/579/871 516/305/516
f 516/305/516 873/580/873 514/303/514
f 1076/728/1076 914/611/914 913/610/913
f 1023/688/1023 1077/729/1077 914/611/914
f 471/262/471 1018/684/1018 467/259/467
f 467/259/467 1078/730/1078 465/257/465
f 1068/720/1068 511/300/511 1067/719/1067
f 1067/719/1067 507/297/507 1066/718/1066
f 1015/682/1015 476/267/476 472/263/472
f 1014/681/1014 477/268/477 476/267/476
f 493/284/493 1070/722/1070 1069/721/1069
f 495/286/495 1079/525/1079 1070/722/1070
f 1080/731/1080 1081/732/1081 1082/733/1082
f 1082/733/1082 1083/734/1083 1084/735/1084
f 1085/736/1085 1086/532/1086 1081/732/1081
f 1081/732/1081 1087/531/1087 1083/734/1083
f 1088/737/1088 1086/532/1086 1089/536/1089
f 1090/738/1090 1087/531/1087 1086/532/1086
f 1091/739/1091 1092/740/1092 1093/741/1093
f 1093/741/1093 1094/742/1094 1095/743/1095
f 1096/744/1096 1092/740/1092 1097/544/1097
f 1098/745/1098 1094/742/1094 1092/740/1092
f 1099/746/1099 1098/745/1098 1096/744/1096
f 1100/747/1100 1101/545/1101 1098/745/1098
f 1102/748/1102 362/175/362 365/11/365
f 1090/738/1090 360/173/360 362/175/362
f 1095/743/1095 378/190/378 1093/741/1093
f 1093/741/1093 374/186/374 1091/739/1091
f 1084/735/1084 355/170/355 1082/733/1082
f 1082/733/1082 358/4/358 1080/731/1080
f 1103/749/1103 369/181/369 372/184/372
f 1100/747/1100 367/179/367 369/181/369
f 1104/750/1104 1105/751/1105 1106/752/1106
f 1106/752/1106 1107/753/1107 1108/754/1108
f 1109/556/1109 1105/751/1105 1110/755/1110
f 1111/756/1111 1107/753/1107 1105/751/1105
f 1112/757/1112 1111/756/1111 1109/556/1109
f 1113/758/1113 1114/558/1114 1111/756/1111
f 1115/759/1115 1116/760/1116 1117/761/1117
f 1117/761/1117 1118/762/1118 1119/763/1119
f 1120/764/1120 1121/765/1121 1116/760/1116
f 1116/760/1116 1122/566/1122 1118/762/1118
f 1123/570/1123 1121/765/1121 1124/766/1124
f 1125/767/1125 1122/566/1122 1121/765/1121
f 397/207/397 1106/752/1106 395/205/395
f 395/205/395 1108/754/1108 398/208/398
f 1126/768/1126 385/197/385 381/193/381
f 1125/767/1125 384/196/384 385/197/385
f 405/215/405 1113/758/1113 1112/757/1112
f 406/216/406 1127/769/1127 1113/758/1113
f 1119/763/1119 390/201/390 1117/761/1117
f 1117/761/1117 393/203/393 1115/759/1115
f 129/1/129 816/549/816 795/528/795
f 160/32/160 148/20/148 134/6/134
f 132/4/132 797/530/797 1151/770/1151
f 802/535/802 136/8/136 832/565/832
f 141/13/141 181/53/181 169/41/169
f 815/548/815 155/27/155 139/11/139
f 173/45/173 821/554/821 1152/771/1152
f 1153/772/1153 827/560/827 808/541/808
f 176/48/176 839/572/839 819/552/819
f 178/50/178 830/563/830 164/36/164
f 185/57/185 216/88/216 197/69/197
f 195/67/195 204/76/204 188/60/188
f 202/74/202 230/102/230 190/62/190
f 192/64/192 220/92/220 206/78/206
f 209/81/209 234/106/234 199/71/199
f 237/109/237 218/90/218 232/104/232
f 248/120/248 791/524/791 241/113/241
f 247/119/247 274/146/274 251/123/251
f 730/463/730 288/160/288 246/118/246
f 727/460/727 272/144/272 792/525/792
f 675/408/675 255/127/255 577/310/577
f 267/139/267 296/168/296 258/130/258
f 260/132/260 586/319/586 788/521/788
f 265/137/265 680/413/680 282/154/282
f 781/514/781 269/141/269 283/155/283
f 290/162/290 785/518/785 584/317/584
f 577/310/577 669/402/669 675/408/675
f 674/407/674 677/410/677 671/404/671
f 617/350/617 629/362/629 631/364/631
f 786/519/786 644/377/644 633/366/633
f 787/520/787 623/356/623 690/423/690
f 681/414/681 638/371/638 786/519/786
f 579/312/579 663/396/663 669/402/669
f 668/401/668 671/404/671 665/398/665
f 588/321/588 657/390/657 663/396/663
f 661/394/661 665/398/665 659/392/659
f 594/327/594 652/385/652 657/390/657
f 662/395/662 659/392/659 653/386/653
f 600/333/600 646/379/646 652/385/652
f 647/380/647 662/395/662 653/386/653
f 605/338/605 640/373/640 646/379/646
f 641/374/641 656/389/656 647/380/647
f 611/344/611 631/364/631 640/373/640
f 633/366/633 650/383/650 641/374/641
f 622/355/622 625/358/625 619/352/619
f 686/419/686 628/361/628 790/523/790
f 788/521/788 592/325/592 581/314/581
f 616/349/616 619/352/619 613/346/613
f 609/342/609 613/346/613 607/340/607
f 610/343/610 607/340/607 601/334/601
f 595/328/595 610/343/610 601/334/601
f 589/322/589 604/337/604 595/328/595
f 581/314/581 598/331/598 589/322/589
f 634/367/634 789/522/789 626/359/626
f 789/522/789 742/475/742 736/469/736
f 785/518/785 582/315/582 584/317/584
f 642/375/642 626/359/626 620/353/620
f 648/381/648 620/353/620 614/347/614
f 654/387/654 614/347/614 602/335/602
f 666/399/666 602/335/602 596/329/596
f 672/405/672 596/329/596 590/323/590
f 678/411/678 590/323/590 582/315/582
f 690/423/690 685/418/685 787/520/787
f 790/523/790 694/427/694 686/419/686
f 724/457/724 780/513/780 730/463/730
f 732/465/732 729/462/729 723/456/723
f 689/422/689 693/426/693 685/418/685
f 733/466/733 700/433/700 694/427/694
f 696/429/696 699/432/699 693/426/693
f 743/476/743 707/440/707 700/433/700
f 702/435/702 705/438/705 699/432/699
f 707/440/707 756/489/756 706/439/706
f 714/447/714 711/444/711 705/438/705
f 706/439/706 762/495/762 712/445/712
f 720/453/720 717/450/717 711/444/711
f 712/445/712 768/501/768 718/451/718
f 726/459/726 723/456/723 717/450/717
f 718/451/718 774/507/774 724/457/724
f 778/511/778 781/514/781 775/508/775
f 742/475/742 737/470/737 736/469/736
f 772/505/772 775/508/775 769/502/769
f 766/499/766 769/502/769 763/496/763
f 759/492/759 763/496/763 757/490/757
f 760/493/760 757/490/757 751/484/751
f 754/487/754 751/484/751 745/478/745
f 748/481/748 745/478/745 737/470/737
f 792/525/792 721/454/721 727/460/727
f 683/416/683 740/473/740 681/414/681
f 782/515/782 715/448/715 721/454/721
f 776/509/776 709/442/709 715/448/715
f 770/503/770 703/436/703 709/442/709
f 764/497/764 698/431/698 703/436/703
f 698/431/698 746/479/746 692/425/692
f 692/425/692 738/471/738 683/416/683
f 797/530/797 800/533/800 1151/770/1151
f 816/549/816 793/526/793 795/528/795
f 804/537/804 815/548/815 798/531/798
f 803/536/803 802/535/802 1151/770/1151
f 800/533/800 803/536/803 1151/770/1151
f 812/545/812 798/531/798 793/526/793
f 808/541/808 811/544/811 1152/771/1152
f 810/543/810 814/547/814 1152/771/1152
f 811/544/811 810/543/810 1152/771/1152
f 821/554/821 824/557/824 1153/772/1153
f 819/552/819 833/566/833 817/550/817
f 828/561/828 840/573/840 825/558/825
f 823/556/823 827/560/827 1153/772/1153
f 824/557/824 823/556/823 1153/772/1153
f 817/550/817 828/561/828 825/558/825
f 832/565/832 835/568/835 1154/773/1154
f 838/571/838 837/570/837 1154/773/1154
f 835/568/835 838/571/838 1154/773/1154
f 1103/749/1103 353/1/353 1084/735/1084
f 370/182/370 386/32/386 356/171/356
f 384/196/384 1123/570/1123 1156/770/1156
f 1115/759/1115 1088/737/1088 1157/773/1157
f 407/217/407 363/176/363 391/41/391
f 377/189/377 1102/748/1102 365/11/365
f 397/207/397 367/179/367 1158/771/1158
f 1159/772/1159 1158/771/1158 1091/739/1091
f 1126/768/1126 398/208/398 1108/754/1108
f 402/212/402 1119/763/1119 1127/769/1127
f 442/88/442 409/219/409 419/228/419
f 426/232/426 421/67/421 414/223/414
f 456/254/456 428/234/428 412/62/412
f 444/244/444 416/225/416 430/78/430
f 458/255/458 435/81/435 423/231/423
f 440/241/440 463/109/463 454/104/454
f 1078/730/1078 472/263/472 465/257/465
f 496/287/496 468/260/468 478/269/478
f 510/160/510 1019/685/1019 471/262/471
f 1016/683/1016 498/288/498 477/268/477
f 479/270/479 964/408/964 867/576/867
f 517/306/517 489/280/489 484/275/484
f 869/577/869 482/273/482 1075/727/1075
f 491/282/491 965/642/965 963/641/963
f 493/284/493 1066/718/1066 507/297/507
f 1072/724/1072 514/303/514 873/580/873
f 958/637/958 867/576/867 964/408/964
f 963/641/963 959/407/959 957/636/957
f 919/615/919 906/604/906 920/616/920
f 912/609/912 1073/725/1073 975/649/975
f 1074/726/1074 929/620/929 921/617/921
f 921/617/921 971/645/971 1074/726/1074
f 952/396/952 868/312/868 958/637/958
f 957/636/957 953/633/953 951/632/951
f 946/390/946 876/582/876 952/396/952
f 951/632/951 947/629/947 945/392/945
f 940/385/940 882/327/882 946/390/946
f 945/392/945 948/630/948 938/624/938
f 934/379/934 888/333/888 940/385/940
f 932/621/932 948/630/948 941/626/941
f 928/373/928 894/338/894 934/379/934
f 926/619/926 941/626/941 935/383/935
f 920/616/920 900/344/900 928/373/928
f 916/613/916 935/383/935 929/620/929
f 911/608/911 907/605/907 905/603/905
f 977/651/977 913/610/913 911/608/911
f 1075/727/1075 877/325/877 869/577/869
f 905/603/905 901/599/901 899/598/899
f 899/598/899 895/342/895 893/594/893
f 893/594/893 896/595/896 886/588/886
f 880/584/880 896/595/896 889/590/889
f 874/322/874 889/590/889 883/331/883
f 864/314/864 883/331/883 877/325/877
f 1077/729/1077 924/618/924 915/612/915
f 1025/690/1025 1077/729/1077 1020/686/1020
f 872/315/872 1072/724/1072 873/580/873
f 915/612/915 931/375/931 909/353/909
f 909/353/909 937/381/937 903/601/903
f 903/601/903 943/627/943 891/592/891
f 891/592/891 955/399/955 885/587/885
f 885/587/885 961/639/961 879/323/879
f 879/323/879 967/411/967 872/315/872
f 968/418/968 975/649/975 1073/725/1073
f 983/656/983 1076/728/1076 977/651/977
f 1013/680/1013 1068/720/1068 1062/507/1062
f 1015/682/1015 1017/465/1017 1009/456/1009
f 978/652/978 973/647/973 968/418/968
f 989/659/989 1024/689/1024 983/656/983
f 984/432/984 981/655/981 978/652/978
f 995/664/995 1032/476/1032 989/659/989
f 991/660/991 987/658/987 984/432/984
f 995/664/995 1044/701/1044 1038/697/1038
f 997/666/997 999/668/999 991/660/991
f 994/663/994 1050/705/1050 1044/701/1044
f 1003/671/1003 1005/673/1005 997/666/997
f 1001/670/1001 1056/710/1056 1050/705/1050
f 1009/456/1009 1011/678/1011 1003/671/1003
f 1007/675/1007 1062/507/1062 1056/710/1056
f 1066/718/1066 1063/715/1063 1060/713/1060
f 1022/470/1022 1025/690/1025 1020/686/1020
f 1060/713/1060 1057/711/1057 1054/709/1054
f 1054/709/1054 1051/706/1051 1048/496/1048
f 1048/496/1048 1045/702/1045 1042/490/1042
f 1042/490/1042 1046/703/1046 1037/484/1037
f 1037/484/1037 1039/698/1039 1031/478/1031
f 1031/478/1031 1033/481/1033 1022/470/1022
f 1010/677/1010 1079/525/1079 1016/683/1016
f 972/646/972 1029/473/1029 1028/693/1028
f 1004/672/1004 1071/723/1071 1010/677/1010
f 998/667/998 1065/717/1065 1004/672/1004
f 992/661/992 1059/712/1059 998/667/998
f 986/431/986 1053/708/1053 992/661/992
f 986/431/986 1035/479/1035 1041/699/1041
f 980/654/980 1028/693/1028 1035/479/1035
f 1080/731/1080 1156/770/1156 1085/736/1085
f 1083/734/1083 1103/749/1103 1084/735/1084
f 1102/748/1102 1094/742/1094 1087/531/1087
f 1089/536/1089 1156/770/1156 1088/737/1088
f 1087/531/1087 1101/545/1101 1083/734/1083
f 1085/736/1085 1156/770/1156 1089/536/1089
f 1091/739/1091 1158/771/1158 1097/544/1097
f 1096/744/1096 1158/771/1158 1099/746/1099
f 1097/544/1097 1158/771/1158 1096/744/1096
f 1104/750/1104 1159/772/1159 1110/755/1110
f 1108/754/1108 1122/566/1122 1126/768/1126
f 1127/769/1127 1118/762/1118 1114/558/1114
f 1109/556/1109 1159/772/1159 1112/757/1112
f 1107/753/1107 1118/762/1118 1122/566/1122
f 1110/755/1110 1159/772/1159 1109/556/1109
f 1115/759/1115 1157/773/1157 1120/764/1120
f 1124/766/1124 1157/773/1157 1123/570/1123
f 1120/764/1120 1157/773/1157 1124/766/1124
f 129/1/129 133/5/133 130/2/130
f 132/4/132 135/7/135 130/2/130
f 134/6/134 131/3/131 130/2/130
f 136/8/136 140/12/140 137/9/137
f 139/11/139 142/14/142 137/9/137
f 141/13/141 138/10/138 137/9/137
f 143/15/143 147/19/147 144/16/144
f 146/18/146 149/21/149 144/16/144
f 148/20/148 145/17/145 144/16/144
f 150/22/150 154/26/154 151/23/151
f 153/25/153 156/28/156 151/23/151
f 155/27/155 152/24/152 151/23/151
f 157/29/157 161/33/161 158/30/158
f 160/32/160 163/35/163 158/30/158
f 162/34/162 159/31/159 158/30/158
f 164/36/164 168/40/168 165/37/165
f 167/39/167 170/42/170 165/37/165
f 169/41/169 166/38/166 165/37/165
f 171/43/171 175/47/175 172/44/172
f 174/46/174 177/49/177 175/47/175
f 176/48/176 172/44/172 175/47/175
f 178/50/178 182/54/182 179/51/179
f 181/53/181 184/56/184 179/51/179
f 183/55/183 180/52/180 179/51/179
f 185/57/185 189/61/189 186/58/186
f 188/60/188 191/63/191 186/58/186
f 190/62/190 187/59/187 186/58/186
f 192/64/192 196/68/196 193/65/193
f 195/67/195 198/70/198 193/65/193
f 197/69/197 194/66/194 193/65/193
f 199/71/199 203/75/203 200/72/200
f 202/74/202 205/77/205 200/72/200
f 204/76/204 201/73/201 200/72/200
f 206/78/206 210/82/210 207/79/207
f 209/81/209 212/84/212 207/79/207
f 211/83/211 208/80/208 207/79/207
f 213/85/213 217/89/217 214/86/214
f 216/88/216 219/91/219 214/86/214
f 218/90/218 215/87/215 214/86/214
f 220/92/220 224/96/224 221/93/221
f 223/95/223 226/98/226 221/93/221
f 225/97/225 222/94/222 221/93/221
f 227/99/227 231/103/231 228/100/228
f 230/102/230 233/105/233 228/100/228
f 232/104/232 229/101/229 228/100/228
f 234/106/234 238/110/238 235/107/235
f 237/109/237 240/112/240 235/107/235
f 239/111/239 236/108/236 235/107/235
f 241/113/241 245/117/245 242/114/242
f 244/116/244 242/114/242 245/117/245
f 247/119/247 243/115/243 242/114/242
f 248/120/248 252/124/252 249/121/249
f 251/123/251 253/125/253 249/121/249
f 250/122/250 249/121/249 253/125/253
f 255/127/255 259/131/259 256/128/256
f 258/130/258 261/133/261 256/128/256
f 260/132/260 257/129/257 256/128/256
f 262/134/262 266/138/266 263/135/263
f 265/137/265 268/140/268 263/135/263
f 267/139/267 264/136/264 263/135/263
f 269/141/269 273/145/273 270/142/270
f 272/144/272 275/147/275 270/142/270
f 274/146/274 271/143/271 270/142/270
f 276/148/276 280/152/280 277/149/277
f 279/151/279 281/153/281 277/149/277
f 278/150/278 277/149/277 281/153/281
f 283/155/283 287/159/287 284/156/284
f 286/158/286 289/161/289 284/156/284
f 288/160/288 285/157/285 284/156/284
f 290/162/290 294/166/294 291/163/291
f 293/165/293 291/163/291 294/166/294
f 296/168/296 292/164/292 291/163/291
f 353/1/353 357/3/357 354/169/354
f 356/171/356 359/172/359 354/169/354
f 358/4/358 355/170/355 354/169/354
f 360/173/360 364/177/364 361/174/361
f 363/176/363 366/178/366 361/174/361
f 365/11/365 362/175/362 361/174/361
f 367/179/367 371/183/371 368/180/368
f 370/182/370 373/185/373 368/180/368
f 372/184/372 369/181/369 368/180/368
f 374/186/374 378/190/378 375/187/375
f 377/189/377 380/192/380 375/187/375
f 379/191/379 376/188/376 375/187/375
f 381/193/381 385/197/385 382/194/382
f 384/196/384 387/198/387 382/194/382
f 386/32/386 383/195/383 382/194/382
f 388/199/388 392/202/392 389/200/389
f 391/41/391 394/204/394 389/200/389
f 393/203/393 390/201/390 389/200/389
f 395/205/395 399/209/399 396/206/396
f 398/208/398 401/211/401 399/209/399
f 400/210/400 396/206/396 399/209/399
f 402/212/402 406/216/406 403/213/403
f 405/215/405 408/218/408 403/213/403
f 407/217/407 404/214/404 403/213/403
f 409/219/409 413/222/413 410/220/410
f 412/62/412 415/224/415 410/220/410
f 414/223/414 411/221/411 410/220/410
f 416/225/416 420/229/420 417/226/417
f 419/228/419 422/230/422 417/226/417
f 421/67/421 418/227/418 417/226/417
f 423/231/423 427/233/427 424/72/424
f 426/232/426 429/77/429 424/72/424
f 428/234/428 425/75/425 424/72/424
f 430/78/430 434/237/434 431/235/431
f 433/236/433 436/238/436 431/235/431
f 435/81/435 432/82/432 431/235/431
f 437/85/437 441/242/441 438/239/438
f 440/241/440 443/243/443 438/239/438
f 442/88/442 439/240/439 438/239/438
f 444/244/444 448/247/448 445/245/445
f 447/246/447 450/249/450 445/245/445
f 449/248/449 446/96/446 445/245/445
f 451/250/451 455/253/455 452/251/452
f 454/104/454 457/105/457 452/251/452
f 456/254/456 453/252/453 452/251/452
f 458/255/458 462/108/462 459/107/459
f 461/111/461 464/112/464 459/107/459
f 463/109/463 460/256/460 459/107/459
f 465/257/465 469/115/469 466/258/466
f 468/260/468 470/261/470 466/258/466
f 467/259/467 466/258/466 470/261/470
f 472/263/472 476/267/476 473/264/473
f 475/266/475 473/264/473 476/267/476
f 478/269/478 474/265/474 473/264/473
f 479/270/479 483/274/483 480/271/480
f 482/273/482 485/276/485 480/271/480
f 484/275/484 481/272/481 480/271/480
f 486/277/486 490/281/490 487/278/487
f 489/280/489 492/283/492 487/278/487
f 491/282/491 488/279/488 487/278/487
f 493/284/493 497/143/497 494/285/494
f 496/287/496 499/289/499 494/285/494
f 498/288/498 495/286/495 494/285/494
f 500/290/500 504/294/504 501/291/501
f 503/293/503 501/291/501 504/294/504
f 506/296/506 502/292/502 501/291/501
f 507/297/507 511/300/511 508/298/508
f 510/160/510 513/302/513 508/298/508
f 512/301/512 509/299/509 508/298/508
f 514/303/514 518/307/518 515/304/515
f 517/306/517 519/308/519 515/304/515
f 516/305/516 515/304/515 519/308/519
f 181/53/181 182/54/182 166/38/166
f 182/54/182 178/50/178 164/36/164
f 141/13/141 169/41/169 170/42/170
f 138/10/138 170/42/170 167/39/167
f 148/20/148 174/46/174 171/43/171
f 145/17/145 171/43/171 173/45/173
f 148/20/148 149/21/149 131/3/131
f 149/21/149 146/18/146 129/1/129
f 153/25/153 154/26/154 184/56/184
f 154/26/154 150/22/150 183/55/183
f 174/46/174 160/32/160 161/33/161
f 177/49/177 161/33/161 157/29/157
f 134/6/134 135/7/135 163/35/163
f 135/7/135 132/4/132 162/34/162
f 141/13/141 142/14/142 156/28/156
f 142/14/142 139/11/139 155/27/155
f 206/78/206 208/80/208 196/68/196
f 208/80/208 211/83/211 195/67/195
f 197/69/197 198/70/198 189/61/189
f 198/70/198 195/67/195 188/60/188
f 199/71/199 201/73/201 212/84/212
f 201/73/201 204/76/204 211/83/211
f 190/62/190 191/63/191 205/77/205
f 191/63/191 188/60/188 204/76/204
f 223/95/223 224/96/224 215/87/215
f 224/96/224 220/92/220 213/85/213
f 218/90/218 219/91/219 229/101/229
f 219/91/219 216/88/216 227/99/227
f 237/109/237 238/110/238 226/98/226
f 238/110/238 234/106/234 225/97/225
f 232/104/232 233/105/233 240/112/240
f 233/105/233 230/102/230 239/111/239
f 234/106/234 236/108/236 203/75/203
f 203/75/203 236/108/236 239/111/239
f 227/99/227 185/57/185 187/59/187
f 187/59/187 190/62/190 230/102/230
f 213/85/213 192/64/192 194/66/194
f 194/66/194 197/69/197 216/88/216
f 220/92/220 222/94/222 210/82/210
f 210/82/210 222/94/222 225/97/225
f 247/119/247 251/123/251 252/124/252
f 252/124/252 248/120/248 241/113/241
f 258/130/258 259/131/259 264/136/264
f 259/131/259 255/127/255 262/134/262
f 269/141/269 271/143/271 287/159/287
f 271/143/271 274/146/274 286/158/286
f 290/162/290 292/164/292 280/152/280
f 280/152/280 292/164/292 296/168/296
f 282/154/282 281/153/281 268/140/268
f 281/153/281 279/151/279 267/139/267
f 295/167/295 260/132/260 261/133/261
f 293/165/293 261/133/261 258/130/258
f 274/146/274 275/147/275 253/125/253
f 275/147/275 272/144/272 254/126/254
f 286/158/286 247/119/247 244/116/244
f 289/161/289 244/116/244 246/118/246
f 577/310/577 580/313/580 578/311/578
f 580/313/580 788/521/788 581/314/581
f 582/315/582 585/318/585 583/316/583
f 585/318/585 592/325/592 586/319/586
f 579/312/579 578/311/578 587/320/587
f 578/311/578 581/314/581 589/322/589
f 590/323/590 591/324/591 585/318/585
f 591/324/591 598/331/598 592/325/592
f 588/321/588 587/320/587 593/326/593
f 587/320/587 589/322/589 595/328/595
f 596/329/596 597/330/597 591/324/591
f 597/330/597 604/337/604 598/331/598
f 594/327/594 593/326/593 599/332/599
f 593/326/593 595/328/595 601/334/601
f 602/335/602 603/336/603 597/330/597
f 603/336/603 610/343/610 604/337/604
f 605/338/605 600/333/600 599/332/599
f 606/339/606 599/332/599 601/334/601
f 602/335/602 614/347/614 608/341/608
f 603/336/603 608/341/608 609/342/609
f 611/344/611 605/338/605 606/339/606
f 612/345/612 606/339/606 607/340/607
f 614/347/614 620/353/620 615/348/615
f 608/341/608 615/348/615 616/349/616
f 617/350/617 611/344/611 612/345/612
f 618/351/618 612/345/612 613/346/613
f 620/353/620 626/359/626 621/354/621
f 615/348/615 621/354/621 622/355/622
f 623/356/623 617/350/617 618/351/618
f 624/357/624 618/351/618 619/352/619
f 626/359/626 789/522/789 627/360/627
f 621/354/621 627/360/627 628/361/628
f 629/362/629 632/365/632 630/363/630
f 632/365/632 786/519/786 633/366/633
f 634/367/634 637/370/637 635/368/635
f 637/370/637 644/377/644 638/371/638
f 631/364/631 630/363/630 639/372/639
f 630/363/630 633/366/633 641/374/641
f 642/375/642 643/376/643 637/370/637
f 643/376/643 650/383/650 644/377/644
f 640/373/640 639/372/639 645/378/645
f 639/372/639 641/374/641 647/380/647
f 648/381/648 649/382/649 643/376/643
f 649/382/649 656/389/656 650/383/650
f 646/379/646 645/378/645 651/384/651
f 645/378/645 647/380/647 653/386/653
f 654/387/654 655/388/655 649/382/649
f 655/388/655 662/395/662 656/389/656
f 657/390/657 652/385/652 651/384/651
f 658/391/658 651/384/651 653/386/653
f 654/387/654 666/399/666 660/393/660
f 655/388/655 660/393/660 661/394/661
f 663/396/663 657/390/657 658/391/658
f 664/397/664 658/391/658 659/392/659
f 666/399/666 672/405/672 667/400/667
f 660/393/660 667/400/667 668/401/668
f 669/402/669 663/396/663 664/397/664
f 670/403/670 664/397/664 665/398/665
f 672/405/672 678/411/678 673/406/673
f 667/400/667 673/406/673 674/407/674
f 675/408/675 669/402/669 670/403/670
f 676/409/676 670/403/670 671/404/671
f 678/411/678 785/518/785 679/412/679
f 673/406/673 679/412/679 680/413/680
f 681/414/681 684/417/684 682/415/682
f 684/417/684 787/520/787 685/418/685
f 686/419/686 694/427/694 687/420/687
f 688/421/688 687/420/687 689/422/689
f 683/416/683 682/415/682 691/424/691
f 682/415/682 685/418/685 693/426/693
f 694/427/694 700/433/700 695/428/695
f 687/420/687 695/428/695 696/429/696
f 692/425/692 691/424/691 697/430/697
f 691/424/691 693/426/693 699/432/699
f 700/433/700 707/440/707 701/434/701
f 695/428/695 701/434/701 702/435/702
f 703/436/703 698/431/698 697/430/697
f 704/437/704 697/430/697 699/432/699
f 706/439/706 708/441/708 701/434/701
f 708/441/708 714/447/714 702/435/702
f 709/442/709 703/436/703 704/437/704
f 710/443/710 704/437/704 705/438/705
f 712/445/712 713/446/713 708/441/708
f 713/446/713 720/453/720 714/447/714
f 715/448/715 709/442/709 710/443/710
f 716/449/716 710/443/710 711/444/711
f 718/451/718 719/452/719 713/446/713
f 719/452/719 726/459/726 720/453/720
f 721/454/721 715/448/715 716/449/716
f 722/455/722 716/449/716 717/450/717
f 724/457/724 725/458/725 719/452/719
f 725/458/725 732/465/732 726/459/726
f 727/460/727 721/454/721 722/455/722
f 728/461/728 722/455/722 723/456/723
f 730/463/730 731/464/731 725/458/725
f 731/464/731 791/524/791 732/465/732
f 733/466/733 790/523/790 734/467/734
f 735/468/735 734/467/734 736/469/736
f 738/471/738 741/474/741 739/472/739
f 741/474/741 748/481/748 742/475/742
f 743/476/743 733/466/733 735/468/735
f 744/477/744 735/468/735 737/470/737
f 746/479/746 747/480/747 741/474/741
f 747/480/747 754/487/754 748/481/748
f 749/482/749 743/476/743 744/477/744
f 750/483/750 744/477/744 745/478/745
f 752/485/752 753/486/753 747/480/747
f 753/486/753 760/493/760 754/487/754
f 749/482/749 750/483/750 755/488/755
f 750/483/750 751/484/751 757/490/757
f 752/485/752 764/497/764 758/491/758
f 753/486/753 758/491/758 759/492/759
f 756/489/756 755/488/755 761/494/761
f 755/488/755 757/490/757 763/496/763
f 764/497/764 770/503/770 765/498/765
f 758/491/758 765/498/765 766/499/766
f 762/495/762 761/494/761 767/500/767
f 761/494/761 763/496/763 769/502/769
f 770/503/770 776/509/776 771/504/771
f 765/498/765 771/504/771 772/505/772
f 768/501/768 767/500/767 773/506/773
f 767/500/767 769/502/769 775/508/775
f 776/509/776 782/515/782 777/510/777
f 771/504/771 777/510/777 778/511/778
f 774/507/774 773/506/773 779/512/779
f 773/506/773 775/508/775 781/514/781
f 782/515/782 792/525/792 783/516/783
f 777/510/777 783/516/783 784/517/784
f 262/134/262 675/408/675 676/409/676
f 266/138/266 676/409/676 677/410/677
f 785/518/785 276/148/276 278/150/278
f 679/412/679 278/150/278 282/154/282
f 625/358/625 686/419/686 688/421/688
f 624/357/624 688/421/688 690/423/690
f 786/519/786 632/365/632 684/417/684
f 632/365/632 629/362/629 787/520/787
f 788/521/788 580/313/580 257/129/257
f 580/313/580 577/310/577 255/127/255
f 636/369/636 635/368/635 739/472/739
f 635/368/635 638/371/638 740/473/740
f 584/317/584 583/316/583 294/166/294
f 583/316/583 586/319/586 295/167/295
f 789/522/789 736/469/736 734/467/734
f 627/360/627 734/467/734 790/523/790
f 791/524/791 731/464/731 245/117/245
f 731/464/731 730/463/730 246/118/246
f 283/155/283 285/157/285 779/512/779
f 285/157/285 288/160/288 780/513/780
f 254/126/254 727/460/727 728/461/728
f 250/122/250 728/461/728 729/462/729
f 792/525/792 272/144/272 273/145/273
f 783/516/783 273/145/273 269/141/269
f 793/526/793 796/529/796 794/527/794
f 796/529/796 800/533/800 797/530/797
f 798/531/798 799/532/799 796/529/796
f 799/532/799 803/536/803 800/533/800
f 798/531/798 815/548/815 801/534/801
f 799/532/799 801/534/801 802/535/802
f 804/537/804 807/540/807 805/538/805
f 807/540/807 811/544/811 808/541/808
f 804/537/804 812/545/812 809/542/809
f 807/540/807 809/542/809 810/543/810
f 812/545/812 816/549/816 813/546/813
f 809/542/809 813/546/813 814/547/814
f 136/8/136 802/535/802 801/534/801
f 140/12/140 801/534/801 815/548/815
f 150/22/150 152/24/152 805/538/805
f 152/24/152 155/27/155 806/539/806
f 132/4/132 133/5/133 794/527/794
f 133/5/133 129/1/129 795/528/795
f 143/15/143 814/547/814 813/546/813
f 147/19/147 813/546/813 816/549/816
f 817/550/817 820/553/820 818/551/818
f 820/553/820 824/557/824 821/554/821
f 817/550/817 825/558/825 822/555/822
f 820/553/820 822/555/822 823/556/823
f 825/558/825 840/573/840 826/559/826
f 822/555/822 826/559/826 827/560/827
f 828/561/828 831/564/831 829/562/829
f 831/564/831 835/568/835 832/565/832
f 833/566/833 834/567/834 831/564/831
f 834/567/834 838/571/838 835/568/835
f 833/566/833 839/572/839 836/569/836
f 834/567/834 836/569/836 837/570/837
f 819/552/819 818/551/818 172/44/172
f 818/551/818 821/554/821 173/45/173
f 162/34/162 837/570/837 836/569/836
f 159/31/159 836/569/836 839/572/839
f 840/573/840 178/50/178 180/52/180
f 826/559/826 180/52/180 183/55/183
f 167/39/167 168/40/168 829/562/829
f 168/40/168 164/36/164 830/563/830
f 388/199/388 402/212/402 404/214/404
f 392/202/392 404/214/404 407/217/407
f 393/203/393 394/204/394 364/177/364
f 394/204/394 391/41/391 363/176/363
f 397/207/397 396/206/396 371/183/371
f 396/206/396 400/210/400 370/182/370
f 372/184/372 373/185/373 357/3/357
f 373/185/373 370/182/370 356/171/356
f 405/215/405 374/186/374 376/188/376
f 408/218/408 376/188/376 379/191/379
f 381/193/381 383/195/383 401/211/401
f 383/195/383 386/32/386 400/210/400
f 384/196/384 358/4/358 359/172/359
f 387/198/387 359/172/359 356/171/356
f 365/11/365 366/178/366 380/192/380
f 366/178/366 363/176/363 379/191/379
f 433/236/433 434/237/434 418/227/418
f 434/237/434 430/78/430 416/225/416
f 421/67/421 422/230/422 411/221/411
f 422/230/422 419/228/419 409/219/409
f 426/232/426 427/233/427 436/238/436
f 427/233/427 423/231/423 435/81/435
f 414/223/414 415/224/415 429/77/429
f 415/224/415 412/62/412 428/234/428
f 444/244/444 446/96/446 441/242/441
f 446/96/446 449/248/449 440/241/440
f 442/88/442 443/243/443 455/253/455
f 443/243/443 440/241/440 454/104/454
f 458/255/458 460/256/460 450/249/450
f 460/256/460 463/109/463 449/248/449
f 456/254/456 457/105/457 464/112/464
f 457/105/457 454/104/454 463/109/463
f 461/111/461 462/108/462 425/75/425
f 425/75/425 462/108/462 458/255/458
f 456/254/456 412/62/412 413/222/413
f 413/222/413 409/219/409 451/250/451
f 442/88/442 419/228/419 420/229/420
f 420/229/420 416/225/416 437/85/437
f 447/246/447 448/247/448 432/82/432
f 432/82/432 448/247/448 444/244/444
f 472/263/472 474/265/474 469/115/469
f 469/115/469 474/265/474 478/269/478
f 479/270/479 481/272/481 490/281/490
f 481/272/481 484/275/484 489/280/489
f 496/287/496 497/143/497 509/299/509
f 497/143/497 493/284/493 507/297/507
f 506/296/506 517/306/517 518/307/518
f 518/307/518 514/303/514 500/290/500
f 489/280/489 506/296/506 503/293/503
f 492/283/492 503/293/503 505/295/505
f 484/275/484 485/276/485 519/308/519
f 485/276/485 482/273/482 520/309/520
f 477/268/477 498/288/498 499/289/499
f 475/266/475 499/289/499 496/287/496
f 471/262/471 470/261/470 513/302/513
f 470/261/470 468/260/468 512/301/512
f 864/314/864 1075/727/1075 865/574/865
f 866/575/866 865/574/865 867/576/867
f 869/577/869 877/325/877 870/578/870
f 871/579/871 870/578/870 872/315/872
f 874/322/874 864/314/864 866/575/866
f 875/581/875 866/575/866 868/312/868
f 877/325/877 883/331/883 878/583/878
f 870/578/870 878/583/878 879/323/879
f 880/584/880 874/322/874 875/581/875
f 881/585/881 875/581/875 876/582/876
f 883/331/883 889/590/889 884/586/884
f 878/583/878 884/586/884 885/587/885
f 886/588/886 880/584/880 881/585/881
f 887/589/887 881/585/881 882/327/882
f 889/590/889 896/595/896 890/591/890
f 884/586/884 890/591/890 891/592/891
f 886/588/886 887/589/887 892/593/892
f 887/589/887 888/333/888 894/338/894
f 895/342/895 897/596/897 890/591/890
f 897/596/897 903/601/903 891/592/891
f 893/594/893 892/593/892 898/597/898
f 892/593/892 894/338/894 900/344/900
f 901/599/901 902/600/902 897/596/897
f 902/600/902 909/353/909 903/601/903
f 899/598/899 898/597/898 904/602/904
f 898/597/898 900/344/900 906/604/906
f 907/605/907 908/606/908 902/600/902
f 908/606/908 915/612/915 909/353/909
f 905/603/905 904/602/904 910/607/910
f 904/602/904 906/604/906 912/609/912
f 913/610/913 914/611/914 908/606/908
f 914/611/914 1077/729/1077 915/612/915
f 916/613/916 1074/726/1074 917/614/917
f 918/363/918 917/614/917 919/615/919
f 921/617/921 929/620/929 922/370/922
f 923/368/923 922/370/922 924/618/924
f 926/619/926 916/613/916 918/363/918
f 927/372/927 918/363/918 920/616/920
f 929/620/929 935/383/935 930/376/930
f 922/370/922 930/376/930 931/375/931
f 932/621/932 926/619/926 927/372/927
f 933/622/933 927/372/927 928/373/928
f 935/383/935 941/626/941 936/623/936
f 930/376/930 936/623/936 937/381/937
f 938/624/938 932/621/932 933/622/933
f 939/625/939 933/622/933 934/379/934
f 941/626/941 948/630/948 942/388/942
f 936/623/936 942/388/942 943/627/943
f 938/624/938 939/625/939 944/628/944
f 939/625/939 940/385/940 946/390/946
f 947/629/947 949/393/949 942/388/942
f 949/393/949 955/399/955 943/627/943
f 945/392/945 944/628/944 950/631/950
f 944/628/944 946/390/946 952/396/952
f 953/633/953 954/634/954 949/393/949
f 954/634/954 961/639/961 955/399/955
f 951/632/951 950/631/950 956/635/956
f 950/631/950 952/396/952 958/637/958
f 959/407/959 960/638/960 954/634/954
f 960/638/960 967/411/967 961/639/961
f 957/636/957 956/635/956 962/640/962
f 956/635/956 958/637/958 964/408/964
f 965/642/965 966/643/966 960/638/960
f 966/643/966 1072/724/1072 967/411/967
f 968/418/968 1073/725/1073 969/644/969
f 970/415/970 969/644/969 971/645/971
f 973/647/973 976/650/976 974/648/974
f 976/650/976 983/656/983 977/651/977
f 978/652/978 968/418/968 970/415/970
f 979/653/979 970/415/970 972/646/972
f 981/655/981 982/428/982 976/650/976
f 982/428/982 989/659/989 983/656/983
f 984/432/984 978/652/978 979/653/979
f 985/657/985 979/653/979 980/654/980
f 987/658/987 988/434/988 982/428/982
f 988/434/988 995/664/995 989/659/989
f 984/432/984 985/657/985 990/437/990
f 985/657/985 986/431/986 992/661/992
f 987/658/987 999/668/999 993/662/993
f 988/434/988 993/662/993 994/663/994
f 991/660/991 990/437/990 996/665/996
f 990/437/990 992/661/992 998/667/998
f 999/668/999 1005/673/1005 1000/669/1000
f 993/662/993 1000/669/1000 1001/670/1001
f 997/666/997 996/665/996 1002/449/1002
f 996/665/996 998/667/998 1004/672/1004
f 1005/673/1005 1011/678/1011 1006/674/1006
f 1000/669/1000 1006/674/1006 1007/675/1007
f 1003/671/1003 1002/449/1002 1008/676/1008
f 1002/449/1002 1004/672/1004 1010/677/1010
f 1011/678/1011 1017/465/1017 1012/679/1012
f 1006/674/1006 1012/679/1012 1013/680/1013
f 1009/456/1009 1008/676/1008 1014/681/1014
f 1008/676/1008 1010/677/1010 1016/683/1016
f 1017/465/1017 1078/730/1078 1018/684/1018
f 1012/679/1012 1018/684/1018 1019/685/1019
f 1020/686/1020 1023/688/1023 1021/687/1021
f 1023/688/1023 1076/728/1076 1024/689/1024
f 1025/690/1025 1033/481/1033 1026/691/1026
f 1027/692/1027 1026/691/1026 1028/693/1028
f 1022/470/1022 1021/687/1021 1030/694/1030
f 1021/687/1021 1024/689/1024 1032/476/1032
f 1033/481/1033 1039/698/1039 1034/695/1034
f 1026/691/1026 1034/695/1034 1035/479/1035
f 1031/478/1031 1030/694/1030 1036/696/1036
f 1030/694/1030 1032/476/1032 1038/697/1038
f 1039/698/1039 1046/703/1046 1040/486/1040
f 1034/695/1034 1040/486/1040 1041/699/1041
f 1042/490/1042 1037/484/1037 1036/696/1036
f 1043/700/1043 1036/696/1036 1038/697/1038
f 1045/702/1045 1047/704/1047 1040/486/1040
f 1047/704/1047 1053/708/1053 1041/699/1041
f 1048/496/1048 1042/490/1042 1043/700/1043
f 1049/494/1049 1043/700/1043 1044/701/1044
f 1051/706/1051 1052/707/1052 1047/704/1047
f 1052/707/1052 1059/712/1059 1053/708/1053
f 1054/709/1054 1048/496/1048 1049/494/1049
f 1055/500/1055 1049/494/1049 1050/705/1050
f 1057/711/1057 1058/504/1058 1052/707/1052
f 1058/504/1058 1065/717/1065 1059/712/1059
f 1060/713/1060 1054/709/1054 1055/500/1055
f 1061/714/1061 1055/500/1055 1056/710/1056
f 1063/715/1063 1064/716/1064 1058/504/1058
f 1064/716/1064 1071/723/1071 1065/717/1065
f 1066/718/1066 1060/713/1060 1061/714/1061
f 1067/719/1067 1061/714/1061 1062/507/1062
f 1069/721/1069 1070/722/1070 1064/716/1064
f 1070/722/1070 1079/525/1079 1071/723/1071
f 963/641/963 962/640/962 488/279/488
f 962/640/962 964/408/964 486/277/486
f 505/295/505 504/294/504 966/643/966
f 504/294/504 500/290/500 1072/724/1072
f 975/649/975 974/648/974 910/607/910
f 974/648/974 977/651/977 911/608/911
f 1073/725/1073 919/615/919 917/614/917
f 969/644/969 917/614/917 1074/726/1074
f 479/270/479 867/576/867 865/574/865
f 483/274/483 865/574/865 1075/727/1075
f 1029/473/1029 921/617/921 923/368/923
f 1027/692/1027 923/368/923 925/369/925
f 520/309/520 869/577/869 871/579/871
f 516/305/516 871/579/871 873/580/873
f 1076/728/1076 1023/688/1023 914/611/914
f 1023/688/1023 1020/686/1020 1077/729/1077
f 471/262/471 1019/685/1019 1018/684/1018
f 467/259/467 1018/684/1018 1078/730/1078
f 1068/720/1068 510/160/510 511/300/511
f 1067/719/1067 511/300/511 507/297/507
f 1015/682/1015 1014/681/1014 476/267/476
f 1014/681/1014 1016/683/1016 477/268/477
f 493/284/493 495/286/495 1070/722/1070
f 495/286/495 498/288/498 1079/525/1079
f 1080/731/1080 1085/736/1085 1081/732/1081
f 1082/733/1082 1081/732/1081 1083/734/1083
f 1085/736/1085 1089/536/1089 1086/532/1086
f 1081/732/1081 1086/532/1086 1087/531/1087
f 1088/737/1088 1090/738/1090 1086/532/1086
f 1090/738/1090 1102/748/1102 1087/531/1087
f 1091/739/1091 1097/544/1097 1092/740/1092
f 1093/741/1093 1092/740/1092 1094/742/1094
f 1096/744/1096 1098/745/1098 1092/740/1092
f 1098/745/1098 1101/545/1101 1094/742/1094
f 1099/746/1099 1100/747/1100 1098/745/1098
f 1100/747/1100 1103/749/1103 1101/545/1101
f 1102/748/1102 1090/738/1090 362/175/362
f 1090/738/1090 1088/737/1088 360/173/360
f 1095/743/1095 377/189/377 378/190/378
f 1093/741/1093 378/190/378 374/186/374
f 1084/735/1084 353/1/353 355/170/355
f 1082/733/1082 355/170/355 358/4/358
f 1103/749/1103 1100/747/1100 369/181/369
f 1100/747/1100 1099/746/1099 367/179/367
f 1104/750/1104 1110/755/1110 1105/751/1105
f 1106/752/1106 1105/751/1105 1107/753/1107
f 1109/556/1109 1111/756/1111 1105/751/1105
f 1111/756/1111 1114/558/1114 1107/753/1107
f 1112/757/1112 1113/758/1113 1111/756/1111
f 1113/758/1113 1127/769/1127 1114/558/1114
f 1115/759/1115 1120/764/1120 1116/760/1116
f 1117/761/1117 1116/760/1116 1118/762/1118
f 1120/764/1120 1124/766/1124 1121/765/1121
f 1116/760/1116 1121/765/1121 1122/566/1122
f 1123/570/1123 1125/767/1125 1121/765/1121
f 1125/767/1125 1126/768/1126 1122/566/1122
f 397/207/397 1104/750/1104 1106/752/1106
f 395/205/395 1106/752/1106 1108/754/1108
f 1126/768/1126 1125/767/1125 385/197/385
f 1125/767/1125 1123/570/1123 384/196/384
f 405/215/405 406/216/406 1113/758/1113
f 406/216/406 402/212/402 1127/769/1127
f 1119/763/1119 388/199/388 390/201/390
f 1117/761/1117 390/201/390 393/203/393
f 129/1/129 146/18/146 816/549/816
f 160/32/160 174/46/174 148/20/148
f 1151/770/1151 1154/773/1154 837/570/837
f 837/570/837 162/34/162 1151/770/1151
f 162/34/162 132/4/132 1151/770/1151
f 136/8/136 167/39/167 832/565/832
f 832/565/832 1154/773/1154 802/535/802
f 1154/773/1154 1151/770/1151 802/535/802
f 141/13/141 153/25/153 181/53/181
f 815/548/815 806/539/806 155/27/155
f 1153/772/1153 1152/771/1152 821/554/821
f 1152/771/1152 814/547/814 143/15/143
f 173/45/173 1152/771/1152 143/15/143
f 183/55/183 150/22/150 827/560/827
f 150/22/150 808/541/808 827/560/827
f 808/541/808 1152/771/1152 1153/772/1153
f 176/48/176 157/29/157 839/572/839
f 178/50/178 840/573/840 830/563/830
f 185/57/185 227/99/227 216/88/216
f 195/67/195 211/83/211 204/76/204
f 202/74/202 239/111/239 230/102/230
f 192/64/192 213/85/213 220/92/220
f 209/81/209 225/97/225 234/106/234
f 237/109/237 223/95/223 218/90/218
f 248/120/248 729/462/729 791/524/791
f 247/119/247 286/158/286 274/146/274
f 730/463/730 780/513/780 288/160/288
f 727/460/727 254/126/254 272/144/272
f 675/408/675 262/134/262 255/127/255
f 267/139/267 279/151/279 296/168/296
f 260/132/260 295/167/295 586/319/586
f 265/137/265 677/410/677 680/413/680
f 781/514/781 784/517/784 269/141/269
f 290/162/290 276/148/276 785/518/785
f 577/310/577 579/312/579 669/402/669
f 674/407/674 680/413/680 677/410/677
f 617/350/617 623/356/623 629/362/629
f 786/519/786 638/371/638 644/377/644
f 787/520/787 629/362/629 623/356/623
f 681/414/681 740/473/740 638/371/638
f 579/312/579 588/321/588 663/396/663
f 668/401/668 674/407/674 671/404/671
f 588/321/588 594/327/594 657/390/657
f 661/394/661 668/401/668 665/398/665
f 594/327/594 600/333/600 652/385/652
f 662/395/662 661/394/661 659/392/659
f 600/333/600 605/338/605 646/379/646
f 647/380/647 656/389/656 662/395/662
f 605/338/605 611/344/611 640/373/640
f 641/374/641 650/383/650 656/389/656
f 611/344/611 617/350/617 631/364/631
f 633/366/633 644/377/644 650/383/650
f 622/355/622 628/361/628 625/358/625
f 686/419/686 625/358/625 628/361/628
f 788/521/788 586/319/586 592/325/592
f 616/349/616 622/355/622 619/352/619
f 609/342/609 616/349/616 613/346/613
f 610/343/610 609/342/609 607/340/607
f 595/328/595 604/337/604 610/343/610
f 589/322/589 598/331/598 604/337/604
f 581/314/581 592/325/592 598/331/598
f 634/367/634 636/369/636 789/522/789
f 789/522/789 636/369/636 742/475/742
f 785/518/785 678/411/678 582/315/582
f 642/375/642 634/367/634 626/359/626
f 648/381/648 642/375/642 620/353/620
f 654/387/654 648/381/648 614/347/614
f 666/399/666 654/387/654 602/335/602
f 672/405/672 666/399/666 596/329/596
f 678/411/678 672/405/672 590/323/590
f 690/423/690 689/422/689 685/418/685
f 790/523/790 733/466/733 694/427/694
f 724/457/724 774/507/774 780/513/780
f 732/465/732 791/524/791 729/462/729
f 689/422/689 696/429/696 693/426/693
f 733/466/733 743/476/743 700/433/700
f 696/429/696 702/435/702 699/432/699
f 743/476/743 749/482/749 707/440/707
f 702/435/702 714/447/714 705/438/705
f 707/440/707 749/482/749 756/489/756
f 714/447/714 720/453/720 711/444/711
f 706/439/706 756/489/756 762/495/762
f 720/453/720 726/459/726 717/450/717
f 712/445/712 762/495/762 768/501/768
f 726/459/726 732/465/732 723/456/723
f 718/451/718 768/501/768 774/507/774
f 778/511/778 784/517/784 781/514/781
f 742/475/742 748/481/748 737/470/737
f 772/505/772 778/511/778 775/508/775
f 766/499/766 772/505/772 769/502/769
f 759/492/759 766/499/766 763/496/763
f 760/493/760 759/492/759 757/490/757
f 754/487/754 760/493/760 751/484/751
f 748/481/748 754/487/754 745/478/745
f 792/525/792 782/515/782 721/454/721
f 683/416/683 738/471/738 740/473/740
f 782/515/782 776/509/776 715/448/715
f 776/509/776 770/503/770 709/442/709
f 770/503/770 764/497/764 703/436/703
f 764/497/764 752/485/752 698/431/698
f 698/431/698 752/485/752 746/479/746
f 692/425/692 746/479/746 738/471/738
f 816/549/816 812/545/812 793/526/793
f 804/537/804 806/539/806 815/548/815
f 812/545/812 804/537/804 798/531/798
f 819/552/819 839/572/839 833/566/833
f 828/561/828 830/563/830 840/573/840
f 817/550/817 833/566/833 828/561/828
f 1103/749/1103 372/184/372 353/1/353
f 370/182/370 400/210/400 386/32/386
f 1123/570/1123 1157/773/1157 1156/770/1156
f 1156/770/1156 1080/731/1080 358/4/358
f 358/4/358 384/196/384 1156/770/1156
f 1115/759/1115 393/203/393 360/173/360
f 360/173/360 1088/737/1088 1115/759/1115
f 1088/737/1088 1156/770/1156 1157/773/1157
f 407/217/407 379/191/379 363/176/363
f 377/189/377 1095/743/1095 1102/748/1102
f 1099/746/1099 1158/771/1158 367/179/367
f 1158/771/1158 1159/772/1159 1104/750/1104
f 397/207/397 1158/771/1158 1104/750/1104
f 1091/739/1091 374/186/374 1112/757/1112
f 374/186/374 405/215/405 1112/757/1112
f 1112/757/1112 1159/772/1159 1091/739/1091
f 1126/768/1126 381/193/381 398/208/398
f 402/212/402 388/199/388 1119/763/1119
f 442/88/442 451/250/451 409/219/409
f 426/232/426 433/236/433 421/67/421
f 456/254/456 461/111/461 428/234/428
f 444/244/444 437/85/437 416/225/416
f 458/255/458 447/246/447 435/81/435
f 440/241/440 449/248/449 463/109/463
f 1078/730/1078 1015/682/1015 472/263/472
f 496/287/496 512/301/512 468/260/468
f 510/160/510 1068/720/1068 1019/685/1019
f 1016/683/1016 1079/525/1079 498/288/498
f 479/270/479 486/277/486 964/408/964
f 517/306/517 506/296/506 489/280/489
f 869/577/869 520/309/520 482/273/482
f 491/282/491 505/295/505 965/642/965
f 493/284/493 1069/721/1069 1066/718/1066
f 1072/724/1072 500/290/500 514/303/514
f 958/637/958 868/312/868 867/576/867
f 963/641/963 965/642/965 959/407/959
f 919/615/919 912/609/912 906/604/906
f 912/609/912 919/615/919 1073/725/1073
f 1074/726/1074 916/613/916 929/620/929
f 921/617/921 1029/473/1029 971/645/971
f 952/396/952 876/582/876 868/312/868
f 957/636/957 959/407/959 953/633/953
f 946/390/946 882/327/882 876/582/876
f 951/632/951 953/633/953 947/629/947
f 940/385/940 888/333/888 882/327/882
f 945/392/945 947/629/947 948/630/948
f 934/379/934 894/338/894 888/333/888
f 932/621/932 938/624/938 948/630/948
f 928/373/928 900/344/900 894/338/894
f 926/619/926 932/621/932 941/626/941
f 920/616/920 906/604/906 900/344/900
f 916/613/916 926/619/926 935/383/935
f 911/608/911 913/610/913 907/605/907
f 977/651/977 1076/728/1076 913/610/913
f 1075/727/1075 864/314/864 877/325/877
f 905/603/905 907/605/907 901/599/901
f 899/598/899 901/599/901 895/342/895
f 893/594/893 895/342/895 896/595/896
f 880/584/880 886/588/886 896/595/896
f 874/322/874 880/584/880 889/590/889
f 864/314/864 874/322/874 883/331/883
f 1077/729/1077 925/369/925 924/618/924
f 1025/690/1025 925/369/925 1077/729/1077
f 872/315/872 967/411/967 1072/724/1072
f 915/612/915 924/618/924 931/375/931
f 909/353/909 931/375/931 937/381/937
f 903/601/903 937/381/937 943/627/943
f 891/592/891 943/627/943 955/399/955
f 885/587/885 955/399/955 961/639/961
f 879/323/879 961/639/961 967/411/967
f 968/418/968 973/647/973 975/649/975
f 983/656/983 1024/689/1024 1076/728/1076
f 1013/680/1013 1019/685/1019 1068/720/1068
f 1015/682/1015 1078/730/1078 1017/465/1017
f 978/652/978 981/655/981 973/647/973
f 989/659/989 1032/476/1032 1024/689/1024
f 984/432/984 987/658/987 981/655/981
f 995/664/995 1038/697/1038 1032/476/1032
f 991/660/991 999/668/999 987/658/987
f 995/664/995 994/663/994 1044/701/1044
f 997/666/997 1005/673/1005 999/668/999
f 994/663/994 1001/670/1001 1050/705/1050
f 1003/671/1003 1011/678/1011 1005/673/1005
f 1001/670/1001 1007/675/1007 1056/710/1056
f 1009/456/1009 1017/465/1017 1011/678/1011
f 1007/675/1007 1013/680/1013 1062/507/1062
f 1066/718/1066 1069/721/1069 1063/715/1063
f 1022/470/1022 1033/481/1033 1025/690/1025
f 1060/713/1060 1063/715/1063 1057/711/1057
f 1054/709/1054 1057/711/1057 1051/706/1051
f 1048/496/1048 1051/706/1051 1045/702/1045
f 1042/490/1042 1045/702/1045 1046/703/1046
f 1037/484/1037 1046/703/1046 1039/698/1039
f 1031/478/1031 1039/698/1039 1033/481/1033
f 1010/677/1010 1071/723/1071 1079/525/1079
f 972/646/972 971/645/971 1029/473/1029
f 1004/672/1004 1065/717/1065 1071/723/1071
f 998/667/998 1059/712/1059 1065/717/1065
f 992/661/992 1053/708/1053 1059/712/1059
f 986/431/986 1041/699/1041 1053/708/1053
f 986/431/986 980/654/980 1035/479/1035
f 980/654/980 972/646/972 1028/693/1028
f 1083/734/1083 1101/545/1101 1103/749/1103
f 1102/748/1102 1095/743/1095 1094/742/1094
f 1087/531/1087 1094/742/1094 1101/545/1101
f 1108/754/1108 1107/753/1107 1122/566/1122
f 1127/769/1127 1119/763/1119 1118/762/1118
f 1107/753/1107 1114/558/1114 1118/762/1118
usemtl mat1
f 1/774/1 2/775/2 3/776/3
f 4/777/4 5/778/5 6/779/6
f 7/780/7 8/781/8 4/777/4
f 9/782/9 10/783/10 11/784/11
f 12/785/12 13/786/13 14/787/14
f 15/788/15 16/789/16 1/774/1
f 17/790/17 18/791/18 12/785/12
f 19/792/19 20/793/20 15/788/15
f 21/794/21 22/795/22 7/780/7
f 23/796/23 24/797/24 9/782/9
f 25/798/25 26/799/26 23/796/23
f 27/800/27 28/801/28 17/790/17
f 29/802/29 30/803/30 19/792/19
f 31/804/31 32/805/32 21/794/21
f 33/806/33 34/807/34 31/804/31
f 35/808/35 36/809/36 25/798/25
f 37/810/37 38/811/38 29/802/29
f 39/812/39 40/813/40 37/810/37
f 41/814/41 42/815/42 33/806/33
f 43/816/43 44/817/44 27/800/27
f 45/818/45 46/819/46 35/808/35
f 47/820/47 48/821/48 43/816/43
f 49/822/49 50/823/50 45/818/45
f 51/824/51 52/825/52 39/812/39
f 53/826/53 54/827/54 41/814/41
f 55/828/55 56/829/56 47/820/47
f 57/830/57 58/831/58 53/826/53
f 3/776/3 59/832/59 55/828/55
f 6/779/6 60/833/60 49/822/49
f 61/834/61 62/835/62 51/824/51
f 11/784/11 63/836/63 61/834/61
f 14/787/14 64/837/64 57/830/57
f 65/775/65 66/774/66 67/776/67
f 68/778/68 69/777/69 70/779/70
f 71/781/71 72/780/72 69/777/69
f 73/783/73 74/782/74 75/784/75
f 76/786/76 77/785/77 78/787/78
f 79/789/79 80/788/80 66/774/66
f 81/791/81 82/790/82 77/785/77
f 83/793/83 84/792/84 80/788/80
f 85/795/85 86/794/86 72/780/72
f 87/797/87 88/796/88 74/782/74
f 89/799/89 90/798/90 88/796/88
f 91/801/91 92/800/92 82/790/82
f 93/803/93 94/802/94 84/792/84
f 95/805/95 96/804/96 86/794/86
f 97/807/97 98/806/98 96/804/96
f 99/809/99 100/808/100 90/798/90
f 101/811/101 102/810/102 94/802/94
f 103/813/103 104/812/104 102/810/102
f 105/815/105 106/814/106 98/806/98
f 107/817/107 108/816/108 92/800/92
f 109/819/109 110/818/110 100/808/100
f 111/821/111 112/820/112 108/816/108
f 113/823/113 114/822/114 110/818/110
f 115/825/115 116/824/116 104/812/104
f 117/827/117 118/826/118 106/814/106
f 119/829/119 120/828/120 112/820/112
f 121/831/121 122/830/122 118/826/118
f 123/832/123 67/776/67 120/828/120
f 124/833/124 70/779/70 114/822/114
f 125/835/125 126/834/126 116/824/116
f 127/836/127 75/784/75 126/834/126
f 128/837/128 78/787/78 122/830/122
f 297/838/297 298/839/298 299/840/299
f 300/841/300 298/839/298 301/842/301
f 302/843/302 298/839/298 303/844/303
f 304/845/304 305/846/305 306/847/306
f 307/848/307 305/846/305 308/849/308
f 309/850/309 305/846/305 310/851/310
f 311/852/311 312/853/312 313/854/313
f 314/843/314 312/853/312 315/855/315
f 316/841/316 312/853/312 317/856/317
f 318/857/318 319/858/319 320/859/320
f 321/860/321 319/858/319 322/861/322
f 323/862/323 319/858/319 324/863/324
f 325/864/325 326/865/326 327/866/327
f 328/867/328 329/868/329 330/869/330
f 327/866/327 328/867/328 331/870/331
f 332/871/332 333/872/333 334/873/334
f 335/874/335 333/872/333 336/875/336
f 337/876/337 333/872/333 338/877/338
f 339/878/339 340/879/340 341/880/341
f 342/881/342 343/882/343 344/883/344
f 341/880/341 342/881/342 345/884/345
f 346/885/346 347/886/347 348/887/348
f 349/888/349 347/886/347 350/889/350
f 351/890/351 347/886/347 352/891/352
f 521/892/521 522/893/522 523/894/523
f 524/843/524 522/893/522 525/855/525
f 526/895/526 522/893/522 527/844/527
f 528/845/528 529/896/529 530/897/530
f 531/850/531 529/896/529 532/847/532
f 533/848/533 529/896/529 534/851/534
f 535/898/535 536/899/536 537/900/537
f 538/901/538 536/899/536 539/902/539
f 540/903/540 536/899/536 541/856/541
f 542/904/542 543/905/543 544/906/544
f 545/907/545 543/905/543 546/849/546
f 547/908/547 543/905/543 548/863/548
f 549/909/549 550/910/550 551/911/551
f 552/912/552 553/913/553 554/870/554
f 551/911/551 552/912/552 555/884/555
f 556/914/556 557/915/557 558/916/558
f 559/917/559 557/915/557 560/918/560
f 561/874/561 557/915/557 562/919/562
f 563/920/563 564/921/564 565/922/565
f 566/881/566 567/923/567 568/924/568
f 565/922/565 566/881/566 569/925/569
f 570/926/570 571/927/571 572/928/572
f 573/929/573 571/927/571 574/887/574
f 575/930/575 571/927/571 576/931/576
f 297/838/297 308/849/308 304/845/304
f 299/840/299 307/848/307 308/849/308
f 323/862/323 315/855/315 320/859/320
f 320/859/320 311/852/311 318/857/318
f 323/862/323 310/851/310 307/848/307
f 324/863/324 309/850/309 310/851/310
f 314/843/314 303/844/303 317/856/317
f 317/856/317 300/841/300 316/841/316
f 841/932/841 350/889/350 346/885/346
f 842/933/842 349/888/349 350/889/350
f 843/934/843 334/873/334 844/935/844
f 844/935/844 337/876/337 845/936/845
f 351/890/351 338/877/338 335/874/335
f 352/891/352 337/876/337 338/877/338
f 846/937/846 348/887/348 847/938/847
f 847/938/847 351/890/351 848/939/848
f 849/940/849 336/875/336 332/871/332
f 850/941/850 335/874/335 336/875/336
f 851/942/851 329/868/329 325/864/325
f 852/943/852 330/869/330 329/868/329
f 853/944/853 341/880/341 854/945/854
f 854/945/854 345/884/345 855/946/855
f 344/883/344 328/867/328 342/881/342
f 342/881/342 330/869/330 345/884/345
f 856/947/856 327/866/327 857/948/857
f 857/948/857 331/870/331 858/949/858
f 859/950/859 343/882/343 339/878/339
f 860/951/860 344/883/344 343/882/343
f 856/947/856 301/842/301 297/838/297
f 857/948/857 300/841/300 301/842/301
f 859/950/859 313/854/313 860/951/860
f 860/951/860 316/841/316 861/952/861
f 862/953/862 844/935/844 845/936/845
f 852/943/852 843/934/843 844/935/844
f 309/850/309 850/941/850 306/847/306
f 306/847/306 849/940/849 304/845/304
f 841/932/841 854/945/854 842/933/842
f 842/933/842 855/946/855 863/954/863
f 846/937/846 322/861/322 318/857/318
f 847/938/847 321/860/321 322/861/322
f 533/848/533 525/855/525 530/897/530
f 530/897/530 521/892/521 528/845/528
f 535/898/535 546/849/546 542/904/542
f 537/900/537 545/907/545 546/849/546
f 531/850/531 548/863/548 534/851/534
f 534/851/534 545/907/545 533/848/533
f 526/895/526 541/856/541 538/901/538
f 527/844/527 540/903/540 541/856/541
f 575/930/575 1128/955/1128 572/928/572
f 572/928/572 1129/956/1129 570/926/570
f 559/917/559 1130/957/1130 1131/958/1131
f 560/918/560 1132/959/1132 1130/957/1130
f 559/917/559 576/931/576 562/919/562
f 562/919/562 573/929/573 561/874/561
f 573/929/573 1133/960/1133 1134/939/1134
f 574/887/574 1135/961/1135 1133/960/1133
f 561/874/561 1136/962/1136 558/916/558
f 558/916/558 1137/963/1137 556/914/556
f 555/884/555 1138/964/1138 551/911/551
f 551/911/551 1139/965/1139 549/909/549
f 568/924/568 1140/966/1140 1141/946/1141
f 567/923/567 1142/967/1142 1140/966/1140
f 555/884/555 566/881/566 568/924/568
f 552/912/552 569/925/569 566/881/566
f 554/870/554 1143/968/1143 1144/949/1144
f 553/913/553 1145/969/1145 1143/968/1143
f 569/925/569 1146/970/1146 565/922/565
f 565/922/565 1147/971/1147 563/920/563
f 526/895/526 1143/968/1143 523/894/523
f 523/894/523 1145/969/1145 521/892/521
f 538/901/538 1146/970/1146 1148/952/1148
f 539/902/539 1147/971/1147 1146/970/1146
f 1132/959/1132 1138/964/1138 1130/957/1130
f 1130/957/1130 1149/972/1149 1131/958/1131
f 1137/963/1137 532/847/532 528/845/528
f 1136/962/1136 531/850/531 532/847/532
f 1141/946/1141 1128/955/1128 1150/958/1150
f 1140/966/1140 1129/956/1129 1128/955/1128
f 547/908/547 1133/960/1133 544/906/544
f 544/906/544 1135/961/1135 542/904/542
f 302/843/302 323/862/323 307/848/307
f 858/949/858 316/841/316 300/841/300
f 851/942/851 856/947/856 849/940/849
f 1155/939/1155 321/860/321 848/939/848
f 846/937/846 318/857/318 859/950/859
f 862/953/862 345/884/345 330/869/330
f 845/936/845 855/946/855 862/953/862
f 331/870/331 861/952/861 858/949/858
f 335/874/335 848/939/848 351/890/351
f 845/936/845 349/888/349 863/954/863
f 545/907/545 524/843/524 533/848/533
f 538/901/538 1144/949/1144 526/895/526
f 528/845/528 521/892/521 1145/969/1145
f 1160/939/1160 547/908/547 531/850/531
f 1147/971/1147 1135/961/1135 1142/967/1142
f 1149/972/1149 568/924/568 1141/946/1141
f 1141/946/1141 1131/958/1131 1149/972/1149
f 554/870/554 1148/952/1148 569/925/569
f 1134/939/1134 561/874/561 573/929/573
f 575/930/575 1131/958/1131 1150/958/1150
f 1/774/1 16/789/16 2/775/2
f 4/777/4 8/781/8 5/778/5
f 7/780/7 22/795/22 8/781/8
f 9/782/9 24/797/24 10/783/10
f 12/785/12 18/791/18 13/786/13
f 15/788/15 20/793/20 16/789/16
f 17/790/17 28/801/28 18/791/18
f 19/792/19 30/803/30 20/793/20
f 21/794/21 32/805/32 22/795/22
f 23/796/23 26/799/26 24/797/24
f 25/798/25 36/809/36 26/799/26
f 27/800/27 44/817/44 28/801/28
f 29/802/29 38/811/38 30/803/30
f 31/804/31 34/807/34 32/805/32
f 33/806/33 42/815/42 34/807/34
f 35/808/35 46/819/46 36/809/36
f 37/810/37 40/813/40 38/811/38
f 39/812/39 52/825/52 40/813/40
f 41/814/41 54/827/54 42/815/42
f 43/816/43 48/821/48 44/817/44
f 45/818/45 50/823/50 46/819/46
f 47/820/47 56/829/56 48/821/48
f 49/822/49 60/833/60 50/823/50
f 51/824/51 62/835/62 52/825/52
f 53/826/53 58/831/58 54/827/54
f 55/828/55 59/832/59 56/829/56
f 57/830/57 64/837/64 58/831/58
f 3/776/3 2/775/2 59/832/59
f 6/779/6 5/778/5 60/833/60
f 61/834/61 63/836/63 62/835/62
f 11/784/11 10/783/10 63/836/63
f 14/787/14 13/786/13 64/837/64
f 65/775/65 79/789/79 66/774/66
f 68/778/68 71/781/71 69/777/69
f 71/781/71 85/795/85 72/780/72
f 73/783/73 87/797/87 74/782/74
f 76/786/76 81/791/81 77/785/77
f 79/789/79 83/793/83 80/788/80
f 81/791/81 91/801/91 82/790/82
f 83/793/83 93/803/93 84/792/84
f 85/795/85 95/805/95 86/794/86
f 87/797/87 89/799/89 88/796/88
f 89/799/89 99/809/99 90/798/90
f 91/801/91 107/817/107 92/800/92
f 93/803/93 101/811/101 94/802/94
f 95/805/95 97/807/97 96/804/96
f 97/807/97 105/815/105 98/806/98
f 99/809/99 109/819/109 100/808/100
f 101/811/101 103/813/103 102/810/102
f 103/813/103 115/825/115 104/812/104
f 105/815/105 117/827/117 106/814/106
f 107/817/107 111/821/111 108/816/108
f 109/819/109 113/823/113 110/818/110
f 111/821/111 119/829/119 112/820/112
f 113/823/113 124/833/124 114/822/114
f 115/825/115 125/835/125 116/824/116
f 117/827/117 121/831/121 118/826/118
f 119/829/119 123/832/123 120/828/120
f 121/831/121 128/837/128 122/830/122
f 123/832/123 65/775/65 67/776/67
f 124/833/124 68/778/68 70/779/70
f 125/835/125 127/836/127 126/834/126
f 127/836/127 73/783/73 75/784/75
f 128/837/128 76/786/76 78/787/78
f 297/838/297 301/842/301 298/839/298
f 300/841/300 303/844/303 298/839/298
f 302/843/302 299/840/299 298/839/298
f 304/845/304 308/849/308 305/846/305
f 307/848/307 310/851/310 305/846/305
f 309/850/309 306/847/306 305/846/305
f 311/852/311 315/855/315 312/853/312
f 314/843/314 317/856/317 312/853/312
f 316/841/316 313/854/313 312/853/312
f 318/857/318 322/861/322 319/858/319
f 321/860/321 324/863/324 319/858/319
f 323/862/323 320/859/320 319/858/319
f 325/864/325 329/868/329 326/865/326
f 328/867/328 326/865/326 329/868/329
f 327/866/327 326/865/326 328/867/328
f 332/871/332 336/875/336 333/872/333
f 335/874/335 338/877/338 333/872/333
f 337/876/337 334/873/334 333/872/333
f 339/878/339 343/882/343 340/879/340
f 342/881/342 340/879/340 343/882/343
f 341/880/341 340/879/340 342/881/342
f 346/885/346 350/889/350 347/886/347
f 349/888/349 352/891/352 347/886/347
f 351/890/351 348/887/348 347/886/347
f 521/892/521 525/855/525 522/893/522
f 524/843/524 527/844/527 522/893/522
f 526/895/526 523/894/523 522/893/522
f 528/845/528 532/847/532 529/896/529
f 531/850/531 534/851/534 529/896/529
f 533/848/533 530/897/530 529/896/529
f 535/898/535 539/902/539 536/899/536
f 538/901/538 541/856/541 536/899/536
f 540/903/540 537/900/537 536/899/536
f 542/904/542 546/849/546 543/905/543
f 545/907/545 548/863/548 543/905/543
f 547/908/547 544/906/544 543/905/543
f 549/909/549 553/913/553 550/910/550
f 552/912/552 550/910/550 553/913/553
f 551/911/551 550/910/550 552/912/552
f 556/914/556 560/918/560 557/915/557
f 559/917/559 562/919/562 557/915/557
f 561/874/561 558/916/558 557/915/557
f 563/920/563 567/923/567 564/921/564
f 566/881/566 564/921/564 567/923/567
f 565/922/565 564/921/564 566/881/566
f 570/926/570 574/887/574 571/927/571
f 573/929/573 576/931/576 571/927/571
f 575/930/575 572/928/572 571/927/571
f 297/838/297 299/840/299 308/849/308
f 299/840/299 302/843/302 307/848/307
f 323/862/323 314/843/314 315/855/315
f 320/859/320 315/855/315 311/852/311
f 323/862/323 324/863/324 310/851/310
f 324/863/324 321/860/321 309/850/309
f 314/843/314 302/843/302 303/844/303
f 317/856/317 303/844/303 300/841/300
f 841/932/841 842/933/842 350/889/350
f 842/933/842 863/954/863 349/888/349
f 843/934/843 332/871/332 334/873/334
f 844/935/844 334/873/334 337/876/337
f 351/890/351 352/891/352 338/877/338
f 352/891/352 349/888/349 337/876/337
f 846/937/846 346/885/346 348/887/348
f 847/938/847 348/887/348 351/890/351
f 849/940/849 850/941/850 336/875/336
f 850/941/850 1155/939/1155 335/874/335
f 851/942/851 852/943/852 329/868/329
f 852/943/852 862/953/862 330/869/330
f 853/944/853 339/878/339 341/880/341
f 854/945/854 341/880/341 345/884/345
f 344/883/344 331/870/331 328/867/328
f 342/881/342 328/867/328 330/869/330
f 856/947/856 325/864/325 327/866/327
f 857/948/857 327/866/327 331/870/331
f 859/950/859 860/951/860 343/882/343
f 860/951/860 861/952/861 344/883/344
f 856/947/856 857/948/857 301/842/301
f 857/948/857 858/949/858 300/841/300
f 859/950/859 311/852/311 313/854/313
f 860/951/860 313/854/313 316/841/316
f 862/953/862 852/943/852 844/935/844
f 852/943/852 851/942/851 843/934/843
f 309/850/309 1155/939/1155 850/941/850
f 306/847/306 850/941/850 849/940/849
f 841/932/841 853/944/853 854/945/854
f 842/933/842 854/945/854 855/946/855
f 846/937/846 847/938/847 322/861/322
f 847/938/847 848/939/848 321/860/321
f 533/848/533 524/843/524 525/855/525
f 530/897/530 525/855/525 521/892/521
f 535/898/535 537/900/537 546/849/546
f 537/900/537 540/903/540 545/907/545
f 531/850/531 547/908/547 548/863/548
f 534/851/534 548/863/548 545/907/545
f 526/895/526 527/844/527 541/856/541
f 527/844/527 524/843/524 540/903/540
f 575/930/575 1150/958/1150 1128/955/1128
f 572/928/572 1128/955/1128 1129/956/1129
f 559/917/559 560/918/560 1130/957/1130
f 560/918/560 556/914/556 1132/959/1132
f 559/917/559 575/930/575 576/931/576
f 562/919/562 576/931/576 573/929/573
f 573/929/573 574/887/574 1133/960/1133
f 574/887/574 570/926/570 1135/961/1135
f 561/874/561 1160/939/1160 1136/962/1136
f 558/916/558 1136/962/1136 1137/963/1137
f 555/884/555 1149/972/1149 1138/964/1138
f 551/911/551 1138/964/1138 1139/965/1139
f 568/924/568 567/923/567 1140/966/1140
f 567/923/567 563/920/563 1142/967/1142
f 555/884/555 552/912/552 566/881/566
f 552/912/552 554/870/554 569/925/569
f 554/870/554 553/913/553 1143/968/1143
f 553/913/553 549/909/549 1145/969/1145
f 569/925/569 1148/952/1148 1146/970/1146
f 565/922/565 1146/970/1146 1147/971/1147
f 526/895/526 1144/949/1144 1143/968/1143
f 523/894/523 1143/968/1143 1145/969/1145
f 538/901/538 539/902/539 1146/970/1146
f 539/902/539 535/898/535 1147/971/1147
f 1132/959/1132 1139/965/1139 1138/964/1138
f 1130/957/1130 1138/964/1138 1149/972/1149
f 1137/963/1137 1136/962/1136 532/847/532
f 1136/962/1136 1160/939/1160 531/850/531
f 1141/946/1141 1140/966/1140 1128/955/1128
f 1140/966/1140 1142/967/1142 1129/956/1129
f 547/908/547 1134/939/1134 1133/960/1133
f 544/906/544 1133/960/1133 1135/961/1135
f 302/843/302 314/843/314 323/862/323
f 858/949/858 861/952/861 316/841/316
f 843/934/843 851/942/851 849/940/849
f 851/942/851 325/864/325 856/947/856
f 856/947/856 297/838/297 304/845/304
f 849/940/849 856/947/856 304/845/304
f 849/940/849 332/871/332 843/934/843
f 1155/939/1155 309/850/309 321/860/321
f 311/852/311 859/950/859 318/857/318
f 859/950/859 339/878/339 853/944/853
f 846/937/846 859/950/859 853/944/853
f 853/944/853 841/932/841 846/937/846
f 841/932/841 346/885/346 846/937/846
f 862/953/862 855/946/855 345/884/345
f 845/936/845 863/954/863 855/946/855
f 331/870/331 344/883/344 861/952/861
f 335/874/335 1155/939/1155 848/939/848
f 845/936/845 337/876/337 349/888/349
f 545/907/545 540/903/540 524/843/524
f 538/901/538 1148/952/1148 1144/949/1144
f 549/909/549 1139/965/1139 1145/969/1145
f 1139/965/1139 1132/959/1132 1137/963/1137
f 1145/969/1145 1139/965/1139 1137/963/1137
f 1132/959/1132 556/914/556 1137/963/1137
f 1137/963/1137 528/845/528 1145/969/1145
f 1160/939/1160 1134/939/1134 547/908/547
f 563/920/563 1147/971/1147 1142/967/1142
f 1147/971/1147 535/898/535 542/904/542
f 1135/961/1135 1147/971/1147 542/904/542
f 1135/961/1135 570/926/570 1129/956/1129
f 1129/956/1129 1142/967/1142 1135/961/1135
f 1149/972/1149 555/884/555 568/924/568
f 1141/946/1141 1150/958/1150 1131/958/1131
f 554/870/554 1144/949/1144 1148/952/1148
f 1134/939/1134 1160/939/1160 561/874/561
f 575/930/575 559/917/559 1131/958/1131
# Vertices: 1160, normals: 1160, texture coordinates: 972, faces: 2160

o obj2
v -0.80497724 1.11327744 3.1070478
v -0.88447756 1.09417081 3.24821448
v -1.03544605 1.04222012 3.36743164
v -1.04689527 0.6283654 1.84816253
v -1.55406499 0.70618093 3.57918644
v -1.65079165 0.56135023 3.64757729
v -1.09453392 0.48939094 1.83286381
v -1.71097207 0.43262839 3.69826055
v -1.12681484 0.35034961 1.82249665
v -1.74691057 0.31238106 3.72842455
v -1.14556527 0.21127626 1.81647491
v -1.76700377 0.19392137 3.74495864
v -1.74691057 -0.30737385 3.72842455
v -1.14556527 -0.20626912 1.81647491
v -1.76700377 -0.18891411 3.74495864
v -1.15172124 -0.06714965 1.81449831
v -1.71097207 -0.42762116 3.69826055
v -1.12681484 -0.34534246 1.82249665
v -1.65079165 -0.5563429 3.64757729
v -1.09453404 -0.48438382 1.83286381
v -1.55406499 -0.70117366 3.57918644
v -1.04689538 -0.62335831 1.84816253
v -1.40659547 -0.86106759 3.50717854
v -0.98063934 -0.76212335 1.86943543
v -1.21521282 -0.96998096 3.45280695
v -0.8896656 -0.90004253 1.89861929
v -1.03544593 -1.03721285 3.36743164
v -0.80497736 -1.10827017 3.1070478
v -0.98063934 0.76713049 1.86943543
v -1.40659547 0.86607474 3.50717854
v -0.88966548 0.90504968 1.89861917
v -1.21521282 0.9749881 3.45280695
v -1.42888331 0.88011295 3.53994942
v -1.564224 0.70964092 3.59831262
v -1.4162724 0.86994898 3.52657557
v -1.57758617 0.71918064 3.61119986
v -1.66122079 0.56436944 3.6664536
v -1.67536807 0.57288259 3.67915606
v -1.72162008 0.4350372 3.71695089
v -1.73664713 0.44183594 3.72975707
v -1.7577076 0.31406885 3.74697828
v -1.77340889 0.31877834 3.75991154
v -1.77788424 0.19485587 3.76342773
v -1.79986739 0.06994797 3.779773
v -1.79397726 0.19739619 3.77644157
v -1.78382659 0.06249717 3.76723933
v -1.79986739 -0.06494068 3.779773
v -1.78398228 -0.05748983 3.76697206
v -1.77328086 0.04594076 3.74990749
v -1.77788424 -0.18984862 3.76342797
v -1.77381277 -0.04093349 3.74899483
v -1.77340889 -0.31377113 3.75991154
v -1.79397726 -0.19238889 3.77644134
v -1.7577076 -0.30906165 3.74697828
v -1.73664713 -0.4368287 3.72975707
v -1.72162008 -0.43002996 3.71695089
v -1.67536807 -0.56787521 3.67915606
v -1.66122079 -0.55936211 3.6664536
v -1.57758641 -0.71417338 3.61119986
v -1.564224 -0.70463371 3.59831262
v -1.42888331 -0.87510574 3.53994966
v -1.4162724 -0.86494184 3.52657604
v -0.76613081 -1.04715252 1.90117955
v -0.8880108 -0.90316367 1.87871456
v -0.76070017 -1.03925133 1.91960227
v -0.76210558 -1.03545022 1.93944013
v -0.89343351 -0.90998882 1.85996652
v -0.97883332 -0.76501215 1.84947467
v -0.98426253 -0.77094591 1.8304739
v -1.04512119 -0.62586457 1.82811534
v -1.09847498 -0.49028227 1.79334533
v -1.05063307 -0.6308282 1.80890381
v -1.09285915 -0.48637193 1.81272781
v -1.13093781 -0.34955022 1.78278565
v -1.1252327 -0.3467457 1.80229139
v -1.14980245 -0.20874432 1.77665019
v -1.14404082 -0.20707133 1.79622853
v -1.15599132 -0.06791351 1.77464223
v -1.15021324 -0.0673733 1.79424024
v -1.15599132 0.07292067 1.77464223
v -1.151721 0.07215679 1.81449795
v -1.14404082 0.21207848 1.79622853
v -1.15021324 0.07238045 1.79424024
v -1.14980245 0.21375149 1.77665019
v -1.1252327 0.35175282 1.80229139
v -1.13093781 0.35455737 1.78278553
v -1.09285903 0.49137908 1.81272781
v -1.09847486 0.49528939 1.79334533
v -1.04512107 0.63087165 1.82811534
v -0.98426253 0.77595317 1.83047378
v -1.05063295 0.63583535 1.80890381
v -0.89343339 0.91499597 1.85996652
v -0.97883344 0.77001941 1.84947467
v -0.8880105 0.90817076 1.87871468
v -0.76613069 1.05215955 1.90117955
v -0.76070005 1.04425836 1.91960227
v -1.03030896 1.07539463 3.38497663
v -1.2240231 0.97880036 3.47253203
v -1.02780271 1.05867171 3.37635207
v -1.03030896 -1.07038736 3.38497663
v -1.2240231 -0.97379321 3.47253203
v -1.23516989 -0.98445928 3.48634291
v -1.02780271 -1.05366468 3.37635207
v -1.23516989 0.98946643 3.48634291
v -0.59931588 -1.30470729 1.86525285
v -0.63255668 -1.30548382 1.85880327
v -0.61867243 -1.28977823 1.7927047
v -0.60544598 -1.31490946 2.02667379
v -0.61315018 -1.3165524 1.89418423
v -0.648507 -1.31540346 2.0237844
v -0.62193501 -1.32395005 2.02553558
v -0.63276756 1.31087756 1.85878527
v -0.5993157 1.30971432 1.86525297
v -0.61867219 1.29478526 1.7927047
v -0.64927047 1.32171011 2.02369785
v -0.61327612 1.3217802 1.89417148
v -0.60544574 1.31991673 2.02667379
v -0.6221838 1.32933617 2.02551365
v -0.57670367 1.20781636 1.80014467
v -0.55296111 1.21169019 1.86025989
v -0.56199557 1.19970894 1.811113
v -0.55360782 1.21381807 1.93188393
v -0.55807805 1.22235346 1.87230563
v -0.56451094 1.23235917 2.03353691
v -0.55595392 1.20028925 1.83024406
v -0.55595422 -1.19528222 1.83024395
v -0.55296135 -1.20668292 1.86025989
v -0.5619958 -1.19470191 1.81111276
v -0.55807829 -1.21734619 1.87230551
v -0.55360818 -1.20881081 1.93188381
v -0.56451118 -1.2273519 2.03353691
v -0.57670391 -1.20280933 1.80014467
v -0.69040775 1.13518572 1.91463721
v -0.67871141 1.14824009 1.965271
v -0.68397021 1.14038587 1.98069251
v -0.65044254 1.16185308 1.90060186
v -0.67812324 1.14459348 1.90986085
v -0.68018687 1.15450811 2.05064726
v -0.69278908 1.15004516 2.11763191
v -0.69040799 -1.13017869 1.91463721
v -0.67871171 -1.14323282 1.96527088
v -0.67812347 -1.13958621 1.90986085
v -0.68018711 -1.14950109 2.05064726
v -0.68397045 -1.13537884 1.98069263
v -0.69278932 -1.14503789 2.11763191
v -0.65044284 -1.15684605 1.90060186
v -0.8748619 -1.10020709 3.26160741
v -0.87539625 -1.0981245 3.26008344
v -0.87706065 -1.09725237 3.2618711
v -0.87654018 -1.09641862 3.25828195
v -0.87654018 1.10142589 3.25828171
v -0.87539625 1.10313177 3.2600832
v -0.87723356 1.10220957 3.26200247
v -0.8748619 1.10521436 3.26160717
v -0.74174953 1.07361293 1.75324786
v -0.7480818 1.08856487 1.74479949
v -0.74297923 1.06692529 1.77002215
v -1.4458971 0.95405781 3.67721701
v -1.59612584 0.78940707 3.74018288
v -1.43477678 0.93996495 3.67403221
v -1.59036958 0.77890283 3.72670126
v -1.43121648 0.92967671 3.65962029
v -1.6099453 0.8011145 3.74222016
v -1.70629525 0.64296263 3.80646729
v -1.69873762 0.63315237 3.7933383
v -1.72175336 0.6525197 3.80799389
v -1.78166389 0.49934798 3.85973811
v -1.77227068 0.49152485 3.84639645
v -1.79840636 0.50650984 3.86115217
v -1.82938409 0.35724172 3.89265752
v -1.81860471 0.35206831 3.87905264
v -1.84700966 0.36191955 3.89406967
v -1.85608387 0.21544182 3.91080308
v -1.84452844 0.21303242 3.89703989
v -1.8821485 0.07406164 3.91546488
v -1.87419629 0.21768863 3.91222477
v -1.86388874 0.07354535 3.91406631
v -1.8821485 -0.06905434 3.91546488
v -1.86388874 -0.06853805 3.91406631
v -1.85209632 0.07306299 3.90031981
v -1.85608387 -0.2104345 3.91080308
v -1.84452844 -0.20802508 3.89703989
v -1.85209632 -0.0680557 3.90031981
v -1.84700966 -0.35691229 3.89406967
v -1.87419629 -0.21268131 3.91222477
v -1.82938409 -0.35223442 3.89265752
v -1.79840636 -0.50150251 3.86115217
v -1.78166413 -0.49434066 3.85973811
v -1.81860471 -0.34706104 3.87905264
v -1.7217536 -0.64751232 3.80799413
v -1.70629525 -0.63795525 3.80646729
v -1.77227068 -0.48651761 3.84639668
v -1.60994506 -0.79610717 3.74222016
v -1.59612584 -0.78439975 3.74018288
v -1.69873786 -0.62814504 3.7933383
v -1.44589734 -0.94905061 3.67721701
v -1.43477666 -0.93495762 3.67403245
v -1.59036958 -0.7738955 3.72670126
v -0.74174964 -1.06860566 1.75324786
v -0.74297935 -1.06191802 1.77002203
v -0.8775053 -0.93827337 1.702654
v -0.74808192 -1.08355784 1.74479949
v -0.86837262 -0.92576343 1.71241713
v -0.97014892 -0.79181314 1.67253852
v -0.95863897 -0.78249931 1.68332231
v -0.86858481 -0.92037654 1.72970021
v -1.03727877 -0.64650822 1.65082836
v -1.02462566 -0.6395306 1.66208625
v -0.95798945 -0.77857107 1.70099163
v -1.08563626 -0.50164622 1.63523173
v -1.07229555 -0.49667555 1.64675725
v -1.02356708 -0.63661855 1.67993152
v -1.11846495 -0.35710269 1.62466466
v -1.10471559 -0.35390773 1.63633823
v -1.07098317 -0.49461135 1.66470349
v -1.13755512 -0.21276119 1.61852741
v -1.12358809 -0.21119729 1.63027537
v -1.1032455 -0.3525835 1.65434206
v -1.1438179 -0.069061 1.6165154
v -1.12978697 -0.0686743 1.62828422
v -1.12203121 -0.21054944 1.64830887
v -1.1438179 0.07406816 1.6165154
v -1.12978697 0.07368146 1.62828422
v -1.12820387 -0.06851413 1.64632654
v -1.12358809 0.21620445 1.63027537
v -1.12203121 0.21555658 1.64830887
v -1.12820387 0.07352128 1.64632654
v -1.13755512 0.21776836 1.61852741
v -1.10471559 0.35891485 1.63633823
v -1.1032455 0.35759065 1.65434206
v -1.11846495 0.36210984 1.62466466
v -1.07229543 0.5016827 1.64675725
v -1.07098305 0.49961853 1.66470349
v -1.08563626 0.50665337 1.63523173
v -1.02462554 0.64453781 1.66208625
v -1.02356708 0.64162576 1.67993152
v -1.03727865 0.65151542 1.65082836
v -0.95863891 0.78750652 1.68332231
v -0.95798945 0.78357816 1.70099163
v -0.97014862 0.79682034 1.67253792
v -0.86837238 0.93077046 1.71241713
v -0.86858469 0.92538363 1.72970033
v -0.87750518 0.94328046 1.70265412
v -0.98424709 1.14775562 3.51230597
v -1.21539402 1.04033542 3.62031937
v -0.98040521 1.13037181 3.50729561
v -1.2157011 1.03017044 3.60540533
v -0.9848488 1.11937046 3.49328303
v -0.98424703 -1.14274836 3.51230597
v -1.21539402 -1.03532839 3.6203196
v -1.22256851 -1.05141759 3.62475801
v -0.98040515 -1.12536478 3.50729561
v -1.2157011 -1.02516341 3.60540533
v -0.7927947 -1.19997907 3.36668921
v -0.79854226 -1.16956925 3.35245419
v -0.98484874 -1.11436343 3.49328303
v -0.67444462 -1.23178148 3.15435195
v -0.79028046 -1.18209362 3.36322379
v -0.67333496 -1.21345043 3.15346217
v -0.68498737 -1.19984913 3.14891148
v -0.79279459 1.2049861 3.36668921
v -0.79028046 1.18710113 3.36322355
v -0.7985422 1.17457652 3.35245395
v -0.67333484 1.21845746 3.15346217
v -0.68498725 1.2048564 3.14891148
v -0.6744445 1.23678875 3.15435195
v -1.22256851 1.05642486 3.62475801
v -1.43121648 -0.92466944 3.65962029
v -0.85932684 1.19774842 2.0157361
v -0.81886184 1.18855691 1.81577802
v -0.79525912 1.17256761 1.73445296
v -1.60210419 0.8641603 3.36912775
v -1.49631286 1.03338337 3.55896354
v -1.43415904 1.03748775 3.32656741
v -1.67149115 0.86065227 3.61314178
v -1.51241207 1.02185202 3.65801048
v -1.71431041 0.70000929 3.41722798
v -1.78840017 0.69710022 3.67170334
v -1.688797 0.85184264 3.71776271
v -1.79086804 0.5405454 3.45723963
v -1.86794972 0.53837222 3.71989083
v -1.80676126 0.69040167 3.78102207
v -1.83956623 0.38391742 3.48198366
v -1.91830564 0.38251537 3.7497952
v -1.88702631 0.53355062 3.83279657
v -1.86685991 0.22851169 3.49562383
v -1.94644856 0.22783086 3.76631308
v -1.93776011 0.37939969 3.86494923
v -1.87496233 0.07679094 3.49785233
v -1.95472002 0.07662804 3.76916599
v -1.96608901 0.22630006 3.88271546
v -1.87496233 -0.07178365 3.49785233
v -1.97438121 -0.07123676 3.88584328
v -1.97438121 0.07624407 3.88584328
v -1.94644856 -0.22282356 3.76631308
v -1.95472002 -0.07162074 3.76916599
v -1.96608901 -0.22129272 3.88271546
v -1.86685991 -0.22350439 3.49562383
v -1.91830564 -0.37750807 3.7497952
v -1.93776011 -0.37439239 3.86494923
v -1.83956623 -0.37891012 3.48198366
v -1.86794972 -0.53336489 3.71989107
v -1.88702631 -0.52854329 3.83279657
v -1.79086804 -0.53553808 3.45723987
v -1.78840017 -0.6920929 3.67170334
v -1.8067615 -0.68539435 3.78102207
v -1.71431065 -0.69500202 3.41722798
v -1.67149115 -0.85564488 3.61314201
v -1.688797 -0.84683532 3.71776271
v -1.60210443 -0.85915297 3.36912823
v -1.49631298 -1.02837634 3.55896354
v -1.51241207 -1.01684475 3.65801048
v -0.85932696 -1.19274139 2.0157361
v -0.81886196 -1.18354964 1.81577802
v -0.97996163 -1.02189541 1.77723789
v -0.7952593 -1.16756058 1.73445296
v -1.05154872 -1.0278461 2.00693941
v -1.09234095 -0.8541674 1.74480069
v -0.94108868 -1.00915194 1.68469667
v -1.17306566 -0.85818094 1.98530865
v -1.16949463 -0.69320595 1.72409892
v -1.04766285 -0.84481829 1.64864421
v -1.25585556 -0.69592941 1.97468579
v -1.22391915 -0.53490663 1.7100178
v -1.17388177 -0.53002661 1.60701513
v -1.12150812 -0.68630648 1.62416863
v -1.31382501 -0.53675199 1.96856701
v -1.26028085 -0.37849045 1.7005583
v -1.20907831 -0.3753517 1.59559119
v -1.35217071 -0.37967911 1.96414995
v -1.28122735 -0.22323544 1.69510019
v -1.22941971 -0.22169496 1.5890274
v -1.37414002 -0.22382678 1.96151066
v -1.28800297 -0.0716548 1.69320071
v -1.38113594 0.0768175 1.96021879
v -1.38113594 -0.07181031 1.96021879
v -1.28800297 0.07666198 1.69320071
v -1.23605061 -0.07127003 1.58689392
v -1.37414002 0.22883397 1.96151066
v -1.22941971 0.22670209 1.5890274
v -1.23605061 0.0762772 1.58689392
v -1.35217071 0.38468623 1.96414995
v -1.28122735 0.22824261 1.69510019
v -1.26028085 0.3834976 1.7005583
v -1.31382489 0.54175925 1.96856701
v -1.22391891 0.53991383 1.7100178
v -1.20907831 0.38035884 1.59559119
v -1.25585556 0.70093662 1.97468579
v -1.16949463 0.69821316 1.72409892
v -1.17388153 0.53503382 1.60701513
v -1.17306447 0.86318821 1.98530507
v -1.04766166 0.84982556 1.64864075
v -1.121508 0.69131362 1.62416863
v -1.0515486 1.03285313 2.00693941
v -1.09233975 0.85917467 1.74479699
v -0.9410885 1.01415896 1.68469679
v -0.97996163 1.02690268 1.77723789
v -1.25855207 1.16875672 3.58269882
v -1.0346657 1.24983382 3.50299501
v -1.04806781 1.25176835 3.49565172
v -1.27387452 1.15564847 3.60272884
v -1.02343178 1.23620605 3.50683093
v -1.25855207 -1.16374969 3.58269882
v -1.03466558 -1.24482703 3.50299525
v -1.27387452 -1.15064144 3.60272908
v -1.02343178 -1.23119879 3.50683093
v -1.27291942 -1.13333273 3.61276484
v -0.86451626 -1.3022995 3.35402441
v -1.04806781 -1.24676132 3.49565172
v -0.84694433 -1.30083847 3.35742307
v -0.72387213 -1.33259892 3.10180259
v -0.71537948 -1.31933904 3.14748859
v -0.83372951 -1.28753638 3.35982609
v -0.73004389 -1.33395815 2.99391055
v -0.864555 1.30742407 3.35402012
v -0.8469556 1.30588031 3.35742188
v -0.83372939 1.29254341 3.35982609
v -0.72950119 1.33746862 2.99398232
v -0.72371316 1.33716798 3.10182428
v -0.71537936 1.32434607 3.14748859
v -1.27291942 1.13833976 3.61276484
v -1.43415916 -1.03248072 3.32656765
v -0.76954508 1.06351662 1.86156011
v -0.77371109 1.06241012 1.87840652
v -0.77446747 1.06093192 1.88702929
v -1.43842959 0.89898562 3.56933403
v -1.5895021 0.73254579 3.62397265
v -1.4391427 0.89306635 3.55318809
v -1.58802176 0.72842169 3.61685991
v -1.43833899 0.88952088 3.54581809
v -1.59014726 0.73990887 3.63955665
v -1.68873072 0.58525687 3.69175792
v -1.68658018 0.58116847 3.68472791
v -1.69077587 0.59280187 3.70716619
v -1.75164843 0.45178941 3.74270439
v -1.74872446 0.44843519 3.73551822
v -1.79461551 0.32975516 3.78927326
v -1.75531793 0.45803538 3.75843668
v -1.78967595 0.32558474 3.77321124
v -1.81092811 0.20090911 3.7899375
v -1.78614879 0.32332838 3.7658658
v -1.82293582 0.07121149 3.80952144
v -1.81658101 0.20283547 3.8061924
v -1.81706262 0.07084833 3.7932744
v -1.80706525 0.19982845 3.78249979
v -1.82293582 -0.0662042 3.80952144
v -1.81309247 -0.06561252 3.78583956
v -1.81309247 0.07061981 3.78583956
v -1.81092787 -0.19590183 3.78993702
v -1.81706262 -0.06584104 3.7932744
v -1.80706525 -0.19482118 3.78249979
v -1.79461551 -0.32474786 3.78927326
v -1.81658101 -0.19782817 3.8061924
v -1.78614879 -0.31832114 3.7658658
v -1.75164843 -0.44678217 3.74270439
v -1.78967595 -0.32057744 3.77321124
v -1.7487247 -0.44342795 3.73551846
v -1.69077611 -0.5877946 3.70716643
v -1.75531793 -0.45302814 3.75843692
v -1.68873072 -0.58024949 3.69175816
v -1.59014726 -0.73490155 3.63955665
v -1.58950186 -0.72753835 3.62397289
v -1.68658018 -0.57616109 3.68472815
v -1.43842959 -0.89397848 3.56933403
v -1.4391427 -0.88805902 3.55318809
v -1.58802176 -0.72341436 3.61685991
v -0.76954526 -1.05850959 1.86156011
v -0.7737112 -1.05740285 1.87840652
v -0.90049535 -0.91829681 1.83776855
v -0.90137815 -0.91718465 1.84630513
v -0.77446765 -1.05592489 1.88702917
v -0.8961345 -0.91896248 1.82099366
v -0.99091363 -0.77766061 1.80873907
v -0.99190092 -0.77680355 1.81720245
v -0.9863866 -0.77808595 1.79203105
v -1.05702579 -0.63617045 1.78749871
v -1.05807316 -0.63550353 1.79591274
v -1.10003829 -0.49457505 1.75553572
v -1.05240941 -0.63646847 1.77083158
v -1.10469973 -0.49436092 1.77217913
v -1.13238168 -0.35257766 1.7451483
v -1.13706219 -0.35242987 1.76177907
v -1.10578132 -0.49385673 1.7805593
v -1.15118885 -0.21054898 1.7391082
v -1.15587568 -0.21046139 1.75573325
v -1.13816118 -0.35207519 1.77013803
v -1.15736437 -0.06851412 1.7371248
v -1.16205239 -0.068485 1.75374866
v -1.15698242 -0.21025008 1.76408076
v -1.15736437 0.07352128 1.7371248
v -1.1631608 0.07342183 1.76209319
v -1.1631608 -0.06841467 1.76209319
v -1.15587568 0.21546856 1.75573325
v -1.16205239 0.07349215 1.75374866
v -1.15698242 0.21525724 1.76408076
v -1.15118885 0.21555614 1.7391082
v -1.13706219 0.35743701 1.76177907
v -1.13816118 0.35708231 1.77013803
v -1.13238168 0.35758477 1.7451483
v -1.10469961 0.4993681 1.77217913
v -1.10578132 0.49886391 1.7805593
v -1.10003829 0.4995822 1.75553572
v -1.05702567 0.64117771 1.78749871
v -1.05807304 0.6405108 1.79591274
v -0.98638654 0.78309321 1.79203105
v -1.05240929 0.64147574 1.77083158
v -0.99091351 0.78266788 1.80873907
v -0.89613438 0.92396957 1.82099366
v -0.90049529 0.92330384 1.83776855
v -0.9919008 0.78181082 1.81720245
v -0.90137804 0.92219162 1.84630513
v -1.02646422 1.09316254 3.41096687
v -1.24184561 1.00129449 3.49913621
v -1.03343582 1.08802772 3.39628506
v -1.24246192 0.99830425 3.49182868
v -1.03569722 1.08480668 3.3896594
v -1.02646422 -1.08815551 3.41096687
v -1.24184561 -0.99628735 3.49913645
v -1.23831141 -1.00102615 3.515239
v -1.03343582 -1.08302069 3.39628506
v -1.24246192 -0.9932971 3.49182892
v -0.87371862 -1.12745857 3.27663445
v -1.03569722 -1.07979965 3.3896594
v -0.76850861 -1.15841866 3.12007165
v -0.86269403 -1.13428974 3.2880888
v -0.78303093 -1.15043521 3.11504221
v -0.87787449 -1.12331867 3.27151585
v -0.78884983 -1.1456666 3.11299658
v -0.8737185 1.13246584 3.27663445
v -0.86269397 1.13929701 3.28808856
v -0.87787437 1.12832594 3.27151585
v -0.76850843 1.16342592 3.12007165
v -0.78303075 1.15544248 3.11504221
v -0.78884965 1.15067387 3.11299658
v -1.23831153 1.00603342 3.515239
v -1.43833899 -0.88451368 3.54581809
v -0.69205928 1.13779712 2.12649918
v -0.68566072 1.12151408 1.99863148
v -0.68322271 1.13360453 1.98660231
v -0.68654096 1.12070012 1.93309891
v -0.68857729 1.12356758 1.92579389
v -0.69205952 -1.13278985 2.12649918
v -0.6856612 -1.11650729 1.99863482
v -0.69586468 -1.11872888 2.13749027
v -0.68322289 -1.1285975 1.98660195
v -0.68654108 -1.11569309 1.93309879
v -0.79179811 -1.11834145 3.11153889
v -0.79359758 -1.11646438 3.11091661
v -0.79064739 -1.120574 3.1119554
v -0.79359746 1.12147141 3.11091661
v -0.791798 1.12334871 3.11153889
v -0.6958645 1.1237359 2.13749051
v -0.79064727 1.12558103 3.1119554
v -0.68857759 -1.11856055 1.92579377
v -1.12333357 1.21984601 3.4461453
v -1.12333345 -1.21483898 3.4461453
v -0.7871595 1.13809752 3.11332202
v -0.87434173 -1.11204457 3.26829815
v -0.78715968 -1.13309026 3.11332202
v -0.87434167 1.11705184 3.26829815
v -0.69016004 -1.09979463 1.96327126
v -0.6901598 1.10480165 1.96327126
v -0.76210541 1.04045749 1.93944025
v -0.88447767 -1.08916378 3.24821472
vn 0.48091 -0.87055 0.10428
vn 0.45186 -0.8752 0.17279
vn 0.50373 -0.7773 0.37691
vn 0.90683 -0.391 0.15744
vn 0.8053 -0.4592 0.37499
vn 0.863 -0.31246 0.39698
vn 0.94244 -0.28568 0.17376
vn 0.88952 -0.20559 0.40804
vn 0.96503 -0.18697 0.18371
vn 0.90208 -0.12911 0.41181
vn 0.97759 -0.0924 0.18917
vn 0.90793 -0.06063 0.41471
vn 0.90208 0.12911 0.41181
vn 0.97759 0.0924 0.18917
vn 0.90799 0.06258 0.4143
vn 0.98128 0.02298 0.1912
vn 0.88952 0.20559 0.40804
vn 0.96503 0.18697 0.18371
vn 0.863 0.31246 0.39698
vn 0.94244 0.28568 0.17376
vn 0.8053 0.4592 0.37499
vn 0.90683 0.391 0.15744
vn 0.65948 0.67714 0.32644
vn 0.85249 0.50598 0.13135
vn 0.50622 0.81979 0.26773
vn 0.7676 0.63496 0.08727
vn 0.50373 0.7773 0.37692
vn 0.48091 0.87055 0.10428
vn 0.85249 -0.50598 0.13135
vn 0.65948 -0.67714 0.32644
vn 0.7676 -0.63497 0.08727
vn 0.50622 -0.8198 0.26773
vn 0.48782 -0.22263 0.84408
vn 0.72004 -0.26707 0.64048
vn 0.61394 -0.4724 0.63239
vn 0.56036 -0.06276 0.82587
vn 0.75173 -0.14265 0.64385
vn 0.5739 0.02523 0.81854
vn 0.75534 -0.07811 0.65066
vn 0.55703 0.04679 0.82917
vn 0.75297 -0.04803 0.6563
vn 0.53742 0.03429 0.84262
vn 0.75002 -0.02559 0.66091
vn 0.51815 -0.00042 0.85529
vn 0.52484 0.01188 0.85112
vn 0.74198 -0.008 0.67038
vn 0.52367 0.00082 0.85192
vn 0.75561 0.00871 0.65497
vn 0.90798 -0.01339 0.41881
vn 0.7502 0.02618 0.66069
vn 0.91549 0.00652 0.40228
vn 0.53742 -0.03429 0.84262
vn 0.52484 -0.01188 0.85112
vn 0.75297 0.04803 0.6563
vn 0.55703 -0.04679 0.82917
vn 0.75534 0.07811 0.65066
vn 0.57391 -0.02523 0.81853
vn 0.75173 0.14265 0.64385
vn 0.56036 0.06276 0.82587
vn 0.72004 0.26707 0.64048
vn 0.48781 0.22262 0.84408
vn 0.61394 0.4724 0.63239
vn 0.67097 0.49861 -0.54881
vn 0.7922 0.56668 -0.22646
vn 0.71822 0.64006 -0.2729
vn 0.684 0.72923 0.01919
vn 0.73453 0.444 -0.51316
vn 0.87011 0.4561 -0.18675
vn 0.8011 0.36178 -0.47681
vn 0.92172 0.35462 -0.1571
vn 0.87995 0.21129 -0.42549
vn 0.84791 0.28388 -0.44773
vn 0.95578 0.26094 -0.13565
vn 0.90162 0.13989 -0.40929
vn 0.97772 0.17145 -0.12111
vn 0.91432 0.06973 -0.39894
vn 0.99005 0.08496 -0.11215
vn 0.91913 0.01742 -0.39356
vn 0.99399 0.02115 -0.10744
vn 0.91913 -0.01742 -0.39356
vn 0.98129 -0.02298 0.19118
vn 0.99005 -0.08496 -0.11215
vn 0.99399 -0.02115 -0.10745
vn 0.91432 -0.06973 -0.39894
vn 0.97772 -0.17145 -0.12111
vn 0.90162 -0.13989 -0.40929
vn 0.95578 -0.26094 -0.13565
vn 0.87995 -0.21129 -0.42549
vn 0.92172 -0.35462 -0.1571
vn 0.80111 -0.36178 -0.4768
vn 0.84791 -0.28388 -0.44774
vn 0.73453 -0.444 -0.51316
vn 0.87011 -0.4561 -0.18675
vn 0.7922 -0.56668 -0.22646
vn 0.67097 -0.49861 -0.54881
vn 0.71822 -0.64006 -0.2729
vn 0.56937 -0.19342 0.799
vn 0.53638 -0.59878 0.59477
vn 0.58482 -0.45001 0.67489
vn 0.56937 0.19342 0.799
vn 0.53638 0.59878 0.59477
vn 0.47414 0.30734 0.82507
vn 0.58482 0.45001 0.67489
vn 0.47413 -0.30733 0.82507
vn 0.6172 -0.75476 -0.22224
vn -0.26689 -0.9374 -0.22372
vn 0.25129 -0.69969 -0.6688
vn 0.73021 -0.68257 0.02988
vn 0.14759 -0.98273 -0.11161
vn -0.40457 -0.91182 -0.06998
vn 0.10082 -0.99458 -0.02557
vn -0.2622 0.93768 -0.22806
vn 0.62132 0.75144 -0.22203
vn 0.2523 0.69811 -0.67007
vn -0.39115 0.91768 -0.06978
vn 0.15898 0.9807 -0.11379
vn 0.73383 0.67865 0.03028
vn 0.12375 0.99204 -0.02334
vn 0.62843 0.1391 -0.76533
vn 0.96185 0.23402 -0.14171
vn 0.86101 -0.05783 -0.50529
vn 0.99172 -0.11868 0.04911
vn 0.88055 0.46025 -0.11315
vn 0.96417 0.25543 0.07162
vn 0.95026 -0.2697 -0.15577
vn 0.95026 0.2697 -0.15577
vn 0.96185 -0.23401 -0.14171
vn 0.86101 0.05783 -0.50529
vn 0.88055 -0.46024 -0.11315
vn 0.99172 0.11868 0.04911
vn 0.96417 -0.25543 0.07162
vn 0.62843 -0.1391 -0.76533
vn 0.7484 -0.65614 -0.09687
vn 0.68989 -0.72324 0.03136
vn 0.97044 -0.24123 -0.00666
vn 0.49457 -0.85994 0.12611
vn 0.58178 -0.80194 0.13572
vn 0.60217 -0.79538 0.06907
vn 0.91118 -0.40512 0.07502
vn 0.7484 0.65614 -0.09686
vn 0.68989 0.72324 0.03136
vn 0.58178 0.80194 0.13572
vn 0.60217 0.79537 0.06907
vn 0.97044 0.24123 -0.00666
vn 0.91119 0.40511 0.07502
vn 0.49458 0.85994 0.12611
vn 0.7522 0.40386 0.52066
vn 0.72213 0.5992 0.34567
vn 0.60517 0.65151 0.4575
vn 0.55183 0.7959 0.24905
vn 0.55196 -0.79539 0.25038
vn 0.7173 -0.60178 0.35119
vn 0.60024 -0.65309 0.46172
vn 0.75159 -0.40523 0.52048
vn 0.63689 -0.50057 -0.58635
vn 0.38842 -0.10229 -0.91579
vn 0.68244 -0.73054 -0.02417
vn 0.16596 0.1794 0.96968
vn 0.52944 -0.10258 0.84213
vn 0.4592 -0.29074 0.83941
vn 0.76311 -0.47499 0.43823
vn 0.61205 -0.68523 0.39478
vn 0.12373 0.28883 0.94935
vn 0.52822 0.01325 0.849
vn 0.8275 -0.3239 0.45863
vn 0.06379 0.33004 0.94181
vn 0.49263 0.0488 0.86887
vn 0.85338 -0.21879 0.47315
vn -0.01465 0.28204 0.95929
vn 0.4611 0.03789 0.88654
vn 0.86611 -0.13165 0.48221
vn -0.07709 0.18895 0.97896
vn 0.44141 0.01318 0.89721
vn 0.86784 -0.06724 0.49228
vn -0.11961 0.0146 0.99271
vn -0.11271 0.08448 0.99003
vn 0.44572 -0.00173 0.89517
vn -0.11961 -0.0146 0.99271
vn 0.44572 0.00173 0.89517
vn 0.87145 -0.0169 0.4902
vn 0.44141 -0.01318 0.89721
vn 0.86784 0.06724 0.49228
vn 0.87145 0.0169 0.4902
vn -0.07709 -0.18895 0.97896
vn -0.11271 -0.08448 0.99003
vn 0.4611 -0.03789 0.88654
vn -0.01465 -0.28204 0.95929
vn 0.49263 -0.04881 0.86887
vn 0.86611 0.13165 0.48221
vn 0.06379 -0.33004 0.94181
vn 0.52823 -0.01324 0.849
vn 0.85338 0.21879 0.47315
vn 0.12373 -0.28883 0.94935
vn 0.52944 0.10258 0.84213
vn 0.8275 0.3239 0.45862
vn 0.16595 -0.17941 0.96968
vn 0.4592 0.29074 0.83941
vn 0.76311 0.47499 0.43823
vn 0.63689 0.50057 -0.58635
vn 0.68244 0.73054 -0.02417
vn 0.4239 0.09847 -0.90034
vn 0.38842 0.10228 -0.91579
vn 0.73235 0.41927 -0.53654
vn 0.44677 0.08577 -0.89053
vn 0.79117 0.34041 -0.5081
vn 0.79676 0.60387 0.02258
vn 0.4609 0.06937 -0.88474
vn 0.8298 0.2662 -0.49048
vn 0.87248 0.48498 0.05979
vn 0.46967 0.05192 -0.88132
vn 0.85525 0.19601 -0.47971
vn 0.92266 0.37665 0.08261
vn 0.47484 0.03441 -0.8794
vn 0.87136 0.12892 -0.47341
vn 0.95621 0.27632 0.09646
vn 0.47755 0.01713 -0.87844
vn 0.88028 0.06395 -0.47012
vn 0.97783 0.1814 0.1046
vn 0.48075 0.00433 -0.87685
vn 0.88485 0.01597 -0.4656
vn 0.98998 0.08989 0.10886
vn 0.48075 -0.00433 -0.87685
vn 0.88485 -0.01597 -0.4656
vn 0.9936 0.02235 0.11069
vn 0.88028 -0.06395 -0.47012
vn 0.98998 -0.08989 0.10886
vn 0.9936 -0.02235 0.11069
vn 0.47755 -0.01713 -0.87844
vn 0.87136 -0.12892 -0.47341
vn 0.97783 -0.1814 0.1046
vn 0.47484 -0.03441 -0.8794
vn 0.85525 -0.19601 -0.47972
vn 0.95621 -0.27632 0.09646
vn 0.46967 -0.05192 -0.88132
vn 0.8298 -0.2662 -0.49047
vn 0.92266 -0.37665 0.08262
vn 0.4609 -0.06937 -0.88474
vn 0.79118 -0.34042 -0.50809
vn 0.87248 -0.48498 0.05979
vn 0.44679 -0.08579 -0.89052
vn 0.73235 -0.41927 -0.53654
vn 0.79676 -0.60387 0.02258
vn 0.4239 -0.09847 -0.90034
vn 0.50359 0.07488 0.86069
vn 0.46306 -0.42623 0.77711
vn 0.57569 -0.44631 0.68512
vn 0.4691 -0.82086 0.32579
vn 0.46319 -0.84066 0.28061
vn 0.50359 -0.07488 0.86069
vn 0.46306 0.42622 0.77712
vn 0.29131 -0.0868 0.95268
vn 0.57569 0.44631 0.68512
vn 0.4691 0.82086 0.32578
vn 0.72308 -0.17531 0.66815
vn 0.52467 0.81295 0.25264
vn 0.46319 0.84066 0.28061
vn 0.92207 -0.23986 0.30373
vn 0.74865 0.36597 0.5528
vn 0.91253 0.31275 0.26359
vn 0.5997 0.789 0.13355
vn 0.72308 0.1753 0.66815
vn 0.74865 -0.36598 0.5528
vn 0.52467 -0.81295 0.25264
vn 0.91253 -0.31275 0.26359
vn 0.59969 -0.78901 0.13355
vn 0.92207 0.23986 0.30373
vn 0.29131 0.08679 0.95268
vn 0.61205 0.68523 0.39478
vn -0.57516 0.80784 -0.12881
vn -0.58012 0.77976 -0.23545
vn -0.2038 0.54216 -0.81519
vn -0.78279 0.57891 -0.22825
vn -0.60126 0.79575 -0.07257
vn -0.60891 0.77436 -0.17203
vn -0.77601 0.61394 -0.14455
vn -0.39143 0.72882 0.56179
vn -0.86443 0.4305 -0.25968
vn -0.8665 0.46565 -0.17987
vn -0.54949 0.65723 0.51586
vn -0.91162 0.30322 -0.27749
vn -0.92213 0.33044 -0.20119
vn -0.65146 0.56964 0.50111
vn -0.93825 0.19267 -0.28734
vn -0.95411 0.20919 -0.21426
vn -0.74136 0.43703 0.50931
vn -0.95177 0.09392 -0.29208
vn -0.97014 0.10112 -0.22046
vn -0.80806 0.28549 0.5153
vn -0.95561 0.02335 -0.29372
vn -0.97433 0.02457 -0.22379
vn -0.84263 0.13375 0.52162
vn -0.95561 -0.02335 -0.29372
vn -0.85484 -0.02913 0.51807
vn -0.85484 0.02913 0.51808
vn -0.97014 -0.10112 -0.22046
vn -0.97433 -0.02457 -0.22379
vn -0.84263 -0.13375 0.52162
vn -0.95177 -0.09392 -0.29208
vn -0.95411 -0.20919 -0.21426
vn -0.80806 -0.28549 0.5153
vn -0.93825 -0.19267 -0.28734
vn -0.92213 -0.33044 -0.20119
vn -0.74136 -0.43703 0.50931
vn -0.91162 -0.30322 -0.27749
vn -0.8665 -0.46565 -0.17987
vn -0.65146 -0.56964 0.50111
vn -0.86443 -0.4305 -0.25968
vn -0.77601 -0.61394 -0.14455
vn -0.54949 -0.65723 0.51586
vn -0.78279 -0.57891 -0.22825
vn -0.60126 -0.79575 -0.07257
vn -0.39143 -0.72881 0.56179
vn -0.57359 -0.80896 -0.1288
vn -0.57977 -0.78013 -0.23509
vn -0.70258 -0.64622 -0.29796
vn -0.2038 -0.54216 -0.81519
vn -0.70458 -0.67811 -0.20912
vn -0.79148 -0.50717 -0.34109
vn -0.2751 -0.43517 -0.85729
vn -0.81187 -0.52069 -0.26409
vn -0.8477 -0.38768 -0.36209
vn -0.32462 -0.34099 -0.88224
vn -0.8718 -0.3952 -0.28945
vn -0.88367 -0.28215 -0.37352
vn -0.3793 -0.18863 -0.90584
vn -0.35725 -0.25961 -0.8972
vn -0.90879 -0.28598 -0.30383
vn -0.90637 -0.18441 -0.38012
vn -0.39379 -0.12324 -0.9109
vn -0.93167 -0.18609 -0.31201
vn -0.91897 -0.09146 -0.38358
vn -0.40205 -0.06106 -0.91358
vn -0.94421 -0.09212 -0.31619
vn -0.92273 -0.02304 -0.38475
vn -0.94798 0.02315 -0.31748
vn -0.94798 -0.02315 -0.31748
vn -0.92273 0.02304 -0.38475
vn -0.39839 -0.01527 -0.91709
vn -0.94421 0.09212 -0.31619
vn -0.40205 0.06106 -0.91358
vn -0.39838 0.01527 -0.91709
vn -0.93167 0.18609 -0.31201
vn -0.91897 0.09146 -0.38358
vn -0.90637 0.18441 -0.38012
vn -0.90879 0.28598 -0.30383
vn -0.88367 0.28215 -0.37352
vn -0.39379 0.12324 -0.9109
vn -0.8718 0.3952 -0.28945
vn -0.8477 0.38768 -0.36209
vn -0.3793 0.18863 -0.90584
vn -0.81187 0.52069 -0.26409
vn -0.32461 0.34098 -0.88225
vn -0.35726 0.25961 -0.8972
vn -0.70458 0.67811 -0.20912
vn -0.79147 0.50717 -0.34109
vn -0.27509 0.43518 -0.85729
vn -0.70258 0.64622 -0.29796
vn -0.35136 0.91887 0.17953
vn 0.127 0.74355 0.65651
vn -0.22914 0.95069 0.20899
vn -0.25465 0.72996 0.63428
vn 0.3804 0.38038 0.84298
vn -0.35136 -0.91887 0.17952
vn 0.12706 -0.74367 0.65636
vn -0.25465 -0.72995 0.63429
vn 0.38041 -0.38038 0.84297
vn -0.02196 -0.4291 0.90299
vn -0.13392 -0.97991 0.1478
vn -0.22902 -0.95078 0.20875
vn 0.30512 -0.83231 0.46278
vn 0.30692 -0.94899 0.07225
vn 0.64782 -0.70905 0.27854
vn 0.60207 -0.49334 0.6278
vn -0.12664 -0.99143 -0.03206
vn -0.13313 0.98012 0.1471
vn 0.30694 0.83136 0.46329
vn 0.60225 0.493 0.62789
vn -0.1573 0.98693 -0.03509
vn 0.29584 0.95291 0.06667
vn 0.64432 0.71284 0.27697
vn -0.02196 0.4291 0.90299
vn -0.60891 -0.77436 -0.17203
vn 0.66283 -0.73448 0.1456
vn 0.69334 -0.71984 0.03321
vn 0.71151 -0.6021 -0.36225
vn 0.64141 -0.73508 0.21964
vn 0.80218 -0.48339 0.35048
vn 0.65104 -0.69176 0.31244
vn 0.68761 -0.23409 0.68731
vn 0.58876 -0.43642 0.68037
vn 0.79944 -0.54174 0.25964
vn 0.86644 -0.33975 0.36586
vn 0.72137 -0.12074 0.68195
vn 0.87506 -0.39397 0.28118
vn 0.89662 -0.22931 0.37879
vn 0.72198 -0.06245 0.68909
vn 0.93664 -0.164 0.30954
vn 0.91377 -0.2749 0.29907
vn 0.90962 -0.1397 0.39126
vn 0.91451 -0.06803 0.3988
vn 0.70908 -0.03261 0.70437
vn 0.94628 -0.01849 0.32283
vn 0.94483 -0.08242 0.31701
vn 0.91378 -0.01622 0.40588
vn 0.70129 -0.01801 0.71265
vn 0.94628 0.01849 0.32283
vn 0.68916 0.00656 0.72458
vn 0.68916 -0.00656 0.72458
vn 0.91451 0.06803 0.3988
vn 0.91378 0.01622 0.40588
vn 0.70129 0.01801 0.71265
vn 0.93664 0.164 0.30954
vn 0.94483 0.08242 0.31701
vn 0.70908 0.03261 0.70437
vn 0.89662 0.22932 0.37879
vn 0.90962 0.1397 0.39126
vn 0.72198 0.06245 0.68908
vn 0.87505 0.39397 0.28119
vn 0.91377 0.2749 0.29907
vn 0.86644 0.33975 0.36586
vn 0.79944 0.54174 0.25965
vn 0.80219 0.4834 0.35047
vn 0.72137 0.12074 0.68195
vn 0.64141 0.73508 0.21964
vn 0.65104 0.69176 0.31244
vn 0.68762 0.2341 0.6873
vn 0.66283 0.73448 0.1456
vn 0.69334 0.71984 0.03321
vn 0.77983 0.61968 0.08869
vn 0.78886 0.52996 -0.31119
vn 0.71151 0.6021 -0.36224
vn 0.75568 0.62482 0.19634
vn 0.85766 0.49642 0.13411
vn 0.8623 0.42879 -0.2694
vn 0.83355 0.49958 0.23583
vn 0.90875 0.3842 0.16298
vn 0.91166 0.33427 -0.23905
vn 0.91923 0.28294 0.27378
vn 0.8851 0.38643 0.25937
vn 0.94219 0.28158 0.18162
vn 0.94117 0.18545 0.28249
vn 0.96361 0.18462 0.19334
vn 0.94443 0.24688 -0.21702
vn 0.95348 0.09182 0.28714
vn 0.97554 0.09145 0.19991
vn 0.96587 0.16271 -0.20155
vn 0.95719 0.02282 0.28855
vn 0.97912 0.02274 0.202
vn 0.97804 0.08094 -0.19204
vn 0.95719 -0.02282 0.28855
vn 0.98149 -0.02014 -0.19047
vn 0.98149 0.02014 -0.19048
vn 0.97554 -0.09145 0.19991
vn 0.97912 -0.02274 0.202
vn 0.97804 -0.08094 -0.19204
vn 0.95348 -0.09182 0.28714
vn 0.96361 -0.18462 0.19334
vn 0.96587 -0.16271 -0.20156
vn 0.94117 -0.18545 0.28249
vn 0.94219 -0.28158 0.18162
vn 0.94443 -0.24688 -0.21702
vn 0.91923 -0.28294 0.27378
vn 0.90875 -0.3842 0.16298
vn 0.91166 -0.33427 -0.23905
vn 0.83355 -0.49958 0.23583
vn 0.8851 -0.38643 0.25937
vn 0.85766 -0.49642 0.13411
vn 0.75568 -0.62482 0.19634
vn 0.77983 -0.61968 0.08868
vn 0.8623 -0.42879 -0.2694
vn 0.78886 -0.52995 -0.31119
vn 0.3897 -0.91385 0.11411
vn 0.48865 -0.84455 0.219
vn 0.42689 -0.8842 0.18964
vn 0.51575 -0.58115 0.6295
vn 0.55953 -0.57067 0.60105
vn 0.3897 0.91385 0.11411
vn 0.48865 0.84455 0.219
vn 0.45279 0.87968 0.14539
vn 0.42688 0.8842 0.18964
vn 0.51575 0.58115 0.62949
vn 0.45358 0.87038 0.19159
vn 0.55953 0.57067 0.60105
vn 0.43739 0.89603 0.07625
vn 0.39608 0.90953 0.12602
vn 0.52067 0.847 0.10718
vn 0.70114 0.49239 0.5157
vn 0.87413 0.42051 0.24306
vn 0.45358 -0.87038 0.19159
vn 0.39608 -0.90953 0.12602
vn 0.70114 -0.49239 0.5157
vn 0.43739 -0.89603 0.07625
vn 0.52067 -0.847 0.10718
vn 0.87413 -0.42051 0.24306
vn 0.45279 -0.87968 0.14539
vn 0.58875 0.43641 0.68038
vn 0.99578 -0.03845 0.08336
vn 0.70047 -0.71273 0.03687
vn 0.99968 -0.02407 0.0076
vn 0.94807 -0.20879 -0.23994
vn 0.88281 -0.28009 -0.37709
vn 0.99578 0.03845 0.08336
vn 0.70047 0.71272 0.03688
vn 0.82778 0.55572 0.07721
vn 0.99968 0.02408 0.0076
vn 0.94807 0.20877 -0.23995
vn 0.78037 0.58922 0.20937
vn 0.62845 0.76299 0.15133
vn 0.88994 0.37663 0.25721
vn 0.62847 -0.76297 0.15134
vn 0.78037 -0.58922 0.20937
vn 0.82779 -0.5557 0.07721
vn 0.88993 -0.37665 0.25721
vn 0.88281 0.28009 -0.3771
vn -0.40875 0.90883 -0.08331
vn -0.40895 -0.90878 -0.08299
vn 0.95282 -0.06748 0.29594
vn 0.76723 0.14237 0.62538
vn 0.95282 0.06748 0.29594
vn 0.76723 -0.14237 0.62537
vn 0.88643 0.46278 -0.00879
vn 0.88643 -0.46278 -0.00879
vn 0.684 -0.72923 0.01919
vn 0.45185 0.8752 0.17279
vt 0.68414 0.78712
vt 0.68262 0.78899
vt 0.67931 0.78777
vt 0.37174 0.46543
vt 0.35968 0.47123
vt 0.34899 0.45351
vt 0.27647 0.6358
vt 0.22337 0.61635
vt 0.27893 0.6343
vt 0.90658 0.69038
vt 0.90229 0.67523
vt 0.90664 0.67973
vt 0.27647 0.63581
vt 0.24648 0.62375
vt 0.22032 0.61723
vt 0.87897 0.66851
vt 0.90326 0.68495
vt 0.87989 0.67957
vt 0.90243 0.63488
vt 0.89412 0.62195
vt 0.90015 0.62328
vt 0.88459 0.61698
vt 0.89811 0.63042
vt 0.87476 0.62367
vt 0.23117 0.61536
vt 0.22868 0.61378
vt 0.25848 0.62331
vt 0.24108 0.61766
vt 0.22596 0.61443
vt 0.34472 0.40866
vt 0.35604 0.40527
vt 0.36744 0.42055
vt 0.67173 0.78249
vt 0.67461 0.78092
vt 0.67641 0.78187
vt 0.24006 0.62208
vt 0.25416 0.6277
vt 0.2411 0.62385
vt 0.24006 0.62208
vt 0.24226 0.62375
vt 0.27457 0.63417
vt 0.92191 0.63216
vt 0.923 0.64327
vt 0.22613 0.61456
vt 0.2084 0.62228
vt 0.20418 0.62123
vt 0.68394 0.54681
vt 0.66843 0.52997
vt 0.68283 0.53568
vt 0.67404 0.74855
vt 0.67457 0.75829
vt 0.67107 0.74794
vt 0.66955 0.54111
vt 0.65645 0.52524
vt 0.67766 0.75882
vt 0.67651 0.76777
vt 0.65757 0.53637
vt 0.64612 0.52116
vt 0.67965 0.7683
vt 0.6759 0.77608
vt 0.64725 0.53229
vt 0.63681 0.51749
vt 0.67907 0.77673
vt 0.67213 0.78313
vt 0.63795 0.52863
vt 0.62799 0.51401
vt 0.67523 0.78392
vt 0.66599 0.7893
vt 0.62026 0.52166
vt 0.62912 0.52515
vt 0.66029 0.79565
vt 0.66895 0.79021
vt 0.6118 0.51833
vt 0.61913 0.51052
vt 0.65096 0.80085
vt 0.65744 0.79465
vt 0.60185 0.50372
vt 0.61067 0.50719
vt 0.63833 0.80471
vt 0.64817 0.79982
vt 0.59425 0.51142
vt 0.60299 0.51486
vt 0.6286 0.80991
vt 0.64097 0.80581
vt 0.58509 0.50781
vt 0.59312 0.50028
vt 0.61376 0.81313
vt 0.62622 0.80872
vt 0.57497 0.50382
vt 0.58396 0.49667
vt 0.59551 0.8152
vt 0.61167 0.81189
vt 0.56331 0.49921
vt 0.57384 0.49268
vt 0.57441 0.81637
vt 0.59367 0.81394
vt 0.54936 0.49369
vt 0.56217 0.48807
vt 0.54934 0.81632
vt 0.57246 0.81509
vt 0.64403 0.78264
vt 0.67144 0.78109
vt 0.2084 0.62228
vt 0.61945 0.78272
vt 0.64569 0.78397
vt 0.08546 0.65465
vt 0.07666 0.66037
vt 0.07305 0.65924
vt 0.5956 0.78
vt 0.61846 0.78137
vt 0.0989 0.65024
vt 0.08922 0.65582
vt 0.57244 0.77593
vt 0.59535 0.7787
vt 0.11309 0.64599
vt 0.10275 0.65145
vt 0.54529 0.76928
vt 0.57269 0.7747
vt 0.12785 0.64185
vt 0.11702 0.64722
vt 0.51607 0.76093
vt 0.5461 0.76819
vt 0.14299 0.63778
vt 0.13184 0.64309
vt 0.4869 0.75174
vt 0.51744 0.76
vt 0.15829 0.63375
vt 0.14699 0.63903
vt 0.45987 0.74235
vt 0.48875 0.75097
vt 0.17378 0.62964
vt 0.16233 0.63497
vt 0.42973 0.73041
vt 0.46195 0.74165
vt 0.19015 0.62519
vt 0.17798 0.63079
vt 0.39508 0.7145
vt 0.43291 0.73012
vt 0.21108 0.6215
vt 0.19439 0.62629
vt 0.39108 0.7145
vt 0.35739 0.69826
vt 0.20691 0.62044
vt 0.2276 0.61653
vt 0.35266 0.69801
vt 0.32033 0.6817
vt 0.22346 0.61545
vt 0.24352 0.61147
vt 0.31402 0.68094
vt 0.28189 0.66428
vt 0.23925 0.61026
vt 0.25804 0.60621
vt 0.27505 0.66341
vt 0.24908 0.64841
vt 0.25381 0.60491
vt 0.27077 0.60074
vt 0.24351 0.64808
vt 0.22878 0.63603
vt 0.2668 0.59943
vt 0.28187 0.59513
vt 0.22373 0.63578
vt 0.21877 0.62494
vt 0.27813 0.59383
vt 0.29219 0.58952
vt 0.71979 0.56108
vt 0.69894 0.54209
vt 0.71867 0.54995
vt 0.61002 0.75154
vt 0.61597 0.76581
vt 0.60703 0.75141
vt 0.51489 0.48
vt 0.5327 0.4764
vt 0.53379 0.48752
vt 0.61002 0.75154
vt 0.61597 0.76581
vt 0.6191 0.76624
vt 0.49754 0.47308
vt 0.51379 0.46887
vt 0.59298 0.73826
vt 0.60703 0.75141
vt 0.48055 0.46628
vt 0.49645 0.46195
vt 0.56075 0.72239
vt 0.5956 0.73802
vt 0.47932 0.4551
vt 0.25864 0.62341
vt 0.55805 0.72269
vt 0.73794 0.56835
vt 0.73684 0.55722
vt 0.59298 0.73826
vt 0.5956 0.73802
vt 0.75483 0.56443
vt 0.55805 0.72269
vt 0.75577 0.5755
vt 0.56075 0.72239
vt 0.70009 0.55323
vt 0.6191 0.76624
vt 0.61758 0.77776
vt 0.54822 0.48256
vt 0.61758 0.77776
vt 0.62061 0.77833
vt 0.26313 0.64595
vt 0.1973 0.62385
vt 0.92731 0.69883
vt 0.92719 0.68811
vt 0.61501 0.72965
vt 0.68106 0.74498
vt 0.61574 0.71929
vt 0.67654 0.59775
vt 0.68842 0.59176
vt 0.69044 0.60325
vt 0.61324 0.73916
vt 0.68262 0.75503
vt 0.66468 0.59305
vt 0.67406 0.58607
vt 0.60922 0.74767
vt 0.68335 0.76501
vt 0.6542 0.58891
vt 0.6621 0.58134
vt 0.60238 0.75506
vt 0.68195 0.77413
vt 0.64453 0.5851
vt 0.65179 0.57727
vt 0.59342 0.76163
vt 0.67742 0.78221
vt 0.63535 0.58149
vt 0.6425 0.57361
vt 0.58268 0.76731
vt 0.67024 0.78933
vt 0.62609 0.57784
vt 0.63369 0.57014
vt 0.57171 0.77262
vt 0.66063 0.79545
vt 0.61638 0.56332
vt 0.62484 0.56665
vt 0.63932 0.80656
vt 0.65059 0.80104
vt 0.61739 0.57441
vt 0.60757 0.55986
vt 0.56011 0.77778
vt 0.62536 0.81123
vt 0.60817 0.57079
vt 0.59884 0.55642
vt 0.54627 0.78234
vt 0.60872 0.81495
vt 0.59909 0.56721
vt 0.58968 0.55281
vt 0.53036 0.78622
vt 0.58913 0.81753
vt 0.58956 0.56345
vt 0.57956 0.54882
vt 0.51159 0.78923
vt 0.56698 0.81927
vt 0.57927 0.55939
vt 0.56789 0.54421
vt 0.49042 0.79164
vt 0.54239 0.81993
vt 0.56769 0.55482
vt 0.55393 0.53869
vt 0.22031 0.61723
vt 0.65478 0.79063
vt 0.17809 0.62882
vt 0.1973 0.62385
vt 0.62479 0.78953
vt 0.65254 0.78933
vt 0.15372 0.685
vt 0.09144 0.65278
vt 0.07659 0.65822
vt 0.59696 0.78656
vt 0.62355 0.78818
vt 0.17067 0.68031
vt 0.10713 0.64779
vt 0.57121 0.78211
vt 0.59659 0.78524
vt 0.1874 0.67585
vt 0.12342 0.64309
vt 0.54201 0.77368
vt 0.57143 0.78088
vt 0.20417 0.67149
vt 0.14007 0.63856
vt 0.54121 0.77478
vt 0.51052 0.76468
vt 0.22067 0.66709
vt 0.15685 0.63413
vt 0.50914 0.76561
vt 0.47943 0.75489
vt 0.23687 0.66263
vt 0.17341 0.62974
vt 0.44936 0.74585
vt 0.47758 0.75567
vt 0.26835 0.65331
vt 0.25245 0.65809
vt 0.41366 0.73184
vt 0.45145 0.74516
vt 0.28487 0.64809
vt 0.19054 0.62509
vt 0.3749 0.71451
vt 0.41685 0.73156
vt 0.30115 0.64236
vt 0.20848 0.61998
vt 0.32882 0.69677
vt 0.3709 0.71452
vt 0.3163 0.63626
vt 0.22657 0.61447
vt 0.28223 0.67711
vt 0.33355 0.69702
vt 0.32971 0.62973
vt 0.24378 0.60868
vt 0.24052 0.65903
vt 0.28854 0.67787
vt 0.34123 0.62283
vt 0.25954 0.60264
vt 0.22104 0.64677
vt 0.24739 0.65991
vt 0.3519 0.61552
vt 0.27352 0.59635
vt 0.2154 0.64639
vt 0.20327 0.63471
vt 0.17809 0.62882
vt 0.25006 0.65429
vt 0.19813 0.63435
vt 0.19304 0.62218
vt 0.61182 0.76719
vt 0.60743 0.75417
vt 0.60569 0.75451
vt 0.70584 0.60937
vt 0.7242 0.60601
vt 0.72517 0.61708
vt 0.61182 0.76719
vt 0.60743 0.75417
vt 0.61471 0.76923
vt 0.53929 0.54357
vt 0.51943 0.52498
vt 0.53835 0.53251
vt 0.58995 0.74088
vt 0.60569 0.75451
vt 0.50329 0.52922
vt 0.52067 0.53616
vt 0.54908 0.72211
vt 0.59272 0.74069
vt 0.48505 0.51124
vt 0.50206 0.51805
vt 0.51709 0.71276
vt 0.48277 0.52099
vt 0.58995 0.74088
vt 0.59272 0.74069
vt 0.74327 0.62432
vt 0.74231 0.61325
vt 0.51707 0.71276
vt 0.27893 0.6343
vt 0.76473 0.63294
vt 0.54907 0.72211
vt 0.76009 0.62038
vt 0.61427 0.7803
vt 0.61471 0.76923
vt 0.70454 0.59817
vt 0.61427 0.7803
vt 0.54193 0.75686
vt 0.55418 0.54948
vt 0.22563 0.62647
vt 0.22991 0.62751
vt 0.65908 0.74547
vt 0.65904 0.75562
vt 0.65611 0.74486
vt 0.66212 0.75616
vt 0.66064 0.76509
vt 0.66379 0.76562
vt 0.65994 0.77285
vt 0.65961 0.77997
vt 0.66311 0.7735
vt 0.65103 0.78468
vt 0.65651 0.77918
vt 0.64596 0.79063
vt 0.654 0.78559
vt 0.63694 0.79566
vt 0.64312 0.78963
vt 0.62504 0.79916
vt 0.63415 0.79463
vt 0.61663 0.80393
vt 0.62768 0.80026
vt 0.60119 0.8056
vt 0.61425 0.80274
vt 0.58625 0.80884
vt 0.60327 0.80685
vt 0.56461 0.80992
vt 0.58442 0.80758
vt 0.53583 0.80919
vt 0.56266 0.80864
vt 0.22563 0.62647
vt 0.24138 0.62402
vt 0.09127 0.66492
vt 0.10807 0.66175
vt 0.09488 0.66605
vt 0.10433 0.66057
vt 0.12214 0.65754
vt 0.11829 0.65634
vt 0.13684 0.65341
vt 0.14793 0.6481
vt 0.13291 0.65219
vt 0.16314 0.64405
vt 0.15191 0.64934
vt 0.17868 0.6399
vt 0.16714 0.64529
vt 0.19493 0.63546
vt 0.18273 0.64112
vt 0.21154 0.63073
vt 0.19913 0.63662
vt 0.23211 0.62682
vt 0.21578 0.63183
vt 0.22794 0.62576
vt 0.24848 0.62197
vt 0.24434 0.62089
vt 0.26505 0.61755
vt 0.26078 0.61634
vt 0.27936 0.61274
vt 0.28684 0.60601
vt 0.27513 0.61145
vt 0.29705 0.60034
vt 0.29082 0.60731
vt 0.30612 0.59461
vt 0.30081 0.60163
vt 0.59495 0.75097
vt 0.60021 0.76383
vt 0.59196 0.75086
vt 0.59495 0.75097
vt 0.60021 0.76383
vt 0.60334 0.76422
vt 0.5796 0.73952
vt 0.59196 0.75086
vt 0.54588 0.72353
vt 0.58226 0.73927
vt 0.54287 0.72373
vt 0.5796 0.73952
vt 0.58226 0.73927
vt 0.54588 0.72353
vt 0.27547 0.63479
vt 0.54287 0.72373
vt 0.60534 0.77542
vt 0.60334 0.76422
vt 0.60534 0.77542
vt 0.60231 0.77484
vt 0.54666 0.81491
vt 0.59712 0.75666
vt 0.46526 0.79316
vt 0.59712 0.75666
vt 0.21366 0.62439
vt 0.6853 0.78791
vt 0.37292 0.47659
vt 0.34424 0.4036
vt 0.20418 0.62123
vt 0.28875 0.58826
vt 0.28658 0.58983
vt 0.18794 0.62164
vt 0.54193 0.75686
vt 0.53315 0.80777
vt 0.22991 0.62751
vt 0.30957 0.59587
vt 0.541 0.76097
vt 0.52513 0.78342
vt 0.49459 0.80196
vt 0.5004 0.563
vt 0.37458 0.82142
vt 0.34112 0.82293
vt 0.4786 0.54521
vt 0.31437 0.82178
vt 0.46025 0.52936
vt 0.29151 0.81689
vt 0.44597 0.51534
vt 0.27002 0.80894
vt 0.26685 0.79757
vt 0.46484 0.54205
vt 0.25541 0.78714
vt 0.19933 0.76845
vt 0.41228 0.49997
vt 0.42183 0.51205
vt 0.28475 0.80708
vt 0.4765 0.55845
vt 0.31091 0.81515
vt 0.49172 0.57497
vt 0.34853 0.82183
vt 0.51027 0.59156
vt 0.39737 0.82544
vt 0.53298 0.60822
vt 0.44038 0.82295
vt 0.55886 0.62473
vt 0.47729 0.81334
vt 0.52934 0.78235
vt 0.52523 0.5829
vt 0.41546 0.81938
vt 0.55293 0.60385
vt 0.4577 0.81481
vt 0.41192 0.82674
vt 0.37275 0.82533
vt 0.41363 0.82325
vt 0.37095 0.82878
vt 0.33947 0.82686
vt 0.33771 0.83029
vt 0.31285 0.82571
vt 0.31096 0.8291
vt 0.29015 0.8208
vt 0.28812 0.82411
vt 0.26884 0.81283
vt 0.24467 0.804
vt 0.26669 0.81601
vt 0.24568 0.80035
vt 0.22019 0.78986
vt 0.22363 0.78768
vt 0.2437 0.795
vt 0.24344 0.77987
vt 0.25218 0.78992
vt 0.24716 0.77714
vt 0.25093 0.77303
vt 0.26132 0.80298
vt 0.24892 0.79225
vt 0.26412 0.80047
vt 0.27969 0.81263
vt 0.28221 0.81002
vt 0.3058 0.82074
vt 0.30826 0.81808
vt 0.34305 0.82755
vt 0.34566 0.82482
vt 0.39192 0.83154
vt 0.39455 0.8286
vt 0.58725 0.63779
vt 0.55925 0.62281
vt 0.58752 0.63886
vt 0.58682 0.64065
vt 0.55871 0.62158
vt 0.53322 0.60625
vt 0.53255 0.6049
vt 0.5105 0.58953
vt 0.49137 0.57135
vt 0.50981 0.58808
vt 0.49202 0.5729
vt 0.4763 0.5547
vt 0.4769 0.55634
vt 0.46505 0.53822
vt 0.46547 0.53993
vt 0.45847 0.52207
vt 0.45857 0.52382
vt 0.44558 0.51713
vt 0.43623 0.50538
vt 0.43563 0.50371
vt 0.44549 0.52058
vt 0.4356 0.50733
vt 0.4355 0.49907
vt 0.44654 0.51344
vt 0.43603 0.50062
vt 0.43541 0.50252
vt 0.44604 0.51195
vt 0.46061 0.52731
vt 0.45991 0.52572
vt 0.47885 0.54304
vt 0.47807 0.54137
vt 0.50063 0.5607
vt 0.52478 0.57871
vt 0.49986 0.55898
vt 0.55261 0.59986
vt 0.52548 0.58048
vt 0.55323 0.60149
vt 0.58366 0.61942
vt 0.58412 0.62079
vt 0.49738 0.8076
vt 0.45609 0.81866
vt 0.49685 0.80466
vt 0.47828 0.81858
vt 0.43796 0.82618
vt 0.43572 0.82925
vt 0.47862 0.81588
vt 0.45467 0.82218
vt 0.56729 0.59857
vt 0.57018 0.60021
vt 0.56994 0.60023
vt 0.56784 0.61839
vt 0.56638 0.62744
vt 0.60125 0.64579
vt 0.60232 0.65083
vt 0.60299 0.64675
vt 0.59637 0.66284
vt 0.60372 0.64738
vt 0.59234 0.67045
vt 0.51069 0.80262
vt 0.51067 0.80224
vt 0.51023 0.80242
vt 0.51067 0.80189
vt 0.51023 0.80242
vt 0.52682 0.78545
vt 0.52712 0.78583
vt 0.52671 0.78613
vt 0.52737 0.78618
vt 0.52671 0.78613
vt 0.55115 0.59037
vt 0.55127 0.59046
vt 0.41068 0.8292
vt 0.36978 0.83085
vt 0.41087 0.82879
vt 0.36955 0.83127
vt 0.33649 0.83234
vt 0.33624 0.83274
vt 0.30954 0.8311
vt 0.28615 0.82639
vt 0.30926 0.8315
vt 0.26446 0.81813
vt 0.28648 0.82601
vt 0.24226 0.80595
vt 0.26483 0.81778
vt 0.21808 0.79138
vt 0.24266 0.80563
vt 0.24045 0.78127
vt 0.24677 0.79357
vt 0.24094 0.78104
vt 0.24635 0.79384
vt 0.25944 0.80446
vt 0.25906 0.80475
vt 0.27803 0.81422
vt 0.30395 0.82271
vt 0.2777 0.81454
vt 0.34114 0.82959
vt 0.30426 0.82238
vt 0.39002 0.83368
vt 0.34145 0.82925
vt 0.58632 0.63726
vt 0.55781 0.62101
vt 0.58647 0.63734
vt 0.55765 0.62091
vt 0.53159 0.60424
vt 0.5314 0.60411
vt 0.50887 0.58734
vt 0.49028 0.57038
vt 0.50868 0.58719
vt 0.47527 0.55364
vt 0.49046 0.57054
vt 0.46414 0.53709
vt 0.47544 0.55382
vt 0.45778 0.52087
vt 0.46429 0.53728
vt 0.43449 0.50256
vt 0.4447 0.51627
vt 0.43468 0.50275
vt 0.43444 0.49804
vt 0.44522 0.51117
vt 0.43462 0.49821
vt 0.44506 0.51102
vt 0.45896 0.52487
vt 0.45877 0.5247
vt 0.47706 0.54049
vt 0.47685 0.54031
vt 0.49884 0.55806
vt 0.5236 0.5776
vt 0.49864 0.55788
vt 0.55151 0.59886
vt 0.52379 0.57778
vt 0.58264 0.61864
vt 0.55168 0.59902
vt 0.49692 0.80966
vt 0.45393 0.82405
vt 0.49699 0.80932
vt 0.47726 0.82046
vt 0.43451 0.83093
vt 0.43427 0.83126
vt 0.51025 0.80637
vt 0.47743 0.82015
vt 0.53265 0.78652
vt 0.51034 0.80607
vt 0.53264 0.78629
vt 0.52807 0.79029
vt 0.52806 0.78997
vt 0.54587 0.76505
vt 0.54578 0.76483
vt 0.45378 0.82442
vt 0.39032 0.83332
vt 0.5932 0.65182
vt 0.59913 0.63459
vt 0.60113 0.62999
vt 0.60088 0.62813
vt 0.59954 0.62793
vt 0.59194 0.67019
vt 0.59973 0.65224
vt 0.59074 0.67007
vt 0.60288 0.64745
vt 0.60216 0.64556
vt 0.51046 0.80186
vt 0.53164 0.7836
vt 0.53125 0.7834
vt 0.51067 0.80223
vt 0.53179 0.78387
vt 0.54336 0.762
vt 0.54383 0.7622
vt 0.5919 0.65187
vt 0.54408 0.76245
vt 0.52716 0.78586
vt 0.5273 0.78627
vt 0.60099 0.64579
vt 0.56994 0.60023
vt 0.56697 0.5987
vt 0.4579 0.52107
vt 0.58281 0.61877
vt 0.56587 0.62729
vt 0.54536 0.7637
vt 0.51078 0.80456
vt 0.53261 0.78514
vt 0.52803 0.78837
vt 0.59945 0.648
vt 0.59843 0.63077
vt 0.58373 0.62292
vt 0.50941 0.80002
vt 0.43245 0.52078
vt 0.44394 0.52783
vt 0.22742 0.78568
vt 0.45756 0.52593
vt 0.44611 0.51868
vt 0.56918 0.59947
vt 0.21766 0.79168
vt 0.44452 0.5161
vt 0.55201 0.59102
usemtl mat0
f 1265/973/1265 1266/974/1266 1267/975/1267
f 1268/976/1268 1269/977/1269 1265/978/1265
f 1270/979/1270 1269/980/1269 1271/981/1271
f 1272/982/1272 1273/983/1273 1274/984/1274
f 1275/985/1275 1276/986/1276 1272/987/1272
f 1277/988/1277 1276/989/1276 1278/990/1278
f 1279/991/1279 1280/992/1280 1281/993/1281
f 1282/994/1282 1283/995/1283 1284/996/1284
f 1285/997/1285 1280/998/1280 1282/999/1282
f 1286/997/1286 1287/1000/1287 1288/1001/1288
f 1289/1002/1289 1290/1003/1290 1291/1004/1291
f 1292/1005/1292 1287/1006/1287 1289/1007/1289
f 1296/1008/1296 1294/1009/1294 1297/1010/1297
f 1306/1011/1306 1301/1012/1301 1303/1013/1303
f 1279/991/1279 1315/1014/1315 1316/1015/1316
f 1281/1016/1281 1317/1017/1317 1315/1018/1315
f 1318/1019/1318 1319/1020/1319 1320/1021/1320
f 1320/1022/1320 1321/1023/1321 1322/1024/1322
f 1323/1025/1323 1324/1026/1324 1319/1020/1319
f 1319/1027/1319 1325/1028/1325 1321/1023/1321
f 1326/1029/1326 1327/1030/1327 1324/1026/1324
f 1324/1031/1324 1328/1032/1328 1325/1028/1325
f 1329/1033/1329 1330/1034/1330 1327/1030/1327
f 1327/1035/1327 1331/1036/1331 1328/1032/1328
f 1332/1037/1332 1333/1038/1333 1330/1034/1330
f 1330/1039/1330 1334/1040/1334 1331/1036/1331
f 1335/1041/1335 1333/1038/1333 1336/1042/1336
f 1337/1043/1337 1334/1040/1334 1333/1044/1333
f 1338/1045/1338 1337/1046/1337 1335/1041/1335
f 1339/1047/1339 1340/1048/1340 1337/1043/1337
f 1338/1045/1338 1341/1049/1341 1339/1050/1339
f 1339/1047/1339 1342/1051/1342 1343/1052/1343
f 1344/1053/1344 1341/1049/1341 1345/1054/1345
f 1346/1055/1346 1342/1051/1342 1341/1056/1341
f 1347/1057/1347 1346/1058/1346 1344/1053/1344
f 1348/1059/1348 1349/1060/1349 1346/1055/1346
f 1350/1061/1350 1348/1062/1348 1347/1057/1347
f 1351/1063/1351 1352/1064/1352 1348/1059/1348
f 1353/1065/1353 1351/1066/1351 1350/1061/1350
f 1354/1067/1354 1355/1068/1355 1351/1063/1351
f 1356/1069/1356 1354/1070/1354 1353/1065/1353
f 1357/1071/1357 1358/1072/1358 1354/1067/1354
f 1292/1005/1292 1359/1073/1359 1288/1074/1288
f 1288/1001/1288 1360/1075/1360 1286/997/1286
f 1361/1076/1361 1359/1073/1359 1362/1077/1362
f 1363/1078/1363 1360/1079/1360 1359/1080/1359
f 1364/1081/1364 1363/1082/1363 1361/1076/1361
f 1365/1083/1365 1366/1084/1366 1363/1078/1363
f 1367/1085/1367 1365/1086/1365 1364/1081/1364
f 1368/1087/1368 1369/1088/1369 1365/1083/1365
f 1370/1089/1370 1368/1090/1368 1367/1085/1367
f 1371/1091/1371 1372/1092/1372 1368/1087/1368
f 1373/1093/1373 1371/1094/1371 1370/1089/1370
f 1374/1095/1374 1375/1096/1375 1371/1091/1371
f 1376/1097/1376 1374/1098/1374 1373/1093/1373
f 1377/1099/1377 1378/1100/1378 1374/1095/1374
f 1379/1101/1379 1377/1102/1377 1376/1097/1376
f 1380/1103/1380 1381/1104/1381 1377/1099/1377
f 1382/1105/1382 1380/1106/1380 1379/1101/1379
f 1383/1107/1383 1384/1108/1384 1380/1103/1380
f 1382/1105/1382 1385/1109/1385 1383/1110/1383
f 1383/1107/1383 1386/1111/1386 1387/1112/1387
f 1388/1113/1388 1389/1114/1389 1385/1109/1385
f 1385/1115/1385 1390/1116/1390 1386/1111/1386
f 1391/1117/1391 1392/1118/1392 1389/1114/1389
f 1389/1119/1389 1393/1120/1393 1390/1116/1390
f 1394/1121/1394 1395/1122/1395 1392/1118/1392
f 1392/1123/1392 1396/1124/1396 1393/1120/1393
f 1397/1125/1397 1398/1126/1398 1395/1122/1395
f 1395/1127/1395 1399/1128/1399 1396/1124/1396
f 1400/1129/1400 1401/1130/1401 1398/1126/1398
f 1398/1131/1398 1402/1132/1402 1399/1128/1399
f 1403/1133/1403 1315/1134/1315 1401/1130/1401
f 1401/1135/1401 1317/1136/1317 1402/1132/1402
f 1404/1137/1404 1405/1138/1405 1406/1139/1406
f 1406/1140/1406 1407/1141/1407 1408/1142/1408
f 1409/1143/1409 1410/1144/1410 1411/1145/1411
f 1412/1146/1412 1413/1147/1413 1410/1148/1410
f 1414/1149/1414 1412/1150/1412 1409/1143/1409
f 1412/1146/1412 1415/1151/1415 1416/1152/1416
f 1417/1153/1417 1418/1154/1418 1414/1149/1414
f 1419/1155/1419 1415/1151/1415 1418/1156/1418
f 1291/1004/1291 1419/1157/1419 1417/1153/1417
f 1290/1158/1290 1420/1159/1420 1419/1155/1419
f 1421/1160/1421 1406/1139/1406 1422/1161/1422
f 1406/1140/1406 1423/1162/1423 1422/1163/1422
f 1284/996/1284 1424/1164/1424 1282/994/1282
f 1282/999/1282 1425/1165/1425 1285/997/1285
f 1426/1166/1426 1422/1161/1422 1424/1164/1424
f 1424/1167/1424 1423/1162/1423 1425/1165/1425
f 1427/1168/1427 1320/1021/1320 1405/1138/1405
f 1405/1169/1405 1322/1170/1322 1407/1141/1407
f 1411/1145/1411 1357/1171/1357 1356/1069/1356
f 1410/1148/1410 1428/1172/1428 1357/1173/1357
f 1429/1174/1429 1272/987/1272 1430/1175/1430
f 1430/1176/1430 1274/984/1274 1431/1177/1431
f 1432/1178/1432 1433/1179/1433 1434/1180/1434
f 1435/1181/1435 1436/1182/1436 1433/1183/1433
f 1437/1184/1437 1435/1185/1435 1432/1178/1432
f 1438/1186/1438 1439/1187/1439 1435/1181/1435
f 1440/1188/1440 1438/1189/1438 1437/1184/1437
f 1441/1190/1441 1442/1191/1442 1438/1186/1438
f 1443/1192/1443 1441/1193/1441 1440/1188/1440
f 1444/1194/1444 1445/1195/1445 1441/1190/1441
f 1446/1196/1446 1444/1197/1444 1443/1192/1443
f 1447/1198/1447 1448/1199/1448 1444/1194/1444
f 1449/1200/1449 1447/1201/1447 1446/1196/1446
f 1450/1202/1450 1451/1203/1451 1447/1198/1447
f 1452/1204/1452 1450/1205/1450 1449/1200/1449
f 1450/1202/1450 1453/1206/1453 1454/1207/1454
f 1452/1204/1452 1455/1208/1455 1456/1209/1456
f 1456/1210/1456 1457/1211/1457 1453/1206/1453
f 1458/1212/1458 1459/1213/1459 1455/1208/1455
f 1455/1214/1455 1460/1215/1460 1457/1211/1457
f 1461/1216/1461 1462/1217/1462 1459/1213/1459
f 1459/1218/1459 1463/1219/1463 1460/1215/1460
f 1464/1220/1464 1465/1221/1465 1462/1217/1462
f 1462/1222/1462 1466/1223/1466 1463/1219/1463
f 1467/1224/1467 1468/1225/1468 1465/1221/1465
f 1465/1226/1465 1469/1227/1469 1466/1223/1466
f 1470/1228/1470 1471/1229/1471 1468/1225/1468
f 1468/1230/1468 1472/1231/1472 1469/1227/1469
f 1473/1174/1473 1266/1232/1266 1270/979/1270
f 1474/1233/1474 1267/975/1267 1266/974/1266
f 1473/1174/1473 1475/1234/1475 1474/1235/1474
f 1475/1236/1475 1476/1237/1476 1474/1233/1474
f 1477/1238/1477 1478/1239/1478 1475/1240/1475
f 1478/1241/1478 1479/1242/1479 1475/1236/1475
f 1480/1243/1480 1481/1244/1481 1478/1239/1478
f 1481/1245/1481 1482/1246/1482 1478/1241/1478
f 1483/1247/1483 1484/1248/1484 1481/1244/1481
f 1481/1245/1481 1485/1249/1485 1486/1250/1486
f 1487/1251/1487 1488/1252/1488 1484/1248/1484
f 1484/1253/1484 1489/1254/1489 1485/1249/1485
f 1490/1255/1490 1491/1256/1491 1488/1252/1488
f 1488/1257/1488 1492/1258/1492 1489/1254/1489
f 1493/1259/1493 1494/1260/1494 1491/1256/1491
f 1494/1261/1494 1492/1258/1492 1491/1262/1491
f 1495/1263/1495 1494/1260/1494 1496/1264/1496
f 1497/1265/1497 1498/1266/1498 1494/1261/1494
f 1499/1267/1499 1497/1268/1497 1495/1263/1495
f 1497/1265/1497 1500/1269/1500 1501/1270/1501
f 1502/1271/1502 1503/1272/1503 1499/1267/1499
f 1504/1273/1504 1500/1269/1500 1503/1274/1503
f 1505/1275/1505 1504/1276/1504 1502/1271/1502
f 1506/1277/1506 1507/1278/1507 1504/1273/1504
f 1508/1279/1508 1506/1280/1506 1505/1275/1505
f 1509/1281/1509 1510/1282/1510 1506/1277/1506
f 1511/1283/1511 1509/1284/1509 1508/1279/1508
f 1509/1281/1509 1512/1285/1512 1513/1286/1513
f 1514/1287/1514 1515/1288/1515 1511/1283/1511
f 1515/1289/1515 1516/1290/1516 1512/1285/1512
f 1429/1174/1429 1517/1291/1517 1514/1292/1514
f 1517/1293/1517 1431/1294/1431 1516/1290/1516
f 1518/1295/1518 1519/1296/1519 1520/1297/1520
f 1521/1298/1521 1522/1299/1522 1519/1300/1519
f 1523/1301/1523 1524/1302/1524 1525/1303/1525
f 1525/1304/1525 1526/1305/1526 1527/1306/1527
f 1528/1307/1528 1524/1302/1524 1529/1308/1529
f 1530/1309/1530 1526/1305/1526 1524/1310/1524
f 1528/1307/1528 1531/1311/1531 1530/1312/1530
f 1530/1309/1530 1532/1313/1532 1533/1314/1533
f 1534/1315/1534 1271/981/1271 1531/1311/1531
f 1531/1316/1531 1268/976/1268 1532/1313/1532
f 1535/1317/1535 1519/1296/1519 1536/1318/1536
f 1536/1319/1536 1522/1299/1522 1537/1320/1537
f 1538/1321/1538 1278/1322/1278 1275/985/1275
f 1539/1323/1539 1277/988/1277 1278/990/1278
f 1535/1317/1535 1539/1324/1539 1538/1321/1538
f 1536/1319/1536 1540/1325/1540 1539/1323/1539
f 1518/1295/1518 1433/1326/1433 1521/1327/1521
f 1433/1183/1433 1541/1328/1541 1521/1298/1521
f 1523/1301/1523 1471/1329/1471 1542/1330/1542
f 1471/1331/1471 1527/1306/1527 1472/1231/1472
f 1291/1004/1291 1265/978/1265 1289/1002/1289
f 1265/973/1265 1292/1005/1292 1289/1007/1289
f 1279/991/1279 1273/983/1273 1283/995/1283
f 1273/983/1273 1284/996/1284 1283/995/1283
f 1543/1332/1543 1297/1010/1297 1544/1333/1544
f 1546/1334/1546 1547/1335/1547 1548/1336/1548
f 1551/1337/1551 1552/1338/1552 1547/1335/1547
f 1554/1339/1554 1555/1340/1555 1552/1338/1552
f 1557/1341/1557 1555/1340/1555 1558/1342/1558
f 1557/1341/1557 1560/1343/1560 1559/1344/1559
f 1562/1345/1562 1560/1343/1560 1563/1346/1563
f 1566/1347/1566 1564/1348/1564 1562/1345/1562
f 1566/1347/1566 1569/1349/1569 1570/1350/1570
f 1572/1351/1572 1569/1349/1569 1573/1352/1573
f 1572/1351/1572 1575/1353/1575 1576/1354/1576
f 1578/1355/1578 1575/1353/1575 1579/1356/1579
f 1581/1357/1581 1580/1358/1580 1578/1355/1578
f 1584/1359/1584 1582/1360/1582 1581/1357/1581
f 1587/1361/1587 1302/1362/1302 1306/1011/1306
f 1587/1363/1587 1589/1364/1589 1588/1365/1588
f 1592/1366/1592 1593/1367/1593 1589/1364/1589
f 1595/1368/1595 1596/1369/1596 1593/1367/1593
f 1598/1370/1598 1596/1369/1596 1599/1371/1599
f 1601/1372/1601 1600/1373/1600 1598/1370/1598
f 1604/1374/1604 1602/1375/1602 1601/1372/1601
f 1607/1376/1607 1605/1377/1605 1604/1374/1604
f 1610/1378/1610 1608/1379/1608 1607/1376/1607
f 1610/1378/1610 1613/1380/1613 1614/1381/1614
f 1616/1382/1616 1617/1383/1617 1613/1380/1613
f 1619/1384/1619 1620/1385/1620 1617/1383/1617
f 1622/1386/1622 1623/1387/1623 1620/1385/1620
f 1625/1388/1625 1623/1387/1623 1626/1389/1626
f 1628/1390/1628 1627/1391/1627 1625/1388/1625
f 1543/1392/1543 1629/1393/1629 1628/1390/1628
f 1632/1394/1632 1633/1395/1633 1634/1396/1634
f 1637/1397/1637 1638/1398/1638 1639/1399/1639
f 1637/1397/1637 1642/1400/1642 1640/1401/1640
f 1644/1402/1644 1642/1400/1642 1645/1403/1645
f 1644/1402/1644 1303/1013/1303 1646/1404/1646
f 1632/1394/1632 1649/1405/1649 1650/1406/1650
f 1652/1407/1652 1298/1408/1298 1296/1008/1296
f 1652/1407/1652 1649/1405/1649 1653/1409/1653
f 1546/1410/1546 1633/1395/1633 1655/1411/1655
f 1584/1412/1584 1638/1398/1638 1585/1413/1585
f 1655/1411/1655 1322/1170/1322 1546/1410/1546
f 1551/1337/1551 1322/1024/1322 1321/1023/1321
f 1554/1339/1554 1321/1023/1321 1325/1028/1325
f 1558/1342/1558 1325/1028/1325 1328/1032/1328
f 1558/1342/1558 1331/1036/1331 1557/1341/1557
f 1563/1346/1563 1331/1036/1331 1334/1040/1334
f 1563/1346/1563 1340/1048/1340 1562/1345/1562
f 1573/1352/1573 1343/1052/1343 1342/1051/1342
f 1573/1352/1573 1349/1060/1349 1572/1351/1572
f 1579/1356/1579 1349/1060/1349 1352/1064/1352
f 1579/1356/1579 1355/1068/1355 1578/1355/1578
f 1578/1355/1578 1358/1072/1358 1581/1357/1581
f 1581/1357/1581 1428/1414/1428 1584/1359/1584
f 1639/1399/1639 1428/1172/1428 1413/1147/1413
f 1306/1011/1306 1360/1075/1360 1587/1361/1587
f 1587/1363/1587 1366/1084/1366 1592/1366/1592
f 1592/1366/1592 1369/1088/1369 1595/1368/1595
f 1595/1368/1595 1372/1092/1372 1599/1371/1599
f 1599/1371/1599 1375/1096/1375 1598/1370/1598
f 1598/1370/1598 1378/1100/1378 1601/1372/1601
f 1601/1372/1601 1381/1104/1381 1604/1374/1604
f 1604/1374/1604 1384/1108/1384 1607/1376/1607
f 1616/1382/1616 1387/1112/1387 1386/1111/1386
f 1619/1384/1619 1386/1111/1386 1390/1116/1390
f 1622/1386/1622 1390/1116/1390 1393/1120/1393
f 1626/1389/1626 1393/1120/1393 1396/1124/1396
f 1625/1388/1625 1396/1124/1396 1399/1128/1399
f 1628/1390/1628 1399/1128/1399 1402/1132/1402
f 1543/1392/1543 1402/1132/1402 1317/1136/1317
f 1296/1008/1296 1317/1017/1317 1285/997/1285
f 1655/1411/1655 1408/1142/1408 1407/1141/1407
f 1639/1399/1639 1416/1152/1416 1637/1397/1637
f 1292/1005/1292 1476/1237/1476 1362/1077/1362
f 1473/1174/1473 1270/979/1270 1534/1315/1534
f 1291/1004/1291 1532/1313/1532 1268/976/1268
f 1279/991/1279 1431/1177/1431 1274/984/1274
f 1675/1415/1675 1538/1321/1538 1429/1174/1429
f 1284/996/1284 1540/1325/1540 1426/1166/1426
f 1323/1025/1323 1436/1182/1436 1439/1187/1439
f 1434/1180/1434 1511/1283/1511 1432/1178/1432
f 1675/1415/1675 1429/1174/1429 1514/1292/1514
f 1318/1019/1318 1541/1328/1541 1436/1182/1436
f 1326/1029/1326 1439/1187/1439 1442/1191/1442
f 1432/1178/1432 1508/1279/1508 1437/1184/1437
f 1329/1033/1329 1442/1191/1442 1445/1195/1445
f 1437/1184/1437 1505/1275/1505 1440/1188/1440
f 1332/1037/1332 1445/1195/1445 1448/1199/1448
f 1440/1188/1440 1502/1271/1502 1443/1192/1443
f 1336/1042/1336 1448/1199/1448 1451/1203/1451
f 1443/1192/1443 1499/1267/1499 1446/1196/1446
f 1336/1042/1336 1454/1207/1454 1335/1041/1335
f 1446/1196/1446 1495/1263/1495 1449/1200/1449
f 1335/1041/1335 1453/1206/1453 1338/1045/1338
f 1449/1200/1449 1496/1264/1496 1452/1204/1452
f 1345/1054/1345 1453/1206/1453 1457/1211/1457
f 1458/1212/1458 1496/1264/1496 1493/1259/1493
f 1345/1054/1345 1460/1215/1460 1344/1053/1344
f 1461/1216/1461 1493/1259/1493 1490/1255/1490
f 1344/1053/1344 1463/1219/1463 1347/1057/1347
f 1464/1220/1464 1490/1255/1490 1487/1251/1487
f 1347/1057/1347 1466/1223/1466 1350/1061/1350
f 1467/1224/1467 1487/1251/1487 1483/1247/1483
f 1350/1061/1350 1469/1227/1469 1353/1065/1353
f 1470/1228/1470 1483/1247/1483 1480/1243/1480
f 1353/1065/1353 1472/1231/1472 1356/1069/1356
f 1542/1416/1542 1480/1243/1480 1477/1238/1477
f 1477/1292/1477 1473/1174/1473 1676/1417/1676
f 1356/1069/1356 1527/1306/1527 1411/1145/1411
f 1362/1077/1362 1479/1242/1479 1361/1076/1361
f 1361/1076/1361 1482/1246/1482 1364/1081/1364
f 1364/1081/1364 1486/1250/1486 1367/1085/1367
f 1367/1085/1367 1485/1249/1485 1370/1089/1370
f 1370/1089/1370 1489/1254/1489 1373/1093/1373
f 1373/1093/1373 1492/1258/1492 1376/1097/1376
f 1376/1097/1376 1498/1266/1498 1379/1101/1379
f 1379/1101/1379 1501/1270/1501 1382/1105/1382
f 1388/1113/1388 1501/1270/1501 1500/1269/1500
f 1391/1117/1391 1500/1269/1500 1507/1278/1507
f 1394/1121/1394 1507/1278/1507 1510/1282/1510
f 1397/1125/1397 1510/1282/1510 1513/1286/1513
f 1400/1129/1400 1513/1286/1513 1512/1285/1512
f 1403/1133/1403 1512/1285/1512 1516/1290/1516
f 1316/1418/1316 1516/1290/1516 1431/1294/1431
f 1414/1149/1414 1532/1313/1532 1417/1153/1417
f 1409/1143/1409 1533/1314/1533 1414/1149/1414
f 1404/1137/1404 1537/1320/1537 1522/1299/1522
f 1421/1160/1421 1540/1325/1540 1537/1320/1537
f 1427/1168/1427 1522/1299/1522 1541/1328/1541
f 1518/1295/1518 1520/1297/1520 1675/1415/1675
f 1411/1145/1411 1526/1305/1526 1409/1143/1409
f 1529/1308/1529 1523/1301/1523 1676/1417/1676
f 1296/1008/1296 1425/1165/1425 1652/1407/1652
f 1562/1345/1562 1343/1052/1343 1566/1347/1566
f 1306/1011/1306 1420/1159/1420 1286/997/1286
f 1607/1376/1607 1387/1112/1387 1610/1378/1610
f 1650/1406/1650 1408/1142/1408 1632/1394/1632
f 1645/1403/1645 1416/1152/1416 1415/1151/1415
f 1644/1402/1644 1415/1151/1415 1420/1159/1420
f 1652/1407/1652 1423/1162/1423 1650/1406/1650
f 1265/973/1265 1269/1419/1269 1266/974/1266
f 1268/976/1268 1271/1420/1271 1269/977/1269
f 1270/979/1270 1266/1232/1266 1269/980/1269
f 1272/982/1272 1276/989/1276 1273/983/1273
f 1275/985/1275 1278/1322/1278 1276/986/1276
f 1277/988/1277 1273/983/1273 1276/989/1276
f 1279/991/1279 1283/995/1283 1280/992/1280
f 1282/994/1282 1280/992/1280 1283/995/1283
f 1285/997/1285 1281/1016/1281 1280/998/1280
f 1286/997/1286 1290/1158/1290 1287/1000/1287
f 1289/1002/1289 1287/1421/1287 1290/1003/1290
f 1292/1005/1292 1288/1074/1288 1287/1006/1287
f 1296/1008/1296 1298/1408/1298 1294/1009/1294
f 1306/1011/1306 1302/1362/1302 1301/1012/1301
f 1279/991/1279 1281/993/1281 1315/1014/1315
f 1281/1016/1281 1285/997/1285 1317/1017/1317
f 1318/1019/1318 1323/1025/1323 1319/1020/1319
f 1320/1022/1320 1319/1027/1319 1321/1023/1321
f 1323/1025/1323 1326/1029/1326 1324/1026/1324
f 1319/1027/1319 1324/1031/1324 1325/1028/1325
f 1326/1029/1326 1329/1033/1329 1327/1030/1327
f 1324/1031/1324 1327/1035/1327 1328/1032/1328
f 1329/1033/1329 1332/1037/1332 1330/1034/1330
f 1327/1035/1327 1330/1039/1330 1331/1036/1331
f 1332/1037/1332 1336/1042/1336 1333/1038/1333
f 1330/1039/1330 1333/1044/1333 1334/1040/1334
f 1335/1041/1335 1337/1046/1337 1333/1038/1333
f 1337/1043/1337 1340/1048/1340 1334/1040/1334
f 1338/1045/1338 1339/1050/1339 1337/1046/1337
f 1339/1047/1339 1343/1052/1343 1340/1048/1340
f 1338/1045/1338 1345/1054/1345 1341/1049/1341
f 1339/1047/1339 1341/1056/1341 1342/1051/1342
f 1344/1053/1344 1346/1058/1346 1341/1049/1341
f 1346/1055/1346 1349/1060/1349 1342/1051/1342
f 1347/1057/1347 1348/1062/1348 1346/1058/1346
f 1348/1059/1348 1352/1064/1352 1349/1060/1349
f 1350/1061/1350 1351/1066/1351 1348/1062/1348
f 1351/1063/1351 1355/1068/1355 1352/1064/1352
f 1353/1065/1353 1354/1070/1354 1351/1066/1351
f 1354/1067/1354 1358/1072/1358 1355/1068/1355
f 1356/1069/1356 1357/1171/1357 1354/1070/1354
f 1357/1071/1357 1428/1414/1428 1358/1072/1358
f 1292/1005/1292 1362/1077/1362 1359/1073/1359
f 1288/1001/1288 1359/1422/1359 1360/1075/1360
f 1361/1076/1361 1363/1082/1363 1359/1073/1359
f 1363/1078/1363 1366/1084/1366 1360/1079/1360
f 1364/1081/1364 1365/1086/1365 1363/1082/1363
f 1365/1083/1365 1369/1088/1369 1366/1084/1366
f 1367/1085/1367 1368/1090/1368 1365/1086/1365
f 1368/1087/1368 1372/1092/1372 1369/1088/1369
f 1370/1089/1370 1371/1094/1371 1368/1090/1368
f 1371/1091/1371 1375/1096/1375 1372/1092/1372
f 1373/1093/1373 1374/1098/1374 1371/1094/1371
f 1374/1095/1374 1378/1100/1378 1375/1096/1375
f 1376/1097/1376 1377/1102/1377 1374/1098/1374
f 1377/1099/1377 1381/1104/1381 1378/1100/1378
f 1379/1101/1379 1380/1106/1380 1377/1102/1377
f 1380/1103/1380 1384/1108/1384 1381/1104/1381
f 1382/1105/1382 1383/1110/1383 1380/1106/1380
f 1383/1107/1383 1387/1112/1387 1384/1108/1384
f 1382/1105/1382 1388/1113/1388 1385/1109/1385
f 1383/1107/1383 1385/1115/1385 1386/1111/1386
f 1388/1113/1388 1391/1117/1391 1389/1114/1389
f 1385/1115/1385 1389/1119/1389 1390/1116/1390
f 1391/1117/1391 1394/1121/1394 1392/1118/1392
f 1389/1119/1389 1392/1123/1392 1393/1120/1393
f 1394/1121/1394 1397/1125/1397 1395/1122/1395
f 1392/1123/1392 1395/1127/1395 1396/1124/1396
f 1397/1125/1397 1400/1129/1400 1398/1126/1398
f 1395/1127/1395 1398/1131/1398 1399/1128/1399
f 1400/1129/1400 1403/1133/1403 1401/1130/1401
f 1398/1131/1398 1401/1135/1401 1402/1132/1402
f 1403/1133/1403 1316/1418/1316 1315/1134/1315
f 1401/1135/1401 1315/1423/1315 1317/1136/1317
f 1404/1137/1404 1427/1168/1427 1405/1138/1405
f 1406/1140/1406 1405/1169/1405 1407/1141/1407
f 1409/1143/1409 1412/1150/1412 1410/1144/1410
f 1412/1146/1412 1416/1152/1416 1413/1147/1413
f 1414/1149/1414 1418/1154/1418 1412/1150/1412
f 1412/1146/1412 1418/1156/1418 1415/1151/1415
f 1417/1153/1417 1419/1157/1419 1418/1154/1418
f 1419/1155/1419 1420/1159/1420 1415/1151/1415
f 1291/1004/1291 1290/1003/1290 1419/1157/1419
f 1290/1158/1290 1286/997/1286 1420/1159/1420
f 1421/1160/1421 1404/1137/1404 1406/1139/1406
f 1406/1140/1406 1408/1142/1408 1423/1162/1423
f 1284/996/1284 1426/1166/1426 1424/1164/1424
f 1282/999/1282 1424/1167/1424 1425/1165/1425
f 1426/1166/1426 1421/1160/1421 1422/1161/1422
f 1424/1167/1424 1422/1163/1422 1423/1162/1423
f 1427/1168/1427 1318/1019/1318 1320/1021/1320
f 1405/1169/1405 1320/1173/1320 1322/1170/1322
f 1411/1145/1411 1410/1144/1410 1357/1171/1357
f 1410/1148/1410 1413/1147/1413 1428/1172/1428
f 1429/1174/1429 1275/985/1275 1272/987/1272
f 1430/1176/1430 1272/982/1272 1274/984/1274
f 1432/1178/1432 1435/1185/1435 1433/1179/1433
f 1435/1181/1435 1439/1187/1439 1436/1182/1436
f 1437/1184/1437 1438/1189/1438 1435/1185/1435
f 1438/1186/1438 1442/1191/1442 1439/1187/1439
f 1440/1188/1440 1441/1193/1441 1438/1189/1438
f 1441/1190/1441 1445/1195/1445 1442/1191/1442
f 1443/1192/1443 1444/1197/1444 1441/1193/1441
f 1444/1194/1444 1448/1199/1448 1445/1195/1445
f 1446/1196/1446 1447/1201/1447 1444/1197/1444
f 1447/1198/1447 1451/1203/1451 1448/1199/1448
f 1449/1200/1449 1450/1205/1450 1447/1201/1447
f 1450/1202/1450 1454/1207/1454 1451/1203/1451
f 1452/1204/1452 1456/1209/1456 1450/1205/1450
f 1450/1202/1450 1456/1210/1456 1453/1206/1453
f 1452/1204/1452 1458/1212/1458 1455/1208/1455
f 1456/1210/1456 1455/1214/1455 1457/1211/1457
f 1458/1212/1458 1461/1216/1461 1459/1213/1459
f 1455/1214/1455 1459/1218/1459 1460/1215/1460
f 1461/1216/1461 1464/1220/1464 1462/1217/1462
f 1459/1218/1459 1462/1222/1462 1463/1219/1463
f 1464/1220/1464 1467/1224/1467 1465/1221/1465
f 1462/1222/1462 1465/1226/1465 1466/1223/1466
f 1467/1224/1467 1470/1228/1470 1468/1225/1468
f 1465/1226/1465 1468/1230/1468 1469/1227/1469
f 1470/1228/1470 1542/1416/1542 1471/1229/1471
f 1468/1230/1468 1471/1331/1471 1472/1231/1472
f 1473/1174/1473 1474/1235/1474 1266/1232/1266
f 1474/1233/1474 1476/1237/1476 1267/975/1267
f 1473/1174/1473 1477/1292/1477 1475/1234/1475
f 1475/1236/1475 1479/1242/1479 1476/1237/1476
f 1477/1238/1477 1480/1243/1480 1478/1239/1478
f 1478/1241/1478 1482/1246/1482 1479/1242/1479
f 1480/1243/1480 1483/1247/1483 1481/1244/1481
f 1481/1245/1481 1486/1250/1486 1482/1246/1482
f 1483/1247/1483 1487/1251/1487 1484/1248/1484
f 1481/1245/1481 1484/1253/1484 1485/1249/1485
f 1487/1251/1487 1490/1255/1490 1488/1252/1488
f 1484/1253/1484 1488/1257/1488 1489/1254/1489
f 1490/1255/1490 1493/1259/1493 1491/1256/1491
f 1488/1257/1488 1491/1262/1491 1492/1258/1492
f 1493/1259/1493 1496/1264/1496 1494/1260/1494
f 1494/1261/1494 1498/1266/1498 1492/1258/1492
f 1495/1263/1495 1497/1268/1497 1494/1260/1494
f 1497/1265/1497 1501/1270/1501 1498/1266/1498
f 1499/1267/1499 1503/1272/1503 1497/1268/1497
f 1497/1265/1497 1503/1274/1503 1500/1269/1500
f 1502/1271/1502 1504/1276/1504 1503/1272/1503
f 1504/1273/1504 1507/1278/1507 1500/1269/1500
f 1505/1275/1505 1506/1280/1506 1504/1276/1504
f 1506/1277/1506 1510/1282/1510 1507/1278/1507
f 1508/1279/1508 1509/1284/1509 1506/1280/1506
f 1509/1281/1509 1513/1286/1513 1510/1282/1510
f 1511/1283/1511 1515/1288/1515 1509/1284/1509
f 1509/1281/1509 1515/1289/1515 1512/1285/1512
f 1514/1287/1514 1517/1424/1517 1515/1288/1515
f 1515/1289/1515 1517/1293/1517 1516/1290/1516
f 1429/1174/1429 1430/1175/1430 1517/1291/1517
f 1517/1293/1517 1430/1425/1430 1431/1294/1431
f 1518/1295/1518 1521/1327/1521 1519/1296/1519
f 1521/1298/1521 1541/1328/1541 1522/1299/1522
f 1523/1301/1523 1529/1308/1529 1524/1302/1524
f 1525/1304/1525 1524/1310/1524 1526/1305/1526
f 1528/1307/1528 1530/1312/1530 1524/1302/1524
f 1530/1309/1530 1533/1314/1533 1526/1305/1526
f 1528/1307/1528 1534/1315/1534 1531/1311/1531
f 1530/1309/1530 1531/1316/1531 1532/1313/1532
f 1534/1315/1534 1270/979/1270 1271/981/1271
f 1531/1316/1531 1271/1420/1271 1268/976/1268
f 1535/1317/1535 1520/1297/1520 1519/1296/1519
f 1536/1319/1536 1519/1300/1519 1522/1299/1522
f 1538/1321/1538 1539/1324/1539 1278/1322/1278
f 1539/1323/1539 1540/1325/1540 1277/988/1277
f 1535/1317/1535 1536/1318/1536 1539/1324/1539
f 1536/1319/1536 1537/1320/1537 1540/1325/1540
f 1518/1295/1518 1434/1426/1434 1433/1326/1433
f 1433/1183/1433 1436/1182/1436 1541/1328/1541
f 1523/1301/1523 1525/1303/1525 1471/1329/1471
f 1471/1331/1471 1525/1304/1525 1527/1306/1527
f 1291/1004/1291 1268/976/1268 1265/978/1265
f 1265/973/1265 1267/975/1267 1292/1005/1292
f 1279/991/1279 1274/984/1274 1273/983/1273
f 1273/983/1273 1277/988/1277 1284/996/1284
f 1543/1332/1543 1296/1008/1296 1297/1010/1297
f 1546/1334/1546 1551/1337/1551 1547/1335/1547
f 1551/1337/1551 1554/1339/1554 1552/1338/1552
f 1554/1339/1554 1558/1342/1558 1555/1340/1555
f 1557/1341/1557 1559/1344/1559 1555/1340/1555
f 1557/1341/1557 1563/1346/1563 1560/1343/1560
f 1562/1345/1562 1564/1348/1564 1560/1343/1560
f 1566/1347/1566 1570/1350/1570 1564/1348/1564
f 1566/1347/1566 1573/1352/1573 1569/1349/1569
f 1572/1351/1572 1576/1354/1576 1569/1349/1569
f 1572/1351/1572 1579/1356/1579 1575/1353/1575
f 1578/1355/1578 1580/1358/1580 1575/1353/1575
f 1581/1357/1581 1582/1360/1582 1580/1358/1580
f 1584/1359/1584 1585/1427/1585 1582/1360/1582
f 1587/1361/1587 1588/1428/1588 1302/1362/1302
f 1587/1363/1587 1592/1366/1592 1589/1364/1589
f 1592/1366/1592 1595/1368/1595 1593/1367/1593
f 1595/1368/1595 1599/1371/1599 1596/1369/1596
f 1598/1370/1598 1600/1373/1600 1596/1369/1596
f 1601/1372/1601 1602/1375/1602 1600/1373/1600
f 1604/1374/1604 1605/1377/1605 1602/1375/1602
f 1607/1376/1607 1608/1379/1608 1605/1377/1605
f 1610/1378/1610 1614/1381/1614 1608/1379/1608
f 1610/1378/1610 1616/1382/1616 1613/1380/1613
f 1616/1382/1616 1619/1384/1619 1617/1383/1617
f 1619/1384/1619 1622/1386/1622 1620/1385/1620
f 1622/1386/1622 1626/1389/1626 1623/1387/1623
f 1625/1388/1625 1627/1391/1627 1623/1387/1623
f 1628/1390/1628 1629/1393/1629 1627/1391/1627
f 1543/1392/1543 1544/1429/1544 1629/1393/1629
f 1632/1394/1632 1655/1411/1655 1633/1395/1633
f 1637/1397/1637 1640/1401/1640 1638/1398/1638
f 1637/1397/1637 1645/1403/1645 1642/1400/1642
f 1644/1402/1644 1646/1404/1646 1642/1400/1642
f 1644/1402/1644 1306/1011/1306 1303/1013/1303
f 1632/1394/1632 1634/1396/1634 1649/1405/1649
f 1652/1407/1652 1653/1409/1653 1298/1408/1298
f 1652/1407/1652 1650/1406/1650 1649/1405/1649
f 1546/1410/1546 1548/1413/1548 1633/1395/1633
f 1584/1412/1584 1639/1399/1639 1638/1398/1638
f 1655/1411/1655 1407/1141/1407 1322/1170/1322
f 1551/1337/1551 1546/1334/1546 1322/1024/1322
f 1554/1339/1554 1551/1337/1551 1321/1023/1321
f 1558/1342/1558 1554/1339/1554 1325/1028/1325
f 1558/1342/1558 1328/1032/1328 1331/1036/1331
f 1563/1346/1563 1557/1341/1557 1331/1036/1331
f 1563/1346/1563 1334/1040/1334 1340/1048/1340
f 1573/1352/1573 1566/1347/1566 1343/1052/1343
f 1573/1352/1573 1342/1051/1342 1349/1060/1349
f 1579/1356/1579 1572/1351/1572 1349/1060/1349
f 1579/1356/1579 1352/1064/1352 1355/1068/1355
f 1578/1355/1578 1355/1068/1355 1358/1072/1358
f 1581/1357/1581 1358/1072/1358 1428/1414/1428
f 1639/1399/1639 1584/1412/1584 1428/1172/1428
f 1306/1011/1306 1286/997/1286 1360/1075/1360
f 1587/1363/1587 1360/1079/1360 1366/1084/1366
f 1592/1366/1592 1366/1084/1366 1369/1088/1369
f 1595/1368/1595 1369/1088/1369 1372/1092/1372
f 1599/1371/1599 1372/1092/1372 1375/1096/1375
f 1598/1370/1598 1375/1096/1375 1378/1100/1378
f 1601/1372/1601 1378/1100/1378 1381/1104/1381
f 1604/1374/1604 1381/1104/1381 1384/1108/1384
f 1616/1382/1616 1610/1378/1610 1387/1112/1387
f 1619/1384/1619 1616/1382/1616 1386/1111/1386
f 1622/1386/1622 1619/1384/1619 1390/1116/1390
f 1626/1389/1626 1622/1386/1622 1393/1120/1393
f 1625/1388/1625 1626/1389/1626 1396/1124/1396
f 1628/1390/1628 1625/1388/1625 1399/1128/1399
f 1543/1392/1543 1628/1390/1628 1402/1132/1402
f 1296/1008/1296 1543/1332/1543 1317/1017/1317
f 1655/1411/1655 1632/1394/1632 1408/1142/1408
f 1639/1399/1639 1413/1147/1413 1416/1152/1416
f 1292/1005/1292 1267/975/1267 1476/1237/1476
f 1534/1315/1534 1528/1307/1528 1676/1417/1676
f 1528/1307/1528 1529/1308/1529 1676/1417/1676
f 1676/1417/1676 1473/1174/1473 1534/1315/1534
f 1291/1004/1291 1417/1153/1417 1532/1313/1532
f 1279/991/1279 1316/1015/1316 1431/1177/1431
f 1675/1415/1675 1520/1297/1520 1535/1317/1535
f 1535/1317/1535 1538/1321/1538 1675/1415/1675
f 1538/1321/1538 1275/985/1275 1429/1174/1429
f 1284/996/1284 1277/988/1277 1540/1325/1540
f 1323/1025/1323 1318/1019/1318 1436/1182/1436
f 1434/1180/1434 1514/1287/1514 1511/1283/1511
f 1514/1292/1514 1434/1426/1434 1675/1415/1675
f 1434/1426/1434 1518/1295/1518 1675/1415/1675
f 1318/1019/1318 1427/1168/1427 1541/1328/1541
f 1326/1029/1326 1323/1025/1323 1439/1187/1439
f 1432/1178/1432 1511/1283/1511 1508/1279/1508
f 1329/1033/1329 1326/1029/1326 1442/1191/1442
f 1437/1184/1437 1508/1279/1508 1505/1275/1505
f 1332/1037/1332 1329/1033/1329 1445/1195/1445
f 1440/1188/1440 1505/1275/1505 1502/1271/1502
f 1336/1042/1336 1332/1037/1332 1448/1199/1448
f 1443/1192/1443 1502/1271/1502 1499/1267/1499
f 1336/1042/1336 1451/1203/1451 1454/1207/1454
f 1446/1196/1446 1499/1267/1499 1495/1263/1495
f 1335/1041/1335 1454/1207/1454 1453/1206/1453
f 1449/1200/1449 1495/1263/1495 1496/1264/1496
f 1345/1054/1345 1338/1045/1338 1453/1206/1453
f 1458/1212/1458 1452/1204/1452 1496/1264/1496
f 1345/1054/1345 1457/1211/1457 1460/1215/1460
f 1461/1216/1461 1458/1212/1458 1493/1259/1493
f 1344/1053/1344 1460/1215/1460 1463/1219/1463
f 1464/1220/1464 1461/1216/1461 1490/1255/1490
f 1347/1057/1347 1463/1219/1463 1466/1223/1466
f 1467/1224/1467 1464/1220/1464 1487/1251/1487
f 1350/1061/1350 1466/1223/1466 1469/1227/1469
f 1470/1228/1470 1467/1224/1467 1483/1247/1483
f 1353/1065/1353 1469/1227/1469 1472/1231/1472
f 1542/1416/1542 1470/1228/1470 1480/1243/1480
f 1676/1417/1676 1523/1301/1523 1542/1330/1542
f 1542/1330/1542 1477/1292/1477 1676/1417/1676
f 1356/1069/1356 1472/1231/1472 1527/1306/1527
f 1362/1077/1362 1476/1237/1476 1479/1242/1479
f 1361/1076/1361 1479/1242/1479 1482/1246/1482
f 1364/1081/1364 1482/1246/1482 1486/1250/1486
f 1367/1085/1367 1486/1250/1486 1485/1249/1485
f 1370/1089/1370 1485/1249/1485 1489/1254/1489
f 1373/1093/1373 1489/1254/1489 1492/1258/1492
f 1376/1097/1376 1492/1258/1492 1498/1266/1498
f 1379/1101/1379 1498/1266/1498 1501/1270/1501
f 1388/1113/1388 1382/1105/1382 1501/1270/1501
f 1391/1117/1391 1388/1113/1388 1500/1269/1500
f 1394/1121/1394 1391/1117/1391 1507/1278/1507
f 1397/1125/1397 1394/1121/1394 1510/1282/1510
f 1400/1129/1400 1397/1125/1397 1513/1286/1513
f 1403/1133/1403 1400/1129/1400 1512/1285/1512
f 1316/1418/1316 1403/1133/1403 1516/1290/1516
f 1414/1149/1414 1533/1314/1533 1532/1313/1532
f 1409/1143/1409 1526/1305/1526 1533/1314/1533
f 1404/1137/1404 1421/1160/1421 1537/1320/1537
f 1421/1160/1421 1426/1166/1426 1540/1325/1540
f 1427/1168/1427 1404/1137/1404 1522/1299/1522
f 1411/1145/1411 1527/1306/1527 1526/1305/1526
f 1296/1008/1296 1285/997/1285 1425/1165/1425
f 1562/1345/1562 1340/1048/1340 1343/1052/1343
f 1306/1011/1306 1644/1402/1644 1420/1159/1420
f 1607/1376/1607 1384/1108/1384 1387/1112/1387
f 1650/1406/1650 1423/1162/1423 1408/1142/1408
f 1645/1403/1645 1637/1397/1637 1416/1152/1416
f 1644/1402/1644 1645/1403/1645 1415/1151/1415
f 1652/1407/1652 1425/1165/1425 1423/1162/1423
usemtl mat2
f 1161/1430/1161 1162/1431/1162 1163/1432/1163
f 1164/1433/1164 1165/1434/1165 1166/1435/1166
f 1167/1436/1167 1166/1435/1166 1168/1437/1168
f 1169/1438/1169 1168/1437/1168 1170/1439/1170
f 1171/1440/1171 1170/1439/1170 1172/1441/1172
f 1173/1442/1173 1174/1443/1174 1175/1444/1175
f 1175/1445/1175 1174/1446/1174 1176/1447/1176
f 1177/1448/1177 1178/1449/1178 1173/1442/1173
f 1179/1450/1179 1180/1451/1180 1177/1448/1177
f 1181/1452/1181 1182/1453/1182 1179/1450/1179
f 1183/1454/1183 1184/1455/1184 1181/1452/1181
f 1185/1456/1185 1186/1457/1186 1183/1454/1183
f 1185/1456/1185 1187/1458/1187 1188/1459/1188
f 1189/1460/1189 1190/1461/1190 1165/1434/1165
f 1191/1462/1191 1192/1463/1192 1190/1461/1190
f 1193/1464/1193 1194/1465/1194 1195/1466/1195
f 1195/1466/1195 1165/1434/1165 1190/1461/1190
f 1196/1467/1196 1197/1468/1197 1194/1465/1194
f 1194/1465/1194 1166/1435/1166 1165/1434/1165
f 1198/1469/1198 1199/1470/1199 1197/1468/1197
f 1197/1468/1197 1168/1437/1168 1166/1435/1166
f 1200/1471/1200 1201/1472/1201 1199/1470/1199
f 1199/1470/1199 1170/1439/1170 1168/1437/1168
f 1202/1473/1202 1203/1474/1203 1201/1472/1201
f 1201/1472/1201 1172/1441/1172 1170/1439/1170
f 1204/1475/1204 1203/1474/1203 1205/1476/1205
f 1206/1477/1206 1172/1441/1172 1203/1474/1203
f 1207/1478/1207 1206/1477/1206 1204/1475/1204
f 1208/1479/1208 1209/1480/1209 1206/1477/1206
f 1207/1481/1207 1210/1482/1210 1208/1483/1208
f 1208/1483/1208 1175/1444/1175 1211/1484/1211
f 1212/1485/1212 1210/1482/1210 1213/1486/1213
f 1214/1487/1214 1175/1444/1175 1210/1482/1210
f 1215/1488/1215 1214/1487/1214 1212/1485/1212
f 1216/1489/1216 1173/1442/1173 1214/1487/1214
f 1217/1490/1217 1216/1489/1216 1215/1488/1215
f 1218/1491/1218 1177/1448/1177 1216/1489/1216
f 1219/1492/1219 1218/1491/1218 1217/1490/1217
f 1220/1493/1220 1179/1450/1179 1218/1491/1218
f 1221/1494/1221 1220/1493/1220 1219/1492/1219
f 1222/1495/1222 1181/1452/1181 1220/1493/1220
f 1223/1496/1223 1224/1497/1224 1225/1498/1225
f 1225/1498/1225 1186/1457/1186 1226/1499/1226
f 1227/1500/1227 1228/1501/1228 1224/1497/1224
f 1224/1497/1224 1184/1455/1184 1186/1457/1186
f 1229/1502/1229 1230/1503/1230 1228/1501/1228
f 1230/1503/1230 1184/1455/1184 1228/1501/1228
f 1231/1504/1231 1230/1503/1230 1232/1505/1232
f 1233/1506/1233 1182/1453/1182 1230/1503/1230
f 1234/1507/1234 1233/1506/1233 1231/1504/1231
f 1235/1508/1235 1180/1451/1180 1233/1506/1233
f 1236/1509/1236 1235/1508/1235 1234/1507/1234
f 1237/1510/1237 1178/1449/1178 1235/1508/1235
f 1238/1511/1238 1237/1510/1237 1236/1509/1236
f 1239/1512/1239 1174/1443/1174 1237/1510/1237
f 1240/1513/1240 1239/1514/1239 1238/1515/1238
f 1239/1514/1239 1241/1516/1241 1176/1517/1176
f 1240/1518/1240 1242/1519/1242 1243/1520/1243
f 1243/1520/1243 1171/1440/1171 1241/1521/1241
f 1244/1522/1244 1245/1523/1245 1242/1519/1242
f 1242/1519/1242 1169/1438/1169 1171/1440/1171
f 1246/1524/1246 1247/1525/1247 1245/1523/1245
f 1245/1523/1245 1167/1436/1167 1169/1438/1169
f 1248/1526/1248 1249/1527/1249 1247/1525/1247
f 1247/1525/1247 1164/1433/1164 1167/1436/1167
f 1250/1528/1250 1249/1527/1249 1251/1529/1251
f 1249/1527/1249 1189/1460/1189 1164/1433/1164
f 1252/1530/1252 1253/1531/1253 1250/1528/1250
f 1254/1532/1254 1189/1460/1189 1253/1531/1253
f 1255/1533/1255 1254/1532/1254 1252/1530/1252
f 1256/1534/1256 1191/1462/1191 1254/1532/1254
f 1257/1535/1257 1258/1536/1258 1259/1537/1259
f 1259/1537/1259 1192/1463/1192 1163/1432/1163
f 1260/1538/1260 1261/1539/1261 1262/1540/1262
f 1263/1541/1263 1185/1456/1185 1261/1539/1261
f 1264/1542/1264 1195/1466/1195 1258/1536/1258
f 1258/1536/1258 1190/1461/1190 1192/1463/1192
f 1262/1540/1262 1222/1495/1222 1221/1494/1221
f 1261/1539/1261 1183/1454/1183 1222/1495/1222
f 1293/1543/1293 1294/1544/1294 1295/1545/1295
f 1295/1545/1295 1298/1546/1298 1299/1547/1299
f 1300/1548/1300 1301/1549/1301 1302/1550/1302
f 1303/1551/1303 1304/1552/1304 1305/1553/1305
f 1307/1554/1307 1308/1555/1308 1309/1556/1309
f 1308/1555/1308 1310/1557/1310 1309/1558/1309
f 1311/1559/1311 1312/1560/1312 1313/1561/1313
f 1312/1560/1312 1314/1562/1314 1313/1563/1313
f 1544/1564/1544 1293/1543/1293 1545/1565/1545
f 1548/1566/1548 1549/1567/1549 1550/1568/1550
f 1547/1569/1547 1553/1570/1553 1549/1567/1549
f 1552/1571/1552 1556/1572/1556 1553/1570/1553
f 1559/1573/1559 1556/1572/1556 1555/1574/1555
f 1560/1575/1560 1561/1576/1561 1559/1573/1559
f 1564/1577/1564 1565/1578/1565 1560/1575/1560
f 1564/1577/1564 1567/1579/1567 1568/1580/1568
f 1570/1581/1570 1571/1582/1571 1567/1583/1567
f 1569/1584/1569 1574/1585/1574 1571/1582/1571
f 1576/1586/1576 1577/1587/1577 1574/1585/1574
f 1580/1588/1580 1577/1587/1577 1575/1589/1575
f 1582/1590/1582 1583/1591/1583 1580/1588/1580
f 1585/1592/1585 1586/1593/1586 1582/1590/1582
f 1588/1594/1588 1300/1548/1300 1302/1550/1302
f 1588/1594/1588 1590/1595/1590 1591/1596/1591
f 1589/1597/1589 1594/1598/1594 1590/1595/1590
f 1593/1599/1593 1597/1600/1597 1594/1598/1594
f 1600/1601/1600 1597/1600/1597 1596/1602/1596
f 1602/1603/1602 1603/1604/1603 1600/1601/1600
f 1605/1605/1605 1606/1606/1606 1602/1603/1602
f 1608/1607/1608 1609/1608/1609 1605/1605/1605
f 1608/1609/1608 1611/1610/1611 1612/1611/1612
f 1614/1612/1614 1615/1613/1615 1611/1614/1611
f 1613/1615/1613 1618/1616/1618 1615/1613/1615
f 1617/1617/1617 1621/1618/1621 1618/1616/1618
f 1620/1619/1620 1624/1620/1624 1621/1618/1621
f 1627/1621/1627 1624/1620/1624 1623/1622/1623
f 1629/1623/1629 1630/1624/1630 1627/1621/1627
f 1544/1625/1544 1631/1626/1631 1629/1623/1629
f 1634/1627/1634 1635/1628/1635 1636/1629/1636
f 1640/1630/1640 1641/1631/1641 1638/1632/1638
f 1642/1633/1642 1643/1634/1643 1640/1630/1640
f 1646/1635/1646 1647/1636/1647 1642/1633/1642
f 1646/1635/1646 1305/1553/1305 1648/1637/1648
f 1649/1638/1649 1636/1629/1636 1651/1639/1651
f 1653/1640/1653 1299/1547/1299 1298/1546/1298
f 1653/1640/1653 1651/1639/1651 1654/1641/1654
f 1633/1642/1633 1550/1568/1550 1635/1628/1635
f 1638/1632/1638 1656/1643/1656 1585/1592/1585
f 1657/1644/1657 1658/1645/1658 1659/1646/1659
f 1659/1646/1659 1660/1647/1660 1661/1648/1661
f 1662/1649/1662 1663/1650/1663 1664/1651/1664
f 1665/1652/1665 1666/1653/1666 1663/1650/1663
f 1310/1654/1310 1667/1655/1667 1668/1656/1668
f 1308/1657/1308 1669/1658/1669 1667/1655/1667
f 1668/1656/1668 1663/1650/1663 1666/1653/1666
f 1667/1655/1667 1664/1651/1664 1663/1650/1663
f 1670/1659/1670 1658/1645/1658 1671/1660/1671
f 1671/1660/1671 1672/1661/1672 1673/1662/1673
f 1311/1559/1311 1671/1660/1671 1312/1663/1312
f 1312/1663/1312 1673/1662/1673 1314/1664/1314
f 1305/1553/1305 1665/1652/1665 1662/1649/1662
f 1304/1552/1304 1674/1665/1674 1665/1652/1665
f 1299/1547/1299 1659/1666/1659 1295/1545/1295
f 1295/1545/1295 1661/1667/1661 1293/1543/1293
f 1196/1467/1196 1550/1568/1550 1549/1567/1549
f 1193/1464/1193 1635/1628/1635 1550/1568/1550
f 1198/1469/1198 1549/1567/1549 1553/1570/1553
f 1200/1471/1200 1553/1570/1553 1556/1572/1556
f 1200/1471/1200 1561/1576/1561 1202/1473/1202
f 1202/1473/1202 1565/1578/1565 1205/1476/1205
f 1205/1476/1205 1568/1580/1568 1204/1475/1204
f 1213/1486/1213 1567/1583/1567 1571/1582/1571
f 1212/1485/1212 1571/1582/1571 1574/1585/1574
f 1215/1488/1215 1574/1585/1574 1577/1587/1577
f 1215/1488/1215 1583/1591/1583 1217/1490/1217
f 1217/1490/1217 1586/1593/1586 1219/1492/1219
f 1219/1492/1219 1656/1643/1656 1221/1494/1221
f 1221/1494/1221 1641/1631/1641 1262/1540/1262
f 1674/1665/1674 1591/1596/1591 1223/1496/1223
f 1227/1500/1227 1591/1596/1591 1590/1595/1590
f 1229/1502/1229 1590/1595/1590 1594/1598/1594
f 1232/1505/1232 1594/1598/1594 1597/1600/1597
f 1232/1505/1232 1603/1604/1603 1231/1504/1231
f 1231/1504/1231 1606/1606/1606 1234/1507/1234
f 1234/1507/1234 1609/1608/1609 1236/1509/1236
f 1236/1509/1236 1612/1668/1612 1238/1511/1238
f 1244/1522/1244 1611/1614/1611 1615/1613/1615
f 1246/1524/1246 1615/1613/1615 1618/1616/1618
f 1248/1526/1248 1618/1616/1618 1621/1618/1621
f 1251/1529/1251 1621/1618/1621 1624/1620/1624
f 1251/1529/1251 1630/1624/1630 1250/1528/1250
f 1250/1528/1250 1631/1626/1631 1252/1530/1252
f 1252/1530/1252 1545/1669/1545 1255/1533/1255
f 1661/1667/1661 1545/1565/1545 1293/1543/1293
f 1264/1542/1264 1636/1629/1636 1635/1628/1635
f 1262/1540/1262 1643/1634/1643 1260/1538/1260
f 1657/1670/1657 1654/1641/1654 1677/1671/1677
f 1204/1475/1204 1567/1579/1567 1207/1478/1207
f 1662/1649/1662 1648/1637/1648 1305/1553/1305
f 1238/1515/1238 1611/1610/1611 1240/1513/1240
f 1257/1535/1257 1651/1639/1651 1636/1629/1636
f 1260/1538/1260 1647/1636/1647 1678/1672/1678
f 1678/1672/1678 1648/1637/1648 1679/1673/1679
f 1680/1674/1680 1654/1641/1654 1651/1639/1651
f 1679/1673/1679 1664/1651/1664 1669/1658/1669
f 1674/1665/1674 1225/1498/1225 1666/1653/1666
f 1225/1498/1225 1681/1675/1681 1666/1653/1666
f 1668/1656/1668 1681/1675/1681 1188/1459/1188
f 1661/1648/1661 1256/1534/1256 1255/1533/1255
f 1677/1671/1677 1672/1661/1672 1657/1644/1657
f 1256/1534/1256 1682/1676/1682 1683/1677/1683
f 1670/1659/1670 1682/1676/1682 1660/1647/1660
f 1679/1673/1679 1307/1554/1307 1678/1672/1678
f 1668/1656/1668 1684/1678/1684 1310/1654/1310
f 1678/1672/1678 1309/1556/1309 1263/1541/1263
f 1309/1556/1309 1310/1654/1310 1684/1678/1684
f 1677/1671/1677 1314/1664/1314 1673/1662/1673
f 1313/1561/1313 1680/1674/1680 1259/1537/1259
f 1259/1537/1259 1163/1432/1163 1162/1431/1162
f 1670/1659/1670 1162/1431/1162 1161/1430/1161
f 1163/1432/1163 1192/1463/1192 1161/1430/1161
f 1192/1463/1192 1683/1677/1683 1161/1430/1161
f 1683/1677/1683 1682/1676/1682 1161/1430/1161
f 1164/1433/1164 1189/1460/1189 1165/1434/1165
f 1167/1436/1167 1164/1433/1164 1166/1435/1166
f 1169/1438/1169 1167/1436/1167 1168/1437/1168
f 1171/1440/1171 1169/1438/1169 1170/1439/1170
f 1173/1442/1173 1178/1449/1178 1174/1443/1174
f 1241/1679/1241 1171/1680/1171 1172/1441/1172
f 1172/1441/1172 1209/1480/1209 1241/1679/1241
f 1209/1480/1209 1211/1681/1211 1241/1679/1241
f 1241/1679/1241 1211/1681/1211 1176/1447/1176
f 1211/1681/1211 1175/1445/1175 1176/1447/1176
f 1177/1448/1177 1180/1451/1180 1178/1449/1178
f 1179/1450/1179 1182/1453/1182 1180/1451/1180
f 1181/1452/1181 1184/1455/1184 1182/1453/1182
f 1183/1454/1183 1186/1457/1186 1184/1455/1184
f 1185/1456/1185 1226/1499/1226 1186/1457/1186
f 1187/1458/1187 1684/1678/1684 1188/1459/1188
f 1188/1459/1188 1681/1675/1681 1226/1499/1226
f 1226/1499/1226 1185/1456/1185 1188/1459/1188
f 1189/1460/1189 1191/1462/1191 1190/1461/1190
f 1191/1462/1191 1683/1677/1683 1192/1463/1192
f 1193/1464/1193 1196/1467/1196 1194/1465/1194
f 1195/1466/1195 1194/1465/1194 1165/1434/1165
f 1196/1467/1196 1198/1469/1198 1197/1468/1197
f 1194/1465/1194 1197/1468/1197 1166/1435/1166
f 1198/1469/1198 1200/1471/1200 1199/1470/1199
f 1197/1468/1197 1199/1470/1199 1168/1437/1168
f 1200/1471/1200 1202/1473/1202 1201/1472/1201
f 1199/1470/1199 1201/1472/1201 1170/1439/1170
f 1202/1473/1202 1205/1476/1205 1203/1474/1203
f 1201/1472/1201 1203/1474/1203 1172/1441/1172
f 1204/1475/1204 1206/1477/1206 1203/1474/1203
f 1206/1477/1206 1209/1480/1209 1172/1441/1172
f 1207/1478/1207 1208/1479/1208 1206/1477/1206
f 1208/1479/1208 1211/1681/1211 1209/1480/1209
f 1207/1481/1207 1213/1486/1213 1210/1482/1210
f 1208/1483/1208 1210/1482/1210 1175/1444/1175
f 1212/1485/1212 1214/1487/1214 1210/1482/1210
f 1214/1487/1214 1173/1442/1173 1175/1444/1175
f 1215/1488/1215 1216/1489/1216 1214/1487/1214
f 1216/1489/1216 1177/1448/1177 1173/1442/1173
f 1217/1490/1217 1218/1491/1218 1216/1489/1216
f 1218/1491/1218 1179/1450/1179 1177/1448/1177
f 1219/1492/1219 1220/1493/1220 1218/1491/1218
f 1220/1493/1220 1181/1452/1181 1179/1450/1179
f 1221/1494/1221 1222/1495/1222 1220/1493/1220
f 1222/1495/1222 1183/1454/1183 1181/1452/1181
f 1223/1496/1223 1227/1500/1227 1224/1497/1224
f 1225/1498/1225 1224/1497/1224 1186/1457/1186
f 1227/1500/1227 1229/1502/1229 1228/1501/1228
f 1224/1497/1224 1228/1501/1228 1184/1455/1184
f 1229/1502/1229 1232/1505/1232 1230/1503/1230
f 1230/1503/1230 1182/1453/1182 1184/1455/1184
f 1231/1504/1231 1233/1506/1233 1230/1503/1230
f 1233/1506/1233 1180/1451/1180 1182/1453/1182
f 1234/1507/1234 1235/1508/1235 1233/1506/1233
f 1235/1508/1235 1178/1449/1178 1180/1451/1180
f 1236/1509/1236 1237/1510/1237 1235/1508/1235
f 1237/1510/1237 1174/1443/1174 1178/1449/1178
f 1238/1511/1238 1239/1512/1239 1237/1510/1237
f 1239/1512/1239 1176/1682/1176 1174/1443/1174
f 1240/1513/1240 1243/1683/1243 1239/1514/1239
f 1239/1514/1239 1243/1683/1243 1241/1516/1241
f 1240/1518/1240 1244/1522/1244 1242/1519/1242
f 1243/1520/1243 1242/1519/1242 1171/1440/1171
f 1244/1522/1244 1246/1524/1246 1245/1523/1245
f 1242/1519/1242 1245/1523/1245 1169/1438/1169
f 1246/1524/1246 1248/1526/1248 1247/1525/1247
f 1245/1523/1245 1247/1525/1247 1167/1436/1167
f 1248/1526/1248 1251/1529/1251 1249/1527/1249
f 1247/1525/1247 1249/1527/1249 1164/1433/1164
f 1250/1528/1250 1253/1531/1253 1249/1527/1249
f 1249/1527/1249 1253/1531/1253 1189/1460/1189
f 1252/1530/1252 1254/1532/1254 1253/1531/1253
f 1254/1532/1254 1191/1462/1191 1189/1460/1189
f 1255/1533/1255 1256/1534/1256 1254/1532/1254
f 1256/1534/1256 1683/1677/1683 1191/1462/1191
f 1257/1535/1257 1264/1542/1264 1258/1536/1258
f 1259/1537/1259 1258/1536/1258 1192/1463/1192
f 1260/1538/1260 1263/1541/1263 1261/1539/1261
f 1263/1541/1263 1187/1458/1187 1185/1456/1185
f 1264/1542/1264 1193/1464/1193 1195/1466/1195
f 1258/1536/1258 1195/1466/1195 1190/1461/1190
f 1262/1540/1262 1261/1539/1261 1222/1495/1222
f 1261/1539/1261 1185/1456/1185 1183/1454/1183
f 1293/1543/1293 1297/1684/1297 1294/1544/1294
f 1295/1545/1295 1294/1544/1294 1298/1546/1298
f 1300/1548/1300 1304/1552/1304 1301/1549/1301
f 1303/1551/1303 1301/1549/1301 1304/1552/1304
f 1544/1564/1544 1297/1684/1297 1293/1543/1293
f 1548/1566/1548 1547/1569/1547 1549/1567/1549
f 1547/1569/1547 1552/1571/1552 1553/1570/1553
f 1552/1571/1552 1555/1574/1555 1556/1572/1556
f 1559/1573/1559 1561/1576/1561 1556/1572/1556
f 1560/1575/1560 1565/1578/1565 1561/1576/1561
f 1564/1577/1564 1568/1580/1568 1565/1578/1565
f 1564/1577/1564 1570/1685/1570 1567/1579/1567
f 1570/1581/1570 1569/1584/1569 1571/1582/1571
f 1569/1584/1569 1576/1586/1576 1574/1585/1574
f 1576/1586/1576 1575/1589/1575 1577/1587/1577
f 1580/1588/1580 1583/1591/1583 1577/1587/1577
f 1582/1590/1582 1586/1593/1586 1583/1591/1583
f 1585/1592/1585 1656/1643/1656 1586/1593/1586
f 1588/1594/1588 1591/1596/1591 1300/1548/1300
f 1588/1594/1588 1589/1597/1589 1590/1595/1590
f 1589/1597/1589 1593/1599/1593 1594/1598/1594
f 1593/1599/1593 1596/1602/1596 1597/1600/1597
f 1600/1601/1600 1603/1604/1603 1597/1600/1597
f 1602/1603/1602 1606/1606/1606 1603/1604/1603
f 1605/1605/1605 1609/1608/1609 1606/1606/1606
f 1608/1607/1608 1612/1668/1612 1609/1608/1609
f 1608/1609/1608 1614/1686/1614 1611/1610/1611
f 1614/1612/1614 1613/1615/1613 1615/1613/1615
f 1613/1615/1613 1617/1617/1617 1618/1616/1618
f 1617/1617/1617 1620/1619/1620 1621/1618/1621
f 1620/1619/1620 1623/1622/1623 1624/1620/1624
f 1627/1621/1627 1630/1624/1630 1624/1620/1624
f 1629/1623/1629 1631/1626/1631 1630/1624/1630
f 1544/1625/1544 1545/1669/1545 1631/1626/1631
f 1634/1627/1634 1633/1642/1633 1635/1628/1635
f 1640/1630/1640 1643/1634/1643 1641/1631/1641
f 1642/1633/1642 1647/1636/1647 1643/1634/1643
f 1646/1635/1646 1648/1637/1648 1647/1636/1647
f 1646/1635/1646 1303/1551/1303 1305/1553/1305
f 1649/1638/1649 1634/1627/1634 1636/1629/1636
f 1653/1640/1653 1654/1641/1654 1299/1547/1299
f 1653/1640/1653 1649/1638/1649 1651/1639/1651
f 1633/1642/1633 1548/1566/1548 1550/1568/1550
f 1638/1632/1638 1641/1631/1641 1656/1643/1656
f 1657/1644/1657 1672/1661/1672 1658/1645/1658
f 1659/1646/1659 1658/1645/1658 1660/1647/1660
f 1662/1649/1662 1665/1652/1665 1663/1650/1663
f 1665/1652/1665 1674/1665/1674 1666/1653/1666
f 1310/1654/1310 1308/1657/1308 1667/1655/1667
f 1308/1657/1308 1307/1554/1307 1669/1658/1669
f 1668/1656/1668 1667/1655/1667 1663/1650/1663
f 1667/1655/1667 1669/1658/1669 1664/1651/1664
f 1670/1659/1670 1660/1647/1660 1658/1645/1658
f 1671/1660/1671 1658/1645/1658 1672/1661/1672
f 1311/1559/1311 1670/1659/1670 1671/1660/1671
f 1312/1663/1312 1671/1660/1671 1673/1662/1673
f 1305/1553/1305 1304/1552/1304 1665/1652/1665
f 1304/1552/1304 1300/1548/1300 1674/1665/1674
f 1299/1547/1299 1657/1670/1657 1659/1666/1659
f 1295/1545/1295 1659/1666/1659 1661/1667/1661
f 1196/1467/1196 1193/1464/1193 1550/1568/1550
f 1193/1464/1193 1264/1542/1264 1635/1628/1635
f 1198/1469/1198 1196/1467/1196 1549/1567/1549
f 1200/1471/1200 1198/1469/1198 1553/1570/1553
f 1200/1471/1200 1556/1572/1556 1561/1576/1561
f 1202/1473/1202 1561/1576/1561 1565/1578/1565
f 1205/1476/1205 1565/1578/1565 1568/1580/1568
f 1213/1486/1213 1207/1481/1207 1567/1583/1567
f 1212/1485/1212 1213/1486/1213 1571/1582/1571
f 1215/1488/1215 1212/1485/1212 1574/1585/1574
f 1215/1488/1215 1577/1587/1577 1583/1591/1583
f 1217/1490/1217 1583/1591/1583 1586/1593/1586
f 1219/1492/1219 1586/1593/1586 1656/1643/1656
f 1221/1494/1221 1656/1643/1656 1641/1631/1641
f 1674/1665/1674 1300/1548/1300 1591/1596/1591
f 1227/1500/1227 1223/1496/1223 1591/1596/1591
f 1229/1502/1229 1227/1500/1227 1590/1595/1590
f 1232/1505/1232 1229/1502/1229 1594/1598/1594
f 1232/1505/1232 1597/1600/1597 1603/1604/1603
f 1231/1504/1231 1603/1604/1603 1606/1606/1606
f 1234/1507/1234 1606/1606/1606 1609/1608/1609
f 1236/1509/1236 1609/1608/1609 1612/1668/1612
f 1244/1522/1244 1240/1518/1240 1611/1614/1611
f 1246/1524/1246 1244/1522/1244 1615/1613/1615
f 1248/1526/1248 1246/1524/1246 1618/1616/1618
f 1251/1529/1251 1248/1526/1248 1621/1618/1621
f 1251/1529/1251 1624/1620/1624 1630/1624/1630
f 1250/1528/1250 1630/1624/1630 1631/1626/1631
f 1252/1530/1252 1631/1626/1631 1545/1669/1545
f 1661/1667/1661 1255/1687/1255 1545/1565/1545
f 1264/1542/1264 1257/1535/1257 1636/1629/1636
f 1262/1540/1262 1641/1631/1641 1643/1634/1643
f 1657/1670/1657 1299/1547/1299 1654/1641/1654
f 1204/1475/1204 1568/1580/1568 1567/1579/1567
f 1662/1649/1662 1679/1673/1679 1648/1637/1648
f 1238/1515/1238 1612/1611/1612 1611/1610/1611
f 1257/1535/1257 1680/1674/1680 1651/1639/1651
f 1260/1538/1260 1643/1634/1643 1647/1636/1647
f 1678/1672/1678 1647/1636/1647 1648/1637/1648
f 1680/1674/1680 1677/1671/1677 1654/1641/1654
f 1679/1673/1679 1662/1649/1662 1664/1651/1664
f 1674/1665/1674 1223/1496/1223 1225/1498/1225
f 1225/1498/1225 1226/1499/1226 1681/1675/1681
f 1668/1656/1668 1666/1653/1666 1681/1675/1681
f 1661/1648/1661 1660/1647/1660 1256/1534/1256
f 1677/1671/1677 1673/1662/1673 1672/1661/1672
f 1256/1534/1256 1660/1647/1660 1682/1676/1682
f 1670/1659/1670 1161/1430/1161 1682/1676/1682
f 1679/1673/1679 1669/1658/1669 1307/1554/1307
f 1668/1656/1668 1188/1459/1188 1684/1678/1684
f 1263/1541/1263 1260/1538/1260 1678/1672/1678
f 1678/1672/1678 1307/1554/1307 1309/1556/1309
f 1187/1458/1187 1263/1541/1263 1684/1678/1684
f 1263/1541/1263 1309/1556/1309 1684/1678/1684
f 1677/1671/1677 1680/1674/1680 1314/1664/1314
f 1314/1664/1314 1680/1674/1680 1313/1561/1313
f 1680/1674/1680 1257/1535/1257 1259/1537/1259
f 1162/1431/1162 1311/1559/1311 1313/1561/1313
f 1313/1561/1313 1259/1537/1259 1162/1431/1162
f 1670/1659/1670 1311/1559/1311 1162/1431/1162
# Vertices: 524, normals: 524, texture coordinates: 715, faces: 1044

o obj3
v 0.07755475 1.17729926 2.1467104
v 0.13347088 1.17299581 2.3766644
v 0.0822368 1.1742239 2.14477515
v 0.12940529 1.17602825 2.38112354
v 0.17790219 1.16966653 2.57814622
v 0.13695347 1.16900373 2.3699677
v 0.08690651 1.17011571 2.14283395
v 0.17852634 1.16603398 2.55991721
v 0.01991947 1.18118262 1.90535116
v 0.02389016 1.17748094 1.90412927
v 0.07375841 1.18099952 2.14871502
v 0.12584351 1.17971873 2.38415098
v 0.1751436 1.1725781 2.58795118
v 0.17189808 1.17624164 2.59232759
v 0.21059591 1.16586208 2.74825144
v 0.21199346 1.1631999 2.73263192
v 0.20894429 1.16038704 2.69882369
v 0.20280598 1.15761924 2.65800142
v 0.17941587 1.16029286 2.54741812
v 0.14011808 1.1624465 2.36587334
v 0.09083478 1.16331959 2.14151669
v 0.03359852 1.17027473 1.90174007
v 0.0376397 1.16344428 1.90083683
v 0.02873259 1.17439914 1.90288162
v -0.5272457 1.00403738 2.29129815
v -0.45295009 1.12844419 2.52528501
v -0.51639885 1.12861443 2.28856301
v -0.4629465 1.00401616 2.5301795
v -0.37836319 1.1280787 2.72663927
v -0.42552283 1.18225479 2.51346779
v -0.48692033 1.1827724 2.28132296
v -0.35663614 1.18110085 2.70366263
v -0.5856145 0.7761091 2.0422833
v -0.58404762 1.00404048 2.04193664
v -0.52879536 0.7761091 2.29168892
v -0.46437448 0.7761091 2.53087854
v -0.38621745 1.0039705 2.73652196
v -0.38733947 0.7761091 2.73793387
v -0.29203123 1.0039432 2.88876605
v -0.28750685 1.12785983 2.87358308
v -0.27634734 1.18029928 2.83613396
v -0.26249173 1.19359493 2.78963757
v -0.31069446 1.1963532 2.68087769
v -0.37062448 1.19857502 2.49787307
v -0.42932886 1.19947577 2.26815081
v -0.4853313 1.19960427 2.02009773
v -0.5433076 1.18284607 2.0329237
v -0.57307905 1.12863898 2.03951001
v -0.41351447 1.20737505 0.87272298
v -0.49977618 1.2091794 1.00286567
v -0.39000195 1.20868063 0.97984749
v -0.53601855 1.20448399 0.81785488
v -0.52192241 1.20791435 0.89601856
v -0.62803131 1.20514679 0.92076284
v -0.60910583 1.20629382 1.02677584
v -0.63471729 1.20208383 0.84488666
v -0.29858443 1.20534849 0.9622848
v -0.35944325 1.20886707 1.11809993
v -0.26808774 1.20553517 1.10013628
v -0.32222706 1.20404077 0.85541481
v -0.33971247 1.20049071 0.77637696
v -0.35173753 1.19357777 0.7220211
v -0.43061841 1.20383167 0.79360378
v -0.54580408 1.19782162 0.76495421
v -0.638515 1.19625902 0.79600704
v -0.69759446 1.19359469 0.82287854
v -0.71220148 1.1963532 0.86597806
v -0.71504122 1.19857502 0.94103414
v -0.69951659 1.19947577 1.04684293
v -0.57914573 1.20645785 1.16512549
v -0.67004019 1.19960427 1.18517315
v -0.46937135 1.20936012 1.14126527
v -0.119985 -1.16565514 2.20038438
v -0.1751675 -1.16548133 2.46342778
v -0.22944163 -1.16645503 2.22483826
v -0.06654099 -1.16464996 2.44112039
v -0.12620392 -1.16284084 2.67030764
v -0.28268233 -1.1635046 2.48181701
v -0.33881983 -1.16438746 2.24852872
v -0.22972992 -1.16114688 2.67551899
v -0.02935452 -1.16227961 2.17926407
v -0.17513327 -1.16579866 1.95122254
v -0.08432409 -1.16242337 1.93078947
v 0.0238244 -1.161273 2.41964436
v 0.07084614 -1.15854049 2.63219285
v 0.10734412 -1.15321946 2.79717159
v -0.01916322 -1.16192269 2.65347242
v -0.08916882 -1.15771294 2.82904673
v -0.19135924 -1.15666366 2.81724977
v -0.26249203 -1.15463471 2.7896378
v -0.31069463 -1.15675783 2.68087769
v -0.37062472 -1.15846801 2.49787307
v -0.42932904 -1.15916133 2.26815081
v -0.39445183 -1.16451359 1.99998343
v -0.48533154 -1.15926027 2.02009773
v -0.28478077 -1.16659403 1.97565603
v 0.05155486 1.12622499 2.97493839
v -0.05774985 1.00338793 3.00092173
v 0.05571276 1.00191689 2.99457598
v 0.0401688 1.1802659 2.92166495
v -0.06052893 1.12773585 2.98161793
v -0.17867014 1.00389194 2.97243929
v -0.06887293 1.18151212 2.92945504
v -0.17816302 1.12799025 2.95426607
v 0.14643131 0.99901414 2.97385335
v 0.05630677 0.77448052 2.99738121
v 0.14705174 0.77224892 2.97665787
v 0.14208834 1.12297511 2.9542222
v 0.13030018 1.17690516 2.90093708
v 0.01749012 1.19693303 2.81806898
v -0.08916859 1.19782162 2.82904673
v -0.17870557 1.18100786 2.90615916
v -0.19135897 1.19625902 2.81724977
v -0.29267752 0.7761091 2.89093494
v -0.17874257 0.77604884 2.97503567
v -0.05735288 0.77562666 3.00367904
v -0.45409468 -1.09140444 0.68929279
v -0.56416655 -0.97160512 0.71180832
v -0.45565942 -0.97011232 0.68306243
v -0.55470997 -1.14380956 0.73336649
v -0.56140083 -1.09296727 0.71756864
v -0.66427416 -1.09331036 0.7569387
v -0.66980898 -0.97212613 0.75238526
v -0.65139139 -1.14357376 0.76951694
v -0.36424208 -0.9671753 0.66549861
v -0.45588294 -0.74517822 0.6821723
v -0.36444056 -0.74290562 0.66460156
v -0.36285275 -1.08812428 0.67177892
v -0.3590816 -1.13904262 0.68882537
v -0.44239274 -1.15661287 0.73929894
v -0.44994947 -1.14243579 0.7062242
v -0.63851523 -1.15666366 0.79600692
v -0.6975947 -1.15463471 0.82287854
v -0.72354048 -1.14304996 0.81472427
v -0.74443775 -1.09323096 0.80815667
v -0.75291002 -0.97218442 0.80549419
v -0.67059964 -0.74677515 0.75173473
v -0.75412029 -0.74683642 0.80511379
v -0.56456161 -0.74634516 0.71098554
v -0.25821105 -1.07047105 0.66780031
v -0.27330849 -0.95700693 0.65784276
v -0.25957829 -0.95144606 0.66161978
v -0.25449988 -1.12057924 0.68457544
v -0.27193341 -1.07671213 0.66405845
v -0.30500525 -0.96256775 0.65804029
v -0.26820105 -1.12710667 0.68092954
v -0.30362239 -1.08295321 0.66429126
v -0.25424126 -0.9468385 0.6660856
v -0.25977361 -0.73074424 0.66073692
v -0.25443569 -0.72718185 0.66520679
v -0.25288048 -1.06529999 0.67223668
v -0.24918692 -1.11517072 0.68893254
v -0.24727291 -1.13453078 0.71724308
v -0.26093274 -1.14113784 0.71378386
v -0.29255924 -1.14774489 0.71429932
v -0.29986882 -1.13363409 0.68125832
v -0.35173777 -1.15321946 0.7220211
v -0.30520281 -0.73934317 0.65714741
v -0.27350497 -0.73504376 0.65695465
v 0.12231465 -1.14245582 2.38785982
v 0.05813501 -1.15010476 2.15604019
v 0.06998172 -1.14344668 2.15130353
v 0.16858833 -1.13976693 2.59702682
v 0.11076704 -1.14910841 2.39394832
v 0.0283217 -1.15676284 2.16475129
v 0.15730517 -1.14640403 2.60431099
v 0.0812528 -1.155761 2.40401173
v 0.07375817 -1.13792992 2.14871502
v 0.01588664 -1.14358807 1.90678179
v 0.01991924 -1.13807082 1.90535128
v 0.12584327 -1.13694382 2.38415098
v 0.17189784 -1.13426781 2.59232783
v 0.2076451 -1.12905622 2.75391316
v 0.20450567 -1.13453078 2.75938129
v 0.19342779 -1.14113784 2.76759315
v 0.12805538 -1.15304112 2.61556959
v 0.16438328 -1.14774489 2.77977943
v -0.02639172 -1.15690589 1.91743469
v 0.00373075 -1.1502471 1.91012096
v 0.23869719 1.10545325 2.91393328
v 0.23211299 0.98896176 2.94245768
v 0.24297108 0.9834643 2.93325233
v 0.21614777 1.16502309 2.87029123
v 0.22781469 1.11164784 2.92302847
v 0.20328838 0.99445921 2.95563793
v 0.18723239 1.17152095 2.88306141
v 0.19896562 1.11784244 2.9360981
v 0.24592836 0.97890937 2.92696095
v 0.24358164 0.76030654 2.93601227
v 0.246536 0.75680828 2.92970777
v 0.24167471 1.10032058 2.90773344
v 0.2270966 1.15852547 2.86149597
v 0.23012902 1.1531415 2.85554457
v 0.20450592 1.17493248 2.75938106
v 0.19342801 1.18152428 2.76759291
v 0.16438349 1.18811607 2.7797792
v 0.10734434 1.19357777 2.79717159
v 0.2039059 0.76875061 2.95842934
v 0.2327271 0.76452857 2.94523335
v -0.21823166 1.18522906 0.84851474
v -0.2083261 1.19317412 0.95157641
v -0.19496517 1.18651628 0.95368439
v -0.23543894 1.18173575 0.77073407
v -0.23172557 1.19187951 0.84580564
v -0.2396536 1.19983196 0.95344323
v -0.24903116 1.18836617 0.76758075
v -0.26318604 1.1985302 0.84707147
v -0.18993412 1.18099952 0.95676702
v -0.16495368 1.18670011 1.08934283
v -0.16006474 1.18118262 1.09178317
v -0.21309043 1.17971849 0.85209537
v -0.23021619 1.17624164 0.77468324
v -0.24199392 1.16947103 0.72144532
v -0.24727267 1.17493272 0.71724308
v -0.26093253 1.18152428 0.71378374
v -0.28058997 1.19499683 0.76840186
v -0.292559 1.18811584 0.71429932
v -0.20929907 1.20001793 1.09065235
v -0.1781431 1.19335914 1.08801019
v 0.09550846 0.97388017 2.14192247
v 0.14574747 1.09446812 2.37354469
v 0.14676586 0.97385961 2.37592006
v 0.09495419 1.09463334 2.14171982
v 0.14329797 1.14662743 2.36851358
v 0.18900995 1.0941143 2.57514191
v 0.1911009 0.97381532 2.58257413
v 0.18415835 1.14550877 2.55860281
v 0.04210104 0.75294811 1.89984977
v 0.09558761 0.75294805 2.14195132
v 0.04203136 0.97388315 1.89986515
v 0.04154341 1.09465694 1.89997315
v 0.0934891 1.14712882 2.14134741
v 0.04021894 1.14720035 1.90026617
v 0.21270868 1.14473176 2.69790888
v 0.22068441 1.09390187 2.7300508
v 0.22391802 0.97378868 2.74308205
v 0.19139957 0.75294805 2.58363605
v 0.22437994 0.75294805 2.74494386
v 0.14691129 0.75294811 2.37625933
v -0.18532468 -1.13427114 0.95843887
v -0.20307888 -1.13054252 0.85538685
v -0.18014117 -1.13148761 0.95877051
v -0.20839673 -1.13329268 0.8541857
v -0.21985328 -1.12797999 0.78020549
v -0.19785032 -1.12731647 0.8565824
v -0.17512609 -1.1281724 0.9583903
v -0.2140954 -1.12503052 0.785182
v -0.16006495 -1.13807082 1.09178329
v -0.15554799 -1.13441086 1.09303069
v -0.18993436 -1.13792992 0.95676714
v -0.21309067 -1.13694406 0.85209554
v -0.22543642 -1.13063741 0.7772429
v -0.23021643 -1.13426781 0.77468324
v -0.23713216 -1.12546778 0.72442365
v -0.23120701 -1.12300229 0.72926986
v -0.22455916 -1.12068415 0.73929441
v -0.21894141 -1.1185317 0.75161195
v -0.20976721 -1.12058973 0.78822637
v -0.19372706 -1.12224746 0.85682124
v -0.17105986 -1.12291932 0.95769668
v -0.14545573 -1.12829447 1.09237683
v -0.14139976 -1.1230154 1.09154034
v -0.15042502 -1.13162279 1.09305108
v 0.24438097 -1.06198287 2.90083981
v 0.24888058 -0.94237185 2.89804244
v 0.24861003 -0.94389707 2.91991854
v 0.23290795 -1.11166549 2.84905982
v 0.24473988 -1.06016183 2.87962556
v 0.24216782 -0.94178158 2.84465027
v 0.23354825 -1.10950756 2.82967949
v 0.2382828 -1.05926514 2.82799935
v 0.24653585 -0.72718167 2.92970777
v 0.24921425 -0.72490919 2.92264414
v 0.24592815 -0.9468385 2.92696095
v 0.23012875 -1.11517072 2.85554433
v 0.2416745 -1.06529999 2.90773344
v 0.21059565 -1.12546754 2.74825144
v 0.21199323 -1.12300229 2.73263192
v 0.22799343 -1.10799408 2.78352022
v 0.20894404 -1.12068415 2.69882369
v 0.2127084 -1.10730267 2.69790864
v 0.2206842 -1.05901265 2.7300508
v 0.22391781 -0.94168174 2.74308205
v 0.22437979 -0.72325081 2.74494386
v 0.24272285 -0.72331226 2.84702873
v 0.24947213 -0.72374219 2.90067339
v -0.24924688 0.97600049 0.66949546
v -0.24139653 1.09517598 0.68218172
v -0.24263769 0.97448784 0.67627144
v -0.24425644 1.14963508 0.69217122
v -0.24790443 1.09702277 0.67560112
v -0.23397596 0.97389376 0.69237506
v -0.2379951 1.1473701 0.69819939
v -0.23298657 1.09420276 0.69775772
v -0.25443551 0.75680828 0.66520679
v -0.24943872 0.75457668 0.66862321
v -0.25424108 0.97890925 0.66608572
v -0.25288025 1.10032058 0.6722368
v -0.24918671 1.1531415 0.68893242
v -0.23713192 1.16586208 0.72442365
v -0.23120677 1.16319966 0.72926986
v -0.23026028 1.14560151 0.71211219
v -0.22455892 1.16038704 0.73929441
v -0.22075768 1.14473176 0.73854589
v -0.22222075 1.09390187 0.72802258
v -0.22281387 0.97378868 0.72375631
v -0.22289868 0.75294811 0.72314656
v -0.23411734 0.75300837 0.69160593
v -0.24281502 0.7534306 0.6754272
v -0.24943879 0.01382537 0.66862321
v -0.24281512 -0.38837469 0.6754272
v -0.24943884 -0.38901654 0.66862321
v -0.24281503 0.41655299 0.6754272
v -0.24281508 0.01383745 0.6754272
v -0.23411746 -0.38813818 0.69160593
v -0.23411737 0.41632509 0.69160604
v -0.23411742 0.01384191 0.69160593
v -0.25443557 -0.39026651 0.66520703
v -0.24943887 -0.72490919 0.66862321
v -0.2544356 0.01380183 0.66520691
v -0.24943876 0.41717145 0.66862309
v -0.25443554 0.41837588 0.66520691
v -0.22289871 0.41629255 0.72314656
v -0.22289875 0.01384253 0.72314656
v -0.22289877 -0.38810438 0.72314668
v -0.22289883 -0.72325087 0.72314656
v -0.23411749 -0.72331226 0.69160593
v -0.24281517 -0.72374225 0.6754272
v 0.23290816 1.14963508 2.84905958
v 0.24474011 1.09517598 2.87962556
v 0.23354849 1.1473701 2.82967949
v 0.24438117 1.09702277 2.90083981
v 0.24888079 0.97448778 2.89804244
v 0.23828302 1.09420276 2.82799935
v 0.22799365 1.14560151 2.78352022
v 0.24216802 0.97389376 2.84465027
v 0.20764531 1.16947103 2.75391316
v 0.24861024 0.97600055 2.91991854
v 0.2492144 0.75457662 2.92264414
v 0.242723 0.75300837 2.84702873
v 0.09558755 0.01384253 2.14195132
v 0.14691116 -0.38810438 2.37625933
v 0.09558749 -0.38810438 2.14195132
v 0.09558758 0.41629249 2.14195132
v 0.1469112 0.01384251 2.37625933
v 0.19139946 -0.38810444 2.58363605
v 0.14691128 0.41629252 2.37625933
v 0.19139951 0.01384252 2.58363605
v 0.04210092 -0.38810438 1.89984989
v 0.09558746 -0.72325075 2.14195132
v 0.04210089 -0.72325087 1.89984977
v 0.04210097 0.01384257 1.89984977
v 0.04210101 0.41629252 1.89984977
v 0.19139954 0.41629252 2.58363605
v 0.2243799 0.41629252 2.74494362
v 0.22437985 0.01384258 2.74494362
v 0.22437979 -0.38810438 2.74494362
v 0.19139943 -0.72325075 2.58363605
v 0.14691114 -0.72325087 2.37625933
v 0.24358152 -0.39222586 2.93601227
v 0.23272698 0.01372043 2.94523335
v 0.23272695 -0.39459074 2.94523335
v 0.24358158 0.42026395 2.93601227
v 0.24358155 0.01376495 2.93601227
v 0.20390579 0.0136759 2.95842934
v 0.20390579 -0.39695555 2.95842934
v 0.23272701 0.42254257 2.94523335
v 0.24358146 -0.73074418 2.93601227
v 0.24653591 -0.39026654 2.92970777
v 0.24653597 0.41837585 2.92970777
v 0.24653591 0.01380184 2.92970777
v 0.20390584 0.42482126 2.95842934
v 0.14705165 0.42670926 2.97665787
v 0.14705165 0.01363901 2.97665787
v 0.14705162 -0.39891499 2.97665787
v 0.20390572 -0.73934317 2.95842934
v 0.14705156 -0.74290562 2.97665787
v 0.23272689 -0.7350437 2.94523335
v -0.25449967 1.15852547 0.68457544
v -0.2719332 1.11164784 0.66405845
v -0.26820081 1.16502309 0.68092954
v -0.25821081 1.10545325 0.66780031
v -0.27330831 0.98896176 0.65784276
v -0.30362216 1.11784244 0.66429126
v -0.29986858 1.17152119 0.68125832
v -0.30500507 0.99445921 0.65804029
v -0.25957811 0.98346436 0.66161978
v -0.25977343 0.76030666 0.66073692
v -0.27350479 0.76452857 0.65695465
v -0.30520263 0.76875061 0.65714741
v -0.36444038 0.77224892 0.66460156
v -0.36424187 0.99901414 0.66549885
v -0.36285248 1.12297535 0.67177904
v -0.35908136 1.17690516 0.68882537
v -0.45409444 1.12622499 0.68929267
v -0.55470973 1.18151236 0.73336637
v -0.44994923 1.1802659 0.7062242
v -0.56416637 1.00338793 0.71180832
v -0.56140059 1.12773609 0.71756852
v -0.65139109 1.1810081 0.76951706
v -0.66427392 1.12799048 0.7569387
v -0.4423925 1.19693303 0.73929894
v -0.45565924 1.00191689 0.68306243
v -0.45588276 0.77448058 0.6821723
v -0.56456143 0.77562654 0.71098554
v -0.67059952 0.77604884 0.75173473
v -0.6698088 1.00389183 0.75238526
v -0.75290978 1.0039432 0.80549431
v -0.7444374 1.12785983 0.80815679
v -0.72354025 1.18029928 0.81472439
v 0.05630665 -0.4001649 2.99738121
v -0.05735297 0.01360341 3.00367904
v -0.057353 -0.40080678 3.00367928
v 0.05630671 0.42791378 2.99738121
v 0.05630668 0.01361549 2.99738121
v -0.17874265 0.01359897 2.97503567
v -0.17874271 -0.40104327 2.97503567
v -0.05735294 0.4285323 3.00367928
v 0.05630659 -0.74517816 2.99738121
v -0.17874262 0.42876011 2.97503567
v -0.29267761 0.42879277 2.89093494
v -0.29267767 0.01359835 2.89093494
v -0.29267773 -0.401077 2.89093494
v -0.17874272 -0.74677509 2.97503567
v -0.29267773 -0.74683648 2.89093494
v -0.05735306 -0.74634516 3.00367904
v -0.4643746 -0.40107703 2.53087854
v -0.52879548 0.01359834 2.29168892
v -0.5287956 -0.401077 2.29168892
v -0.38733953 -0.40107694 2.73793364
v -0.46437457 0.01359836 2.53087854
v -0.52879548 0.42879263 2.29168892
v -0.38733944 0.42879266 2.73793364
v -0.46437451 0.42879272 2.53087854
v -0.52879554 -0.74683648 2.29168892
v -0.58561468 -0.401077 2.0422833
v -0.58561468 -0.7468366 2.0422833
v -0.38733956 -0.74683642 2.73793364
v -0.46437469 -0.7468366 2.53087878
v -0.38733956 0.01359834 2.73793387
v -0.58561462 0.42879266 2.0422833
v -0.58561462 0.01359832 2.0422833
v -0.42552298 -1.14455557 2.51346779
v -0.51639909 -1.09381175 2.28856325
v -0.48692048 -1.14495349 2.28132296
v -0.35663638 -1.14366722 2.70366263
v -0.45295033 -1.09368038 2.52528501
v -0.527246 -0.9722572 2.29129815
v -0.37836349 -1.09339952 2.72663927
v -0.46294668 -0.97224069 2.5301795
v -0.54330772 -1.14501023 2.0329237
v -0.27634749 -1.14305019 2.83613396
v -0.28750703 -1.09323096 2.87358332
v -0.38621759 -0.9722057 2.73652196
v -0.29203144 -0.97218442 2.88876581
v -0.58404785 -0.9722594 2.04193664
v -0.57307929 -1.09383035 2.03951025
v 0.04016856 -1.14243579 2.92166495
v -0.06052914 -1.09296727 2.98161793
v -0.06887312 -1.14380956 2.92945528
v 0.05155462 -1.09140444 2.97493839
v -0.05775003 -0.97160512 3.00092173
v -0.17816328 -1.09331036 2.95426607
v -0.17870578 -1.143574 2.90615916
v -0.17867035 -0.97212619 2.97243929
v 0.13029996 -1.13904262 2.90093708
v 0.01748987 -1.15661287 2.81806898
v 0.1420881 -1.08812428 2.9542222
v 0.05571258 -0.97011232 2.99457598
v 0.14643113 -0.96717525 2.97385359
v 0.23869699 -1.07047105 2.91393328
v 0.21614754 -1.12710667 2.87029123
v 0.22709636 -1.12057924 2.86149597
v 0.23211281 -0.95700699 2.94245768
v 0.22781447 -1.07671213 2.92302847
v 0.18723217 -1.13363409 2.88306141
v 0.20328818 -0.96256775 2.95563793
v 0.19896539 -1.08295321 2.9360981
v 0.2429709 -0.95144618 2.93325233
v 0.09495398 -1.05957556 2.14172006
v 0.14329773 -1.10876179 2.36851358
v 0.09348887 -1.10914755 2.14134741
v 0.09550826 -0.94175214 2.14192247
v 0.14574723 -1.05944848 2.37354469
v 0.1841581 -1.10790062 2.55860281
v 0.14676565 -0.94173634 2.37592006
v 0.18900974 -1.05917621 2.57514191
v 0.04021871 -1.10920286 1.90026629
v 0.09083454 -1.12291908 2.14151669
v 0.03763947 -1.1230154 1.90083683
v 0.04154318 -1.05959368 1.89997315
v 0.04203116 -0.94175434 1.89986527
v 0.19110069 -0.94170225 2.58257413
v 0.20280577 -1.1185317 2.65800142
v 0.1794156 -1.12058973 2.54741788
v 0.14011784 -1.12224722 2.36587334
v -0.24425666 -1.11166549 0.69217134
v -0.24139674 -1.06016183 0.68218172
v -0.23799533 -1.1095078 0.69819951
v -0.2492471 -0.94389689 0.66949534
v -0.24790461 -1.06198287 0.67560124
v -0.23298678 -1.05926514 0.69775772
v -0.23026054 -1.10799408 0.71211207
v -0.23397617 -0.94178158 0.69237506
v -0.24199413 -1.12905622 0.72144556
v -0.24263789 -0.94237167 0.67627144
v -0.2228141 -0.94168186 0.72375619
v -0.22222096 -1.05901265 0.72802258
v -0.2207579 -1.10730267 0.73854601
v 0.24921428 0.01382536 2.92264414
v 0.24947225 0.41655287 2.90067339
v 0.24921434 0.41717142 2.92264414
v 0.24947216 -0.38837469 2.90067339
v 0.24947219 0.01383743 2.90067339
v 0.24272297 0.41632509 2.84702873
v 0.24272288 -0.38813818 2.84702873
v 0.24272291 0.01384191 2.84702873
v 0.24921428 -0.38901651 2.92264414
v 0.24947228 0.7534306 2.90067339
v -0.25977349 0.42026395 0.66073692
v -0.27350485 0.01372042 0.65695477
v -0.27350482 0.42254263 0.65695477
v -0.25977352 -0.39222598 0.66073704
v -0.25977349 0.01376495 0.66073704
v -0.30520272 0.0136759 0.65714729
v -0.30520272 0.42482129 0.65714729
v -0.27350488 -0.39459077 0.65695465
v -0.30520275 -0.39695561 0.65714741
v -0.36444047 -0.39891499 0.66460156
v -0.36444047 0.013639 0.66460145
v -0.36444044 0.42670932 0.66460145
v -0.45588282 0.42791378 0.6821723
v -0.56456155 0.0136034 0.71098554
v -0.56456155 0.42853224 0.71098554
v -0.45588288 -0.40016493 0.6821723
v -0.45588285 0.01361548 0.6821723
v -0.67059958 0.01359896 0.75173473
v -0.67059952 0.42876011 0.75173473
v -0.56456155 -0.40080678 0.71098554
v -0.67059964 -0.40104327 0.75173473
v -0.75412023 -0.401077 0.80511379
v -0.75412017 0.01359833 0.80511379
v -0.75412017 0.42879274 0.80511379
v -0.75412011 0.7761091 0.80511379
v -0.20843039 -1.10790086 0.78401685
v -0.19057985 -1.05944848 0.8532725
v -0.191478 -1.10876179 0.85525399
v -0.20848161 -1.05917597 0.77839386
v -0.19028543 -0.94173634 0.85237539
v -0.16725068 -1.0595758 0.95649755
v -0.16852187 -1.10914779 0.95700157
v -0.16678689 -0.94175214 0.95629096
v -0.20858845 -0.94170207 0.77589178
v -0.20860371 -0.72325081 0.77553427
v -0.19024335 -0.72325087 0.85224724
v -0.16672064 -0.72325087 0.95626134
v -0.13693836 -0.72325081 1.09055328
v -0.13700813 -0.94175434 1.09056854
v -0.13749607 -1.05959368 1.09067655
v -0.13882059 -1.10920286 1.09096956
v -0.77090007 -1.14455533 0.95228815
v -0.78844219 -1.09339952 0.87299395
v -0.76165694 -1.14366722 0.87288105
v -0.75722837 -1.14495349 1.05947232
v -0.79992789 -1.09368038 0.95687056
v -0.79856372 -0.9722057 0.87262756
v -0.78690702 -1.09381175 1.0658083
v -0.81067121 -0.97224069 0.95838892
v -0.71220171 -1.15675807 0.86597794
v -0.71504146 -1.15846801 0.94103426
v -0.69951683 -1.15916133 1.04684305
v -0.67004043 -1.15926027 1.18517327
v -0.72801661 -1.14501023 1.19799924
v -0.75778818 -1.09383035 1.20458555
v -0.79784727 -0.9722572 1.06812119
v -0.76875669 -0.9722594 1.20701218
v -0.79941016 -0.74683642 1.06845176
v -0.81220579 -0.7468366 0.95860577
v -0.80000967 -0.74683642 0.8725751
v -0.81220579 -0.40107703 0.95860577
v -0.80000949 0.01359833 0.87257516
v -0.80000961 -0.401077 0.87257522
v -0.79941016 -0.40107694 1.06845164
v -0.81220573 0.01359835 0.95860577
v -0.80000949 0.42879263 0.87257504
v -0.7994101 0.01359834 1.06845176
v -0.81220567 0.42879272 0.95860577
v -0.77032357 -0.401077 1.20735884
v -0.77032357 0.01359831 1.2073586
v -0.77032346 0.42879266 1.20735872
v -0.79941005 0.42879266 1.06845176
v -0.79940999 0.7761091 1.06845176
v -0.81220567 0.77610904 0.95860577
v -0.80000943 0.77610904 0.87257504
v -0.20860362 0.01384254 0.77553439
v -0.19024333 -0.38810444 0.85224718
v -0.20860367 -0.38810438 0.77553439
v -0.20860358 0.41629252 0.77553439
v -0.19024327 0.01384255 0.85224724
v -0.16672061 -0.38810438 0.95626134
v -0.19024323 0.41629255 0.85224724
v -0.16672055 0.01384254 0.95626146
v -0.20860356 0.75294805 0.77553427
v -0.1902432 0.75294811 0.85224724
v -0.16672052 0.41629255 0.95626134
v -0.16672049 0.75294805 0.95626134
v -0.13693827 0.41629255 1.09055305
v -0.13693829 0.01384255 1.09055328
v -0.13693835 -0.38810444 1.09055316
v -0.02777857 -1.13441086 1.67057645
v -0.07071921 -1.13162255 1.45333886
v -0.02285536 -1.13162255 1.66969383
v -0.07571736 -1.13441086 1.45388258
v -0.11364663 -1.13162255 1.25929749
v -0.06579589 -1.12829447 1.45245671
v -0.01795966 -1.12829471 1.66868687
v -0.10869855 -1.12829447 1.25852728
v 0.02388992 -1.13441086 1.90412927
v -0.03190656 -1.13807058 1.67108727
v -0.0799913 -1.13807082 1.4537338
v -0.11871199 -1.13441086 1.25953746
v -0.12311682 -1.13807058 1.25879693
v -0.10464564 -1.1230154 1.25767708
v -0.06174653 -1.1230154 1.45159042
v -0.01391424 -1.1230154 1.66780281
v 0.03359829 -1.12829447 1.90174019
v 0.02873236 -1.13162279 1.90288162
v -0.2084814 1.0941143 0.77839386
v -0.19028525 0.97385943 0.85237533
v -0.20858824 0.97381526 0.77589178
v -0.20843013 1.14550877 0.78401697
v -0.19057964 1.09446812 0.85327256
v -0.16678672 0.97388017 0.9562909
v -0.19147776 1.14662743 0.85525399
v -0.1672505 1.09463334 0.95649743
v -0.21894118 1.157619 0.75161183
v -0.20976697 1.16029286 0.78822637
v -0.19372682 1.1624465 0.85682124
v -0.16852163 1.14712882 0.95700157
v -0.17105959 1.16331959 0.95769686
v -0.13882031 1.14720035 1.09096968
v -0.13749589 1.09465694 1.09067655
v -0.13700791 0.97388315 1.09056854
v -0.13693821 0.75294811 1.09055328
v -0.08449903 1.18669987 1.45301557
v -0.04863898 1.1933589 1.67339706
v -0.0361855 1.18670011 1.67140317
v -0.12782973 1.18669987 1.25715125
v -0.09722862 1.1933589 1.45376134
v -0.07905905 1.20001793 1.67936575
v -0.14080699 1.19335914 1.25677752
v -0.12792481 1.20001793 1.45848179
v -0.03190633 1.18118262 1.67108727
v 0.01588688 1.18669987 1.90678179
v -0.07999106 1.18118262 1.45373368
v -0.12311658 1.18118262 1.25879681
v -0.17175078 1.20001793 1.26037884
v -0.23036373 1.20553517 1.27065718
v -0.18633257 1.20553541 1.46968782
v -0.13723801 1.20553541 1.69160581
v -0.08432384 1.20553517 1.93078947
v -0.02639147 1.20001793 1.91743469
v 0.00373099 1.1933589 1.91012084
v -0.23543917 -1.13976693 0.77073419
v -0.23172581 -1.14910841 0.84580576
v -0.24903139 -1.14640403 0.76758075
v -0.2182319 -1.14245582 0.84851485
v -0.20832634 -1.15010476 0.95157653
v -0.26318628 -1.155761 0.84707153
v -0.28059021 -1.15304136 0.76840186
v -0.23965381 -1.15676284 0.95344341
v -0.19496539 -1.14344668 0.95368457
v -0.16495392 -1.14358807 1.08934307
v -0.17814334 -1.1502471 1.08801031
v -0.20929931 -1.15690589 1.09065247
v -0.26808798 -1.16242337 1.1001364
v -0.29858464 -1.16227961 0.96228492
v -0.3222273 -1.161273 0.85541493
v -0.33971271 -1.15854049 0.77637696
v -0.4135147 -1.16464996 0.8727231
v -0.53601873 -1.16284084 0.81785488
v -0.43061864 -1.16192245 0.79360378
v -0.49977645 -1.16645503 1.00286567
v -0.52192259 -1.16548133 0.89601874
v -0.63471752 -1.16114688 0.84488648
v -0.62803161 -1.1635046 0.92076296
v -0.39000216 -1.16565514 0.97984767
v -0.35944352 -1.16579866 1.11809993
v -0.46937159 -1.16659403 1.14126539
v -0.57914597 -1.16451359 1.16512585
v -0.60910606 -1.16438746 1.02677596
v -0.54580438 -1.15771294 0.76495421
v -0.27744496 1.20886707 1.4887501
v -0.33793283 1.20936012 1.73539627
v -0.22820449 1.20886707 1.71132791
v -0.32160702 1.20886707 1.28912783
v -0.38724822 1.20936012 1.51247978
v -0.44763359 1.20645761 1.75958908
v -0.43147755 1.20936012 1.31255364
v -0.49697664 1.20645785 1.53654766
v -0.17513302 1.20886707 1.95122254
v -0.54123074 1.20645761 1.3365097
v -0.63212216 1.19960427 1.35657108
v -0.58786458 1.19960427 1.55662513
v -0.53851759 1.19960427 1.77968431
v -0.39445159 1.20645785 1.99998331
v -0.28478053 1.20936012 1.97565603
v -0.79856348 1.0039705 0.87262756
v -0.79992765 1.12844419 0.95687056
v -0.78844196 1.1280787 0.87299407
v -0.81067091 1.00401616 0.95838892
v -0.78690678 1.12861443 1.0658083
v -0.77089989 1.18225479 0.95228803
v -0.7616567 1.18110085 0.87288117
v -0.75722814 1.1827724 1.05947232
v -0.79784697 1.00403738 1.06812119
v -0.76875645 1.00404048 1.20701218
v -0.75778794 1.12863898 1.20458555
v -0.7280165 1.18284607 1.19799924
v -0.20839649 1.17602825 0.85418558
v -0.21985304 1.16966653 0.78020549
v -0.22543617 1.1725781 0.77724302
v -0.18532443 1.17729926 0.95843881
v -0.20307863 1.17299581 0.85538691
v -0.21409515 1.16603422 0.78518212
v -0.18014093 1.1742239 0.95877045
v -0.19785006 1.16900373 0.85658246
v -0.15554775 1.17748094 1.09303069
v -0.15042479 1.17439914 1.09305096
v -0.17512587 1.17011571 0.95839024
v -0.14545549 1.17027473 1.09237683
v -0.06654075 1.20737505 2.44112015
v -0.12620366 1.20448422 2.6703074
v -0.01916296 1.20383143 2.65347242
v -0.11998476 1.20868063 2.20038438
v -0.17516723 1.20791435 2.46342754
v -0.22972964 1.20208383 2.67551899
v -0.22944139 1.2091794 2.22483826
v -0.28268212 1.20514679 2.48181677
v 0.07084633 1.20049071 2.63219261
v 0.02382464 1.20404053 2.41964436
v -0.02935428 1.20534849 2.17926383
v -0.33881959 1.20629382 2.24852872
v 0.16858856 1.18173575 2.59702682
v 0.11076726 1.19187975 2.39394808
v 0.15730539 1.18836617 2.60431075
v 0.12231489 1.18522906 2.38785958
v 0.05813525 1.19317412 2.15603995
v 0.08125302 1.1985302 2.40401149
v 0.1280556 1.19499683 2.61556935
v 0.02832193 1.19983196 2.16475129
v 0.06998198 1.18651605 2.15130353
v 0.12940505 -1.13329268 2.38112354
v 0.17790197 -1.12797976 2.57814646
v 0.17514339 -1.13063717 2.58795118
v 0.07755451 -1.13427114 2.1467104
v 0.13347064 -1.13054252 2.3766644
v 0.1785261 -1.12503076 2.55991721
v 0.08223657 -1.13148761 2.14477515
v 0.1369532 -1.12731624 2.36996746
v 0.08690627 -1.12817216 2.14283395
v -0.1020664 -1.10920286 1.25710654
v -0.05784282 -1.05959368 1.45072675
v -0.05916728 -1.10920286 1.45101976
v -0.10074192 -1.05959368 1.25681341
v -0.05735484 -0.94175452 1.45061874
v -0.01001053 -1.05959392 1.66693914
v -0.011335 -1.10920286 1.66723216
v -0.10025394 -0.9417544 1.25670552
v -0.1001842 -0.72325081 1.25669003
v -0.05728511 -0.72325081 1.45060337
v -0.00952255 -0.9417544 1.66683125
v -0.69009864 -1.14501023 1.36939716
v -0.67561251 -1.09383035 1.57603741
v -0.71987015 -1.09383035 1.37598348
v -0.64584094 -1.14501023 1.56945109
v -0.62626559 -1.09383035 1.79909658
v -0.73083866 -0.9722594 1.3784101
v -0.68658108 -0.97225934 1.57846403
v -0.6321224 -1.15926027 1.35657132
v -0.53851777 -1.15926027 1.77968431
v -0.58786476 -1.15926027 1.55662513
v -0.59649408 -1.14501023 1.79251039
v -0.63723409 -0.9722594 1.80152321
v -0.63880092 -0.74683642 1.80186987
v -0.68814796 -0.7468366 1.57881069
v -0.73240554 -0.74683648 1.37875676
v -0.77032357 -0.7468366 1.20735872
v -0.68814784 -0.40107703 1.57881057
v -0.73240542 0.01359833 1.37875664
v -0.7324056 -0.401077 1.37875664
v -0.63880092 -0.40107694 1.80186987
v -0.68814796 0.01359836 1.57881069
v -0.73240542 0.42879263 1.37875676
v -0.63880086 0.42879266 1.80186975
v -0.68814784 0.42879272 1.57881057
v -0.63880086 0.01359834 1.80186975
v -0.63880074 0.7761091 1.80186975
v -0.68814778 0.77610904 1.57881057
v -0.73240536 0.77610904 1.37875676
v -0.7703234 0.7761091 1.20735884
v -0.10018413 0.01384252 1.25669003
v -0.05728507 -0.38810438 1.45060337
v -0.10018419 -0.38810438 1.25669003
v -0.1001841 0.41629249 1.25669003
v -0.05728502 0.01384251 1.45060349
v -0.00945274 0.01384251 1.66681576
v -0.00945278 -0.38810444 1.66681576
v -0.05728498 0.41629252 1.45060349
v -0.10018404 0.75294805 1.25669003
v -0.00945266 0.75294811 1.66681576
v -0.00945271 0.41629252 1.66681576
v -0.00945282 -0.72325087 1.66681576
v -0.1007417 1.09465694 1.25681341
v -0.05735465 0.97388315 1.45061874
v -0.10025375 0.97388315 1.25670552
v -0.10206616 1.14720035 1.25710654
v -0.05784259 1.09465694 1.45072675
v -0.00952236 0.97388315 1.66683114
v -0.05916705 1.14720035 1.45101976
v -0.0100103 1.09465694 1.66693914
v -0.1046454 1.16344428 1.25767708
v -0.06174629 1.16344428 1.4515903
v -0.01133477 1.14720035 1.66723216
v -0.013914 1.16344428 1.66780281
v -0.05728495 0.75294828 1.45060337
v -0.12782995 -1.14358807 1.25715137
v -0.09722885 -1.1502471 1.45376134
v -0.14080721 -1.1502471 1.25677776
v -0.08449927 -1.14358807 1.45301557
v -0.04863922 -1.1502471 1.67339718
v -0.12792505 -1.15690613 1.45848179
v -0.17175104 -1.15690613 1.26037884
v -0.0790593 -1.15690589 1.67936575
v -0.03618574 -1.14358807 1.67140329
v -0.13723825 -1.16242337 1.69160593
v -0.18633281 -1.16242337 1.46968782
v -0.23036398 -1.16242337 1.2706573
v -0.32160726 -1.16579866 1.28912807
v -0.38724843 -1.16659403 1.5124799
v -0.43147776 -1.16659427 1.31255376
v -0.2774452 -1.16579866 1.48875022
v -0.33793306 -1.16659427 1.73539639
v -0.49697688 -1.16451359 1.53654778
v -0.54123098 -1.16451359 1.33650982
v -0.44763383 -1.16451359 1.75958908
v -0.22820473 -1.16579866 1.71132791
v -0.68658084 1.00404048 1.57846391
v -0.71986991 1.12863874 1.37598348
v -0.73083848 1.00404048 1.37840998
v -0.63723385 1.00404048 1.80152309
v -0.67561239 1.12863898 1.57603741
v -0.64584082 1.18284607 1.56945109
v -0.6900984 1.18284631 1.36939716
v -0.62626535 1.12863874 1.79909658
v -0.59649378 1.18284631 1.79251027
v -0.07571712 1.17748094 1.45388258
v -0.11364637 1.17439914 1.25929749
v -0.11871175 1.17748094 1.25953746
v -0.02777834 1.17748094 1.67057633
v -0.07071896 1.17439914 1.45333874
v -0.10869831 1.17027473 1.25852728
v -0.02285513 1.17439914 1.66969383
v -0.06579566 1.17027473 1.45245659
v -0.01795944 1.17027473 1.66868687
v -0.14139953 1.16344428 1.09154034
vn 0.5847 0.80127 -0.12688
vn 0.57504 0.80961 -0.11777
vn 0.56899 0.81304 -0.12333
vn 0.58894 0.79906 -0.12105
vn 0.60779 0.78631 -0.11093
vn 0.74253 0.65115 -0.15704
vn 0.73907 0.65401 -0.16136
vn 0.75679 0.63611 -0.15045
vn 0.71539 0.68063 -0.15801
vn 0.58397 0.80147 -0.12889
vn 0.71608 0.68029 -0.15631
vn 0.71869 0.67865 -0.1514
vn 0.60855 0.78587 -0.10987
vn 0.72642 0.67273 -0.14056
vn 0.70029 0.70961 -0.07775
vn 0.74337 0.6608 -0.10366
vn 0.85379 0.49906 -0.14825
vn 0.92363 0.3373 -0.18201
vn 0.92058 0.3394 -0.19325
vn 0.91776 0.34427 -0.19799
vn 0.91648 0.3458 -0.20121
vn 0.73864 0.65406 -0.16315
vn 0.91618 0.34583 -0.2025
vn 0.56839 0.81314 -0.12544
vn -0.96943 0.0481 0.24061
vn -0.9119 0.28997 0.29043
vn -0.92762 0.29474 0.22945
vn -0.95142 0.04737 0.30423
vn -0.85816 0.29213 0.42216
vn -0.60004 0.77716 0.18965
vn -0.60351 0.78326 0.14928
vn -0.5808 0.76686 0.27312
vn -0.9757 0.00352 0.21906
vn -0.97458 0.04843 0.21876
vn -0.97049 0.00349 0.24112
vn -0.95244 0.00343 0.3047
vn -0.89661 0.04927 0.44006
vn -0.89816 0.00357 0.43966
vn -0.73179 0.05885 0.67899
vn -0.68646 0.33005 0.64795
vn -0.46629 0.77776 0.42151
vn -0.16414 0.97558 0.14594
vn -0.16711 0.98255 0.0817
vn -0.16852 0.98407 0.05673
vn -0.16927 0.98463 0.04306
vn -0.16932 0.98482 0.03812
vn -0.60382 0.78553 0.13544
vn -0.93189 0.29645 0.20905
vn 0.01443 0.9994 -0.03164
vn -0.01177 0.99992 -0.00409
vn 0.01834 0.99977 -0.01084
vn -0.02905 0.9964 -0.07966
vn -0.01617 0.99956 -0.02481
vn -0.05564 0.99828 -0.01834
vn -0.05024 0.99873 0.00388
vn -0.06719 0.99511 -0.07244
vn 0.06147 0.9979 -0.02045
vn 0.01948 0.9998 -0.00499
vn 0.06249 0.99794 -0.01451
vn 0.05797 0.99745 -0.04154
vn 0.04882 0.99411 -0.09679
vn 0.01399 0.95485 -0.29677
vn 0.00333 0.99624 -0.08663
vn -0.08472 0.95639 -0.27955
vn -0.13529 0.95252 -0.27276
vn -0.24633 0.9345 -0.25695
vn -0.21854 0.97043 -0.10253
vn -0.18821 0.98207 -0.01115
vn -0.17424 0.98435 0.02626
vn -0.04865 0.99877 0.01005
vn -0.16982 0.9848 0.03638
vn -0.0106 0.99994 0.00168
vn 0.02171 -0.99976 -0.00245
vn -0.00371 -0.99995 0.00935
vn -0.00506 -0.99998 0.00345
vn 0.02323 -0.99972 0.00336
vn -0.00168 -0.99973 0.02326
vn -0.03496 -0.99924 0.01696
vn -0.0361 -0.99929 0.01054
vn -0.03293 -0.999 0.03016
vn 0.06338 -0.99792 -0.01163
vn 0.02121 -0.99977 -0.0044
vn 0.06289 -0.99793 -0.01362
vn 0.06488 -0.99788 -0.00581
vn 0.06843 -0.99763 0.0075
vn 0.08394 -0.99427 0.06618
vn 0.02628 -0.99951 0.01691
vn -0.0027 -0.99595 0.08987
vn -0.05602 -0.99266 0.10722
vn -0.14125 -0.98192 0.12602
vn -0.14175 -0.98755 0.06817
vn -0.1419 -0.98875 0.04725
vn -0.14211 -0.98919 0.03604
vn -0.03651 -0.9993 0.00838
vn -0.14202 -0.98935 0.03196
vn -0.00552 -0.99998 0.0015
vn 0.13745 0.4518 0.88147
vn -0.08481 0.08182 0.99303
vn 0.14144 0.08622 0.98618
vn 0.08742 0.88613 0.45513
vn -0.06849 0.43313 0.89873
vn -0.41567 0.07215 0.90665
vn -0.03711 0.87246 0.48728
vn -0.37551 0.39181 0.83993
vn 0.26757 0.08734 0.95957
vn 0.13962 0.00633 0.99019
vn 0.26446 0.00639 0.96438
vn 0.26018 0.45744 0.85032
vn 0.17309 0.88797 0.42607
vn 0.03788 0.99479 0.09469
vn -0.00639 0.99418 0.10753
vn -0.23856 0.83663 0.49309
vn -0.06822 0.98962 0.12652
vn -0.73522 0.00427 0.67782
vn -0.42001 0.00528 0.9075
vn -0.08786 0.00601 0.99611
vn -0.21267 -0.18961 -0.95855
vn -0.30725 -0.02812 -0.95121
vn -0.22178 -0.02864 -0.97468
vn -0.2175 -0.67378 -0.7062
vn -0.29911 -0.18581 -0.93595
vn -0.44344 -0.18716 -0.87654
vn -0.45119 -0.02911 -0.89195
vn -0.32794 -0.65846 -0.67741
vn -0.15528 -0.02889 -0.98745
vn -0.22258 -0.00205 -0.97491
vn -0.15677 -0.00207 -0.98763
vn -0.14279 -0.19159 -0.97103
vn -0.0734 -0.68083 -0.72875
vn -0.03068 -0.96915 -0.24455
vn -0.1446 -0.68046 -0.71837
vn -0.11355 -0.96537 -0.23487
vn -0.21551 -0.95026 -0.22487
vn -0.52495 -0.66619 -0.52974
vn -0.68797 -0.21494 -0.69318
vn -0.69801 -0.03474 -0.71524
vn -0.45094 -0.00209 -0.89255
vn -0.69703 -0.00249 -0.71704
vn -0.30792 -0.00203 -0.95141
vn 0.51298 -0.13527 -0.84767
vn 0.13793 -0.02796 -0.99005
vn 0.47204 -0.02175 -0.88131
vn 0.59623 -0.47124 -0.64996
vn 0.17819 -0.17991 -0.96741
vn -0.06209 -0.02895 -0.99765
vn 0.27506 -0.6182 -0.73632
vn -0.03908 -0.19074 -0.98086
vn 0.61158 -0.01778 -0.79099
vn 0.4648 -0.00158 -0.88541
vn 0.6044 -0.00129 -0.79668
vn 0.65303 -0.10858 -0.74951
vn 0.74263 -0.35915 -0.56525
vn 0.64052 -0.6997 -0.31648
vn 0.33432 -0.8913 -0.30628
vn 0.12268 -0.95364 -0.2748
vn 0.04379 -0.66992 -0.74114
vn 0.02188 -0.96679 -0.25464
vn -0.06539 -0.00207 -0.99786
vn 0.13136 -0.00201 -0.99133
vn 0.63176 -0.76363 -0.13322
vn 0.33456 -0.93964 -0.07174
vn 0.62999 -0.76433 -0.13754
vn 0.63664 -0.76119 -0.12361
vn 0.33654 -0.93933 -0.06631
vn 0.14851 -0.98844 -0.03048
vn 0.34179 -0.93822 -0.05405
vn 0.15019 -0.98835 -0.02472
vn 0.71405 -0.68242 -0.15633
vn 0.62955 -0.76442 -0.13905
vn 0.7135 -0.68269 -0.15765
vn 0.71614 -0.68108 -0.15255
vn 0.72234 -0.67634 -0.14419
vn 0.75239 -0.64952 -0.10969
vn 0.65887 -0.74765 -0.0831
vn 0.3668 -0.9303 -0.00068
vn 0.15439 -0.98794 -0.01164
vn 0.17399 -0.98369 0.0457
vn 0.14799 -0.98846 -0.03245
vn 0.33401 -0.93969 -0.07362
vn 0.82842 0.31452 0.46346
vn 0.55219 0.08358 0.82952
vn 0.80776 0.06414 0.58601
vn 0.49024 0.81299 0.31418
vn 0.577 0.41921 0.70095
vn 0.36957 0.08731 0.92509
vn 0.28314 0.87476 0.39322
vn 0.37581 0.45237 0.80878
vn 0.9274 0.0444 0.37143
vn 0.79545 0.00489 0.606
vn 0.92138 0.00339 0.38865
vn 0.9379 0.21862 0.26935
vn 0.75772 0.63527 0.14931
vn 0.87425 0.48255 0.05329
vn 0.66401 0.74422 -0.07221
vn 0.37265 0.92787 0.01353
vn 0.17885 0.98198 0.06105
vn 0.08774 0.99277 0.08194
vn 0.36198 0.0064 0.93216
vn 0.5379 0.0062 0.84299
vn 0.63136 0.7585 -0.1614
vn 0.33387 0.93918 -0.08049
vn 0.62976 0.76322 -0.14455
vn 0.63582 0.74428 -0.20438
vn 0.33422 0.93702 -0.10148
vn 0.14717 0.98833 -0.03942
vn 0.33547 0.92907 -0.15583
vn 0.14501 0.98756 -0.06075
vn 0.71598 0.67883 -0.16302
vn 0.62951 0.76431 -0.13979
vn 0.71537 0.68048 -0.15872
vn 0.71858 0.67222 -0.17823
vn 0.72618 0.65241 -0.21685
vn 0.74683 0.57303 -0.33746
vn 0.64004 0.6861 -0.34586
vn 0.33204 0.87782 -0.34523
vn 0.13959 0.98333 -0.1165
vn 0.11717 0.94128 -0.31665
vn 0.14784 0.98845 -0.03339
vn 0.33392 0.93965 -0.07454
vn 0.97664 0.00222 -0.21486
vn 0.97719 0.01474 -0.21187
vn 0.9773 0.00219 -0.21187
vn 0.97653 0.01491 -0.21487
vn 0.97312 0.09248 -0.21092
vn 0.9787 0.01545 -0.20471
vn 0.97877 0.00235 -0.20495
vn 0.97458 0.09117 -0.20465
vn 0.97642 0.00016 -0.21587
vn 0.97665 0.00016 -0.21485
vn 0.97642 0.00223 -0.21587
vn 0.97631 0.01497 -0.21585
vn 0.97239 0.09323 -0.21394
vn 0.97216 0.09338 -0.21493
vn 0.97446 0.13094 -0.18243
vn 0.98217 0.022 -0.18668
vn 0.98212 0.00327 -0.18821
vn 0.97876 0.00017 -0.20503
vn 0.98206 0.00023 -0.18856
vn 0.9773 0.00016 -0.21186
vn 0.56473 -0.81512 -0.12906
vn 0.51068 -0.84957 -0.13203
vn 0.5085 -0.85309 -0.11687
vn 0.56728 -0.81096 -0.14332
vn 0.53296 -0.82798 -0.17436
vn 0.66228 -0.73128 -0.16314
vn 0.66232 -0.73393 -0.15058
vn 0.66953 -0.71746 -0.1923
vn 0.71348 -0.68259 -0.1582
vn 0.56443 -0.81592 -0.12527
vn 0.71397 -0.68129 -0.16153
vn 0.71612 -0.6761 -0.17338
vn 0.58051 -0.79359 -0.18225
vn 0.72251 -0.66065 -0.20379
vn 0.6407 -0.69556 -0.32511
vn 0.65056 -0.69045 -0.31631
vn 0.77323 -0.56083 -0.29595
vn 0.87634 -0.40028 -0.26796
vn 0.88497 -0.40664 -0.22689
vn 0.88656 -0.41269 -0.20902
vn 0.888 -0.41424 -0.19966
vn 0.66301 -0.73402 -0.14707
vn 0.88862 -0.41423 -0.1969
vn 0.5088 -0.85344 -0.11299
vn 0.97036 -0.18579 0.15452
vn 0.99845 -0.01441 -0.05385
vn 0.98209 -0.03049 0.18592
vn 0.87911 -0.47643 0.01324
vn 0.99318 -0.10655 -0.04734
vn 0.9887 -0.00629 -0.14976
vn 0.89999 -0.4288 -0.07845
vn 0.98821 -0.04726 -0.14561
vn 0.92139 -0.00343 0.38862
vn 0.98251 -0.0022 0.18618
vn 0.92761 -0.04533 0.37079
vn 0.86935 -0.49234 0.04272
vn 0.93793 -0.2248 0.26411
vn 0.67562 -0.73269 -0.08193
vn 0.70215 -0.705 -0.09977
vn 0.9481 -0.28251 -0.14596
vn 0.8156 -0.56097 -0.14183
vn 0.97175 -0.15086 -0.1815
vn 0.98217 -0.02316 -0.18658
vn 0.98212 -0.00334 -0.1882
vn 0.98206 -0.00024 -0.18856
vn 0.98856 -0.00044 -0.1508
vn 0.9984 -0.00099 -0.05645
vn 0.64562 0.01503 -0.76351
vn 0.80193 0.07234 -0.59302
vn 0.8057 0.01063 -0.59222
vn 0.69636 0.37184 -0.61385
vn 0.65905 0.09685 -0.74584
vn 0.91369 0.00575 -0.40637
vn 0.77641 0.34153 -0.52966
vn 0.91134 0.03914 -0.40979
vn 0.60439 0.00128 -0.79669
vn 0.64378 0.0011 -0.76521
vn 0.61132 0.01738 -0.79119
vn 0.65065 0.10406 -0.75221
vn 0.73812 0.34336 -0.58076
vn 0.65716 0.66619 -0.35261
vn 0.68546 0.64396 -0.33981
vn 0.88842 0.22788 -0.39848
vn 0.80947 0.49829 -0.31058
vn 0.94383 0.1215 -0.30727
vn 0.9533 0.02091 -0.30132
vn 0.95401 0.0032 -0.29976
vn 0.95412 0.00023 -0.29943
vn 0.91407 0.00041 -0.40555
vn 0.80642 0.00077 -0.59134
vn 0.64365 -0 -0.76532
vn 0.80648 -0 -0.59126
vn 0.64365 -0 -0.76532
vn 0.80648 -0 -0.59126
vn 0.80648 -0 -0.59126
vn 0.9141 -0 -0.40548
vn 0.9141 -0 -0.40548
vn 0.9141 -0 -0.40548
vn 0.60392 -0 -0.79704
vn 0.64378 -0.00111 -0.76521
vn 0.60392 -0 -0.79704
vn 0.64365 -0 -0.76532
vn 0.60392 -0 -0.79705
vn 0.95413 -0 -0.2994
vn 0.95413 -0 -0.2994
vn 0.95413 -0 -0.2994
vn 0.95412 -0.00023 -0.29943
vn 0.91407 -0.00041 -0.40555
vn 0.80642 -0.00077 -0.59134
vn 0.88626 0.46273 0.0205
vn 0.99376 0.10093 -0.04755
vn 0.91305 0.40059 -0.07663
vn 0.97128 0.17899 0.15676
vn 0.99845 0.01407 -0.05391
vn 0.98829 0.04465 -0.14588
vn 0.95722 0.24917 -0.14709
vn 0.9887 0.00614 -0.14979
vn 0.75982 0.64221 -0.10114
vn 0.98209 0.02985 0.18601
vn 0.98251 0.00218 0.18618
vn 0.98856 0.00043 -0.1508
vn 0.97665 -0 -0.21485
vn 0.9773 -0 -0.21186
vn 0.97665 -0 -0.21485
vn 0.97665 -0 -0.21485
vn 0.9773 -0 -0.21186
vn 0.97875 -0 -0.20504
vn 0.9773 -0 -0.21186
vn 0.97875 -0 -0.20504
vn 0.97642 -0 -0.21586
vn 0.97665 -0.00016 -0.21485
vn 0.97642 -0.00016 -0.21587
vn 0.97642 -0 -0.21586
vn 0.97642 -0 -0.21586
vn 0.97875 -0 -0.20504
vn 0.98205 -0 -0.1886
vn 0.98205 -0 -0.1886
vn 0.98205 -0 -0.1886
vn 0.97876 -0.00017 -0.20503
vn 0.9773 -0.00016 -0.21186
vn 0.79463 -0 0.6071
vn 0.53693 -0 0.84363
vn 0.53693 -0 0.84363
vn 0.79463 -0 0.6071
vn 0.79463 -0 0.6071
vn 0.36144 -0 0.93239
vn 0.36144 -0 0.93239
vn 0.53693 -0 0.84363
vn 0.79548 -0.00494 0.60596
vn 0.92093 -0 0.38972
vn 0.92093 -0 0.38972
vn 0.92093 -0 0.38972
vn 0.36144 -0 0.93239
vn 0.26422 -0 0.96446
vn 0.26422 -0 0.96446
vn 0.26422 -0 0.96446
vn 0.362 -0.00647 0.93215
vn 0.26447 -0.00647 0.96437
vn 0.53793 -0.00627 0.84296
vn 0.59208 0.44969 -0.66875
vn 0.17575 0.17157 -0.96937
vn 0.26946 0.59221 -0.75939
vn 0.51075 0.12934 -0.84995
vn 0.13767 0.0273 -0.9901
vn -0.04061 0.18168 -0.98252
vn 0.03776 0.64193 -0.76583
vn -0.06222 0.02827 -0.99766
vn 0.47176 0.02126 -0.88147
vn 0.46479 0.00157 -0.88542
vn 0.13134 0.00198 -0.99133
vn -0.06539 0.00205 -0.99786
vn -0.15677 0.00204 -0.98763
vn -0.15534 0.02821 -0.98746
vn -0.14368 0.18246 -0.97266
vn -0.07944 0.65223 -0.75385
vn -0.21337 0.18061 -0.96013
vn -0.22629 0.6455 -0.72946
vn -0.15138 0.65184 -0.74309
vn -0.30727 0.02747 -0.95123
vn -0.29985 0.1772 -0.93739
vn -0.33951 0.63064 -0.69787
vn -0.44422 0.17893 -0.87787
vn -0.04127 0.95726 -0.28626
vn -0.22181 0.02797 -0.97469
vn -0.22258 0.00203 -0.97491
vn -0.30792 0.00201 -0.95141
vn -0.45094 0.00207 -0.89255
vn -0.45119 0.02846 -0.89197
vn -0.69799 0.03396 -0.7153
vn -0.68899 0.20597 -0.69488
vn -0.5413 0.64085 -0.54435
vn 0.13948 0 0.99022
vn -0.08807 0 0.99611
vn -0.08807 -0 0.99611
vn 0.13948 -0 0.99022
vn 0.13948 -0 0.99023
vn -0.42032 0 0.90737
vn -0.42032 -0 0.90738
vn -0.08807 0 0.99611
vn 0.13962 -0.0064 0.99018
vn -0.42032 0 0.90738
vn -0.73543 0 0.6776
vn -0.73544 0 0.6776
vn -0.73543 -0 0.6776
vn -0.42001 -0.00534 0.9075
vn -0.73522 -0.00432 0.67782
vn -0.08786 -0.00608 0.99611
vn -0.95244 0 0.30471
vn -0.97049 0 0.24114
vn -0.97049 0 0.24114
vn -0.89821 -0 0.43957
vn -0.95245 0 0.30471
vn -0.97049 0 0.24114
vn -0.89821 -0 0.43957
vn -0.95244 0 0.30471
vn -0.97049 -0.00353 0.24112
vn -0.97571 0 0.21907
vn -0.9757 -0.00356 0.21906
vn -0.89816 -0.00361 0.43966
vn -0.95244 -0.00347 0.3047
vn -0.89821 0 0.43957
vn -0.97571 0 0.21907
vn -0.97571 0 0.21907
vn -0.5767 -0.7965 0.18169
vn -0.92371 -0.30753 0.22843
vn -0.57892 -0.80274 0.14303
vn -0.55986 -0.786 0.26223
vn -0.9083 -0.30228 0.28916
vn -0.96938 -0.04924 0.2406
vn -0.85491 -0.30382 0.4205
vn -0.95137 -0.04848 0.30421
vn -0.57884 -0.80504 0.12982
vn -0.45085 -0.79523 0.40539
vn -0.68315 -0.34201 0.64524
vn -0.89655 -0.0504 0.44006
vn -0.73167 -0.06018 0.679
vn -0.97452 -0.04958 0.21875
vn -0.92788 -0.30937 0.20814
vn 0.08487 -0.89771 0.43233
vn -0.06758 -0.44674 0.89211
vn -0.03447 -0.88474 0.46481
vn 0.13691 -0.46585 0.87421
vn -0.08472 -0.08371 0.99288
vn -0.37287 -0.40475 0.83495
vn -0.22933 -0.85067 0.47305
vn -0.41553 -0.07379 0.90658
vn 0.16813 -0.89933 0.40366
vn 0.03639 -0.99627 0.07826
vn 0.25921 -0.47172 0.84279
vn 0.14149 -0.08824 0.986
vn 0.26768 -0.08939 0.95935
vn 0.82843 -0.32382 0.45699
vn 0.48447 -0.82384 0.29424
vn 0.75271 -0.64466 0.13358
vn 0.55273 -0.08552 0.82896
vn 0.57706 -0.43181 0.69321
vn 0.27747 -0.88602 0.37145
vn 0.36986 -0.08936 0.92478
vn 0.37529 -0.46636 0.80104
vn 0.80823 -0.06553 0.58521
vn 0.97652 -0.01572 -0.21487
vn 0.97172 -0.10664 -0.21067
vn 0.97095 -0.10773 -0.21364
vn 0.97664 -0.00227 -0.21486
vn 0.97717 -0.01552 -0.21187
vn 0.97328 -0.10442 -0.2045
vn 0.9773 -0.00224 -0.21187
vn 0.97869 -0.01624 -0.2047
vn 0.97072 -0.10794 -0.21461
vn 0.88906 -0.41409 -0.19523
vn 0.88873 -0.41422 -0.19644
vn 0.9763 -0.01579 -0.21585
vn 0.97642 -0.00228 -0.21587
vn 0.97877 -0.0024 -0.20495
vn 0.89833 -0.40189 -0.17744
vn 0.8942 -0.40623 -0.18809
vn 0.89057 -0.41218 -0.19232
vn 0.69678 -0.39299 -0.60005
vn 0.80156 -0.07622 -0.59303
vn 0.7689 -0.37218 -0.51988
vn 0.64571 -0.01536 -0.76343
vn 0.65987 -0.10132 -0.74452
vn 0.91109 -0.04133 -0.41013
vn 0.88072 -0.26037 -0.39564
vn 0.91368 -0.00589 -0.4064
vn 0.7437 -0.59035 -0.31368
vn 0.8057 -0.01087 -0.59223
vn 0.95401 -0.00328 -0.29977
vn 0.95323 -0.02199 -0.30145
vn 0.94093 -0.14045 -0.3081
vn 0.98255 -0 0.18599
vn 0.99839 -0 -0.05668
vn 0.98255 -0 0.18599
vn 0.99839 -0 -0.05668
vn 0.99839 -0 -0.05668
vn 0.98855 -0 -0.15089
vn 0.98855 -0 -0.15089
vn 0.98855 -0 -0.15089
vn 0.98255 -0 0.18599
vn 0.9984 0.00098 -0.05646
vn 0.4644 -0 -0.88563
vn 0.13098 0 -0.99139
vn 0.13097 -0 -0.99139
vn 0.4644 0 -0.88562
vn 0.4644 -0 -0.88563
vn -0.06558 -0 -0.99785
vn -0.06558 0 -0.99785
vn 0.13098 0 -0.99139
vn -0.06558 -0 -0.99785
vn -0.15686 -0 -0.98762
vn -0.15686 -0 -0.98762
vn -0.15686 0 -0.98762
vn -0.22262 0 -0.97491
vn -0.30794 0 -0.95141
vn -0.30794 0 -0.95141
vn -0.22262 0 -0.97491
vn -0.22262 -0 -0.97491
vn -0.45091 0 -0.89257
vn -0.45091 0 -0.89257
vn -0.30794 0 -0.95141
vn -0.45091 0 -0.89257
vn -0.6969 0 -0.71716
vn -0.69691 0 -0.71716
vn -0.6969 0 -0.71716
vn -0.69703 0.00246 -0.71704
vn 0.96414 -0.10254 -0.24478
vn 0.9739 -0.0154 -0.22644
vn 0.96851 -0.10645 -0.22508
vn 0.96858 -0.01589 -0.24819
vn 0.97397 -0.00222 -0.22665
vn 0.97573 -0.01569 -0.2184
vn 0.97017 -0.10774 -0.21715
vn 0.97583 -0.00226 -0.21852
vn 0.96873 -0.00237 -0.24811
vn 0.96875 -0.00017 -0.24804
vn 0.97397 -0.00016 -0.22668
vn 0.97583 -0.00016 -0.21854
vn 0.97634 -0.00016 -0.21626
vn 0.97633 -0.00228 -0.21626
vn 0.97622 -0.01578 -0.21622
vn 0.97064 -0.10794 -0.21498
vn -0.62368 -0.78165 -0.00587
vn -0.90396 -0.26343 -0.33683
vn -0.62978 -0.73747 -0.24397
vn -0.59293 -0.79935 0.09735
vn -0.95569 -0.29432 -0.0061
vn -0.9327 -0.04269 -0.35813
vn -0.93934 -0.30634 0.15424
vn -0.99881 -0.04754 -0.0112
vn -0.18689 -0.9786 -0.08612
vn -0.15871 -0.98729 -0.00847
vn -0.14631 -0.98899 0.0223
vn -0.14245 -0.98933 0.03054
vn -0.58032 -0.80473 0.12506
vn -0.92964 -0.30929 0.20029
vn -0.98579 -0.04929 0.16058
vn -0.97639 -0.0496 0.21024
vn -0.98703 -0.00354 0.1605
vn -0.99992 -0.00343 -0.01236
vn -0.93272 -0.00308 -0.36059
vn -0.99992 0 -0.01243
vn -0.93266 0 -0.36076
vn -0.93266 0 -0.36076
vn -0.98704 0 0.16049
vn -0.99992 0 -0.01243
vn -0.93266 0 -0.36076
vn -0.98704 0 0.16049
vn -0.99992 0 -0.01243
vn -0.9776 0 0.21048
vn -0.9776 0 0.21048
vn -0.9776 0 0.21048
vn -0.98704 0 0.16049
vn -0.98703 0.00351 0.1605
vn -0.99992 0.00339 -0.01237
vn -0.93272 0.00304 -0.36059
vn 0.96875 -0 -0.24804
vn 0.97397 -0 -0.22668
vn 0.96875 -0 -0.24804
vn 0.96875 -0 -0.24804
vn 0.97397 -0 -0.22668
vn 0.97583 -0 -0.21855
vn 0.97397 -0 -0.22668
vn 0.97583 -0 -0.21855
vn 0.96875 0.00017 -0.24804
vn 0.97397 0.00016 -0.22668
vn 0.97583 -0 -0.21855
vn 0.97583 0.00016 -0.21854
vn 0.97634 -0 -0.21626
vn 0.97634 -0 -0.21626
vn 0.97634 -0 -0.21626
vn 0.56441 -0.81599 -0.12486
vn 0.50885 -0.85346 -0.11257
vn 0.50884 -0.85347 -0.11257
vn 0.56443 -0.81598 -0.12487
vn 0.50885 -0.85346 -0.11257
vn 0.66309 -0.73402 -0.14669
vn 0.66309 -0.73403 -0.14669
vn 0.66309 -0.73402 -0.14669
vn 0.56448 -0.81598 -0.12464
vn 0.71343 -0.68272 -0.15783
vn 0.71344 -0.68271 -0.15783
vn 0.56442 -0.81599 -0.12486
vn 0.71343 -0.68272 -0.15783
vn 0.8887 -0.4142 -0.19661
vn 0.8887 -0.4142 -0.19661
vn 0.8887 -0.41419 -0.19661
vn 0.66314 -0.73402 -0.14648
vn 0.5089 -0.85346 -0.11234
vn 0.96859 0.01513 -0.24819
vn 0.97397 0.00217 -0.22665
vn 0.96873 0.00231 -0.2481
vn 0.96528 0.0895 -0.24543
vn 0.97391 0.01463 -0.22645
vn 0.97583 0.00221 -0.21852
vn 0.96985 0.09235 -0.22554
vn 0.97574 0.01489 -0.21841
vn 0.9006 0.33518 -0.27673
vn 0.91066 0.33996 -0.23477
vn 0.91349 0.34492 -0.2158
vn 0.97159 0.09324 -0.21751
vn 0.91537 0.34599 -0.2059
vn 0.97207 0.09338 -0.2153
vn 0.97623 0.01497 -0.21622
vn 0.97633 0.00223 -0.21626
vn 0.97634 0.00016 -0.21626
vn 0.62951 0.76441 -0.13926
vn 0.33395 0.93969 -0.07388
vn 0.62951 0.76441 -0.13927
vn 0.62951 0.76441 -0.13927
vn 0.33396 0.93969 -0.07388
vn 0.14794 0.98846 -0.03273
vn 0.33396 0.93969 -0.07388
vn 0.14794 0.98846 -0.03273
vn 0.71532 0.68065 -0.15825
vn 0.62956 0.76442 -0.13899
vn 0.71531 0.68065 -0.15825
vn 0.71531 0.68065 -0.15825
vn 0.14793 0.98846 -0.03273
vn 0.0626 0.99794 -0.01385
vn 0.0626 0.99794 -0.01385
vn 0.0626 0.99794 -0.01385
vn 0.06268 0.99794 -0.01349
vn 0.14801 0.98846 -0.03237
vn 0.33403 0.93969 -0.07354
vn 0.63474 -0.74903 -0.1899
vn 0.33419 -0.93769 -0.09516
vn 0.33539 -0.93202 -0.13733
vn 0.63097 -0.75988 -0.15636
vn 0.33389 -0.9393 -0.07897
vn 0.14569 -0.98784 -0.05431
vn 0.1416 -0.98512 -0.09742
vn 0.14735 -0.98836 -0.03788
vn 0.6297 -0.7635 -0.14334
vn 0.6295 -0.76434 -0.13967
vn 0.33393 -0.93966 -0.07439
vn 0.14787 -0.98845 -0.03324
vn 0.06274 -0.99793 -0.01441
vn 0.06196 -0.9979 -0.01898
vn 0.05927 -0.99762 -0.03522
vn 0.05226 -0.99559 -0.0779
vn 0.01721 -0.99952 -0.02568
vn -0.01978 -0.99788 -0.06194
vn 0.00872 -0.99764 -0.06815
vn -0.00657 -0.99997 -0.00368
vn -0.00991 -0.99976 -0.01958
vn -0.05096 -0.99713 -0.056
vn -0.04206 -0.99901 -0.01424
vn 0.02018 -0.99975 -0.00968
vn 0.02105 -0.99977 -0.00518
vn -0.00569 -0.99998 0.00074
vn -0.03669 -0.9993 0.00757
vn -0.03792 -0.99928 0.00284
vn -0.06944 -0.96851 -0.23909
vn 0.01961 0.9998 -0.00434
vn -0.01047 0.99994 0.00232
vn 0.01961 0.9998 -0.00434
vn 0.01961 0.9998 -0.00434
vn -0.01047 0.99994 0.00232
vn -0.04847 0.99877 0.01072
vn -0.01047 0.99994 0.00232
vn -0.04847 0.99877 0.01072
vn 0.01969 0.9998 -0.00398
vn -0.04847 0.99877 0.01072
vn -0.16931 0.98485 0.03746
vn -0.16931 0.98485 0.03746
vn -0.16931 0.98485 0.03746
vn -0.04841 0.99877 0.0111
vn -0.01039 0.99994 0.00267
vn -0.93271 0.04173 -0.3582
vn -0.9593 0.28233 -0.00638
vn -0.90644 0.25275 -0.33836
vn -0.99886 0.04646 -0.01122
vn -0.94329 0.29364 0.15483
vn -0.64742 0.76211 -0.00661
vn -0.65056 0.71664 -0.25142
vn -0.61769 0.77988 0.1012
vn -0.98585 0.04815 0.16058
vn -0.97645 0.04845 0.21025
vn -0.93365 0.29637 0.20115
vn -0.60534 0.78521 0.13043
vn 0.58663 0.7954 -0.15234
vn 0.58956 0.78288 -0.19878
vn 0.6009 0.77373 -0.20067
vn 0.58414 0.80044 -0.13446
vn 0.56897 0.80872 -0.14916
vn 0.74084 0.63664 -0.21413
vn 0.56771 0.81274 -0.13097
vn 0.73656 0.65142 -0.182
vn 0.5839 0.8014 -0.12969
vn 0.56825 0.81311 -0.12624
vn 0.73759 0.65405 -0.16784
vn 0.73849 0.65406 -0.16383
vn 0.02226 0.99973 0.00613
vn -0.00557 0.9995 0.03101
vn 0.02614 0.99938 0.02375
vn 0.02033 0.99979 -0.00144
vn -0.00809 0.99988 0.01291
vn -0.04385 0.99826 0.03944
vn -0.00979 0.99994 0.00521
vn -0.04641 0.99867 0.02228
vn 0.06984 0.99746 0.01395
vn 0.06526 0.99786 -0.00334
vn 0.06331 0.99793 -0.01091
vn -0.04788 0.99876 0.01392
vn 0.63873 0.76018 -0.11896
vn 0.33731 0.93921 -0.06404
vn 0.34409 0.9377 -0.04813
vn 0.63243 0.76339 -0.13142
vn 0.33475 0.93962 -0.0711
vn 0.15086 0.9883 -0.02233
vn 0.1563 0.9877 -0.00534
vn 0.14868 0.98844 -0.02981
vn 0.63014 0.7643 -0.13702
vn 0.56894 -0.81379 -0.11857
vn 0.54745 -0.83064 -0.10171
vn 0.58595 -0.80284 -0.11006
vn 0.56513 -0.81577 -0.12308
vn 0.51555 -0.85024 -0.10631
vn 0.68363 -0.71701 -0.13619
vn 0.50951 -0.85332 -0.11065
vn 0.66744 -0.73113 -0.14129
vn 0.66358 -0.73393 -0.14494
vn 0.97069 -0.10794 -0.21474
vn 0.97627 -0.01579 -0.21598
vn 0.97069 -0.10794 -0.21474
vn 0.97627 -0.01579 -0.21598
vn 0.97639 -0.00228 -0.216
vn 0.97627 -0.01579 -0.21598
vn 0.97069 -0.10794 -0.21474
vn 0.97639 -0.00228 -0.216
vn 0.97639 -0.00016 -0.21601
vn 0.97639 -0.00016 -0.21601
vn 0.97639 -0.00228 -0.216
vn -0.57879 -0.80536 0.12805
vn -0.92843 -0.30955 0.2054
vn -0.92844 -0.30955 0.2054
vn -0.5788 -0.80536 0.12805
vn -0.92843 -0.30955 0.2054
vn -0.97519 -0.04961 0.21574
vn -0.97519 -0.04961 0.21574
vn -0.14201 -0.98937 0.03142
vn -0.142 -0.98937 0.03142
vn -0.14201 -0.98937 0.03142
vn -0.57879 -0.80536 0.12805
vn -0.97519 -0.04961 0.21574
vn -0.97639 -0.00356 0.216
vn -0.97639 -0.00356 0.216
vn -0.97639 -0.00356 0.216
vn -0.97759 -0.00356 0.21048
vn -0.97639 0 0.21601
vn -0.97639 0 0.21601
vn -0.97639 0 0.21601
vn -0.97639 -0 0.21601
vn -0.97639 -0 0.21601
vn -0.97639 0 0.21601
vn -0.97639 0 0.21601
vn -0.97639 0 0.21601
vn -0.97639 0 0.21601
vn -0.97639 0.00352 0.216
vn -0.97639 0.00352 0.216
vn -0.97639 0.00352 0.216
vn -0.97759 0.00352 0.21048
vn 0.97639 -0 -0.21601
vn 0.97639 -0 -0.21601
vn 0.97639 -0 -0.21601
vn 0.97639 -0 -0.21601
vn 0.97639 -0 -0.21601
vn 0.97639 -0 -0.21601
vn 0.97639 -0 -0.21601
vn 0.97639 -0 -0.21601
vn 0.97639 0.00016 -0.21601
vn 0.97639 0.00016 -0.21601
vn 0.97639 -0 -0.21601
vn 0.97639 -0.00016 -0.21601
vn 0.97628 0.01497 -0.21598
vn 0.97639 0.00223 -0.216
vn 0.97639 0.00223 -0.216
vn 0.97213 0.09337 -0.21506
vn 0.97628 0.01497 -0.21598
vn 0.97639 0.00223 -0.21601
vn 0.97213 0.09337 -0.21506
vn 0.97628 0.01497 -0.21598
vn 0.91615 0.34581 -0.20268
vn 0.91615 0.34581 -0.20268
vn 0.97213 0.09337 -0.21506
vn 0.91615 0.34581 -0.20268
vn 0.97639 0.00016 -0.21601
vn 0.62952 -0.7644 -0.13927
vn 0.33396 -0.93969 -0.07388
vn 0.33395 -0.93969 -0.07388
vn 0.62951 -0.76441 -0.13927
vn 0.33395 -0.93969 -0.07388
vn 0.14793 -0.98846 -0.03273
vn 0.14793 -0.98846 -0.03273
vn 0.14793 -0.98846 -0.03273
vn 0.62951 -0.76441 -0.13927
vn 0.06283 -0.99793 -0.0139
vn 0.06283 -0.99793 -0.0139
vn 0.06283 -0.99793 -0.0139
vn 0.02115 -0.99977 -0.00468
vn -0.00558 -0.99998 0.00124
vn -0.00558 -0.99998 0.00124
vn 0.02115 -0.99977 -0.00468
vn -0.00558 -0.99998 0.00124
vn -0.03656 -0.9993 0.00809
vn -0.03656 -0.9993 0.00809
vn -0.03656 -0.9993 0.00809
vn 0.02115 -0.99977 -0.00468
vn -0.97524 0.04846 0.21575
vn -0.93245 0.29662 0.20628
vn -0.97524 0.04846 0.21575
vn -0.97524 0.04846 0.21575
vn -0.93245 0.29662 0.20628
vn -0.60382 0.78585 0.13358
vn -0.60383 0.78584 0.13358
vn -0.93245 0.29662 0.20628
vn -0.60383 0.78584 0.13358
vn 0.58389 0.80149 -0.12917
vn 0.56833 0.81314 -0.12573
vn 0.58389 0.80149 -0.12917
vn 0.58389 0.80149 -0.12917
vn 0.56833 0.81314 -0.12573
vn 0.7386 0.65404 -0.1634
vn 0.56833 0.81314 -0.12573
vn 0.7386 0.65404 -0.1634
vn 0.7386 0.65404 -0.1634
vn 0.91607 0.34585 -0.20299
vt 0.39433 0.67119
vt 0.41948 0.66219
vt 0.39371 0.67101
vt 0.42035 0.66227
vt 0.44219 0.65456
vt 0.41838 0.66221
vt 0.39308 0.67084
vt 0.43985 0.65503
vt 0.39488 0.67132
vt 0.421 0.66236
vt 0.44363 0.65443
vt 0.44444 0.65447
vt 0.46175 0.64836
vt 0.45957 0.64871
vt 0.45528 0.64976
vt 0.55257 0.70241
vt 0.56279 0.69832
vt 0.55079 0.70263
vt 0.53162 0.70974
vt 0.53073 0.70961
vt 0.50636 0.71842
vt 0.50577 0.71816
vt 0.47947 0.72759
vt 0.47892 0.72732
vt 0.36693 0.68023
vt 0.36637 0.68002
vt 0.36749 0.68043
vt 0.29084 0.61265
vt 0.26408 0.62126
vt 0.26448 0.62155
vt 0.31424 0.60483
vt 0.29056 0.61231
vt 0.33292 0.59892
vt 0.31406 0.60446
vt 0.57745 0.68109
vt 0.55852 0.6719
vt 0.55759 0.67196
vt 0.58511 0.68663
vt 0.57839 0.68106
vt 0.58476 0.69076
vt 0.58602 0.68663
vt 0.58384 0.69074
vt 0.5751 0.69533
vt 0.48924 0.71047
vt 0.52602 0.70657
vt 0.51544 0.70159
vt 0.50014 0.71538
vt 0.5298 0.70886
vt 0.54852 0.69891
vt 0.5387 0.69376
vt 0.5509 0.7016
vt 0.44268 0.71074
vt 0.46969 0.70154
vt 0.46221 0.71966
vt 0.47316 0.72457
vt 0.50449 0.71751
vt 0.47759 0.72667
vt 0.56634 0.69629
vt 0.56578 0.69304
vt 0.5568 0.68771
vt 0.51898 0.68477
vt 0.53689 0.67866
vt 0.49584 0.69264
vt 0.25391 0.71563
vt 0.23807 0.71894
vt 0.25349 0.71536
vt 0.23835 0.71923
vt 0.22655 0.72151
vt 0.2378 0.71865
vt 0.25297 0.71512
vt 0.2269 0.72111
vt 0.22654 0.72186
vt 0.21864 0.72324
vt 0.2198 0.72268
vt 0.09921 0.67244
vt 0.09604 0.67395
vt 0.1 0.67247
vt 0.10721 0.66965
vt 0.10778 0.66981
vt 0.1193 0.66582
vt 0.11982 0.66603
vt 0.13599 0.66088
vt 0.13652 0.6611
vt 0.27258 0.71064
vt 0.27202 0.71041
vt 0.27304 0.7109
vt 0.35673 0.59614
vt 0.36945 0.60125
vt 0.3715 0.60039
vt 0.34555 0.59601
vt 0.3547 0.59699
vt 0.36384 0.60328
vt 0.34369 0.59679
vt 0.34912 0.59894
vt 0.39693 0.60929
vt 0.3965 0.60962
vt 0.37185 0.60003
vt 0.3458 0.59565
vt 0.35704 0.59577
vt 0.47021 0.645
vt 0.47263 0.64449
vt 0.33145 0.59992
vt 0.33867 0.59856
vt 0.32807 0.60127
vt 0.3295 0.60183
vt 0.3382 0.60263
vt 0.35257 0.60711
vt 0.37709 0.61632
vt 0.38833 0.61247
vt 0.39429 0.61047
vt 0.3472 0.77221
vt 0.34252 0.7724
vt 0.34184 0.77275
vt 0.34767 0.77189
vt 0.3442 0.77178
vt 0.34874 0.77137
vt 0.34742 0.77074
vt 0.34171 0.76907
vt 0.33782 0.77022
vt 0.32987 0.76431
vt 0.32556 0.76547
vt 0.30668 0.75508
vt 0.30201 0.75621
vt 0.26224 0.74169
vt 0.26725 0.74058
vt 0.21167 0.72405
vt 0.21675 0.72295
vt 0.16698 0.70539
vt 0.16215 0.70651
vt 0.12925 0.69111
vt 0.1249 0.69227
vt 0.58301 0.69082
vt 0.58209 0.68745
vt 0.58093 0.69144
vt 0.58427 0.68674
vt 0.5742 0.68194
vt 0.57665 0.68936
vt 0.57589 0.6931
vt 0.56828 0.68391
vt 0.57414 0.69528
vt 0.5733 0.69532
vt 0.57656 0.68121
vt 0.55669 0.6721
vt 0.54805 0.6748
vt 0.56762 0.69691
vt 0.57143 0.69576
vt 0.3927 0.67061
vt 0.37371 0.64458
vt 0.34777 0.6535
vt 0.4359 0.68757
vt 0.41871 0.6617
vt 0.39688 0.63672
vt 0.46203 0.67867
vt 0.442 0.65384
vt 0.3208 0.66271
vt 0.30996 0.63921
vt 0.28299 0.64841
vt 0.36588 0.67983
vt 0.40903 0.69678
vt 0.48534 0.67082
vt 0.50334 0.66471
vt 0.4601 0.64775
vt 0.41504 0.63063
vt 0.35895 0.62241
vt 0.33589 0.63029
vt 0.43527 0.62337
vt 0.39713 0.60894
vt 0.43488 0.62366
vt 0.48077 0.64066
vt 0.52378 0.65793
vt 0.48014 0.64086
vt 0.5246 0.65781
vt 0.33284 0.59852
vt 0.34578 0.59523
vt 0.37196 0.59963
vt 0.35706 0.59535
vt 0.27272 0.62495
vt 0.29261 0.61426
vt 0.26725 0.62288
vt 0.2856 0.62992
vt 0.29845 0.61613
vt 0.31382 0.60707
vt 0.31176 0.62103
vt 0.32098 0.60849
vt 0.24025 0.63203
vt 0.26572 0.62231
vt 0.23873 0.63144
vt 0.24572 0.63413
vt 0.25876 0.63913
vt 0.3348 0.61319
vt 0.3238 0.60289
vt 0.31121 0.60699
vt 0.29082 0.61381
vt 0.10404 0.68327
vt 0.10793 0.68207
vt 0.09474 0.67836
vt 0.09826 0.67719
vt 0.09242 0.67589
vt 0.09551 0.67488
vt 0.09442 0.67436
vt 0.09301 0.67468
vt 0.09216 0.67481
vt 0.09063 0.6764
vt 0.47942 0.64109
vt 0.52043 0.65887
vt 0.52294 0.65811
vt 0.43194 0.62475
vt 0.47694 0.64187
vt 0.5144 0.66085
vt 0.42592 0.62674
vt 0.4711 0.64387
vt 0.43431 0.62394
vt 0.55423 0.67285
vt 0.10062 0.67312
vt 0.11303 0.67245
vt 0.10883 0.67039
vt 0.10411 0.67527
vt 0.12411 0.67731
vt 0.12579 0.66864
vt 0.12109 0.66659
vt 0.13764 0.67353
vt 0.11441 0.68012
vt 0.13644 0.68921
vt 0.14705 0.68647
vt 0.16159 0.68279
vt 0.18047 0.67804
vt 0.15554 0.6687
vt 0.14297 0.66374
vt 0.13791 0.66167
vt 0.225 0.72115
vt 0.18637 0.70091
vt 0.17488 0.70357
vt 0.27528 0.73877
vt 0.23681 0.71852
vt 0.20183 0.69731
vt 0.28661 0.73609
vt 0.25236 0.71493
vt 0.31411 0.75321
vt 0.32441 0.75044
vt 0.30116 0.73241
vt 0.33729 0.7466
vt 0.31842 0.72751
vt 0.27148 0.71021
vt 0.2214 0.69263
vt 0.3414 0.68931
vt 0.3168 0.69732
vt 0.34086 0.68909
vt 0.3173 0.69755
vt 0.29436 0.70462
vt 0.31627 0.6971
vt 0.3403 0.68887
vt 0.29382 0.70439
vt 0.29484 0.70487
vt 0.15735 0.65483
vt 0.15792 0.65505
vt 0.18253 0.64779
vt 0.18311 0.64801
vt 0.21003 0.63988
vt 0.21063 0.6401
vt 0.23815 0.63122
vt 0.34788 0.76719
vt 0.34595 0.75954
vt 0.33666 0.76239
vt 0.35283 0.76904
vt 0.35636 0.76435
vt 0.35761 0.75559
vt 0.36089 0.76637
vt 0.36785 0.76042
vt 0.35003 0.77077
vt 0.35445 0.76949
vt 0.3623 0.76696
vt 0.3723 0.76252
vt 0.37364 0.76316
vt 0.38726 0.75743
vt 0.38283 0.75533
vt 0.37254 0.75048
vt 0.35237 0.7415
vt 0.2269 0.72111
vt 0.38913 0.75835
vt 0.37416 0.76343
vt 0.36271 0.76726
vt 0.35449 0.76986
vt 0.21832 0.72365
vt 0.55743 0.70176
vt 0.5566 0.70169
vt 0.53444 0.70985
vt 0.53371 0.70974
vt 0.50817 0.7189
vt 0.46274 0.64835
vt 0.26521 0.62207
vt 0.29063 0.61348
vt 0.31201 0.60635
vt 0.15939 0.65563
vt 0.19021 0.65071
vt 0.18465 0.6486
vt 0.16476 0.65772
vt 0.20373 0.65575
vt 0.21778 0.64281
vt 0.21218 0.64069
vt 0.17792 0.66274
vt 0.20358 0.67215
vt 0.22959 0.66519
vt 0.23127 0.64785
vt 0.29329 0.7042
vt 0.26981 0.6797
vt 0.24463 0.68675
vt 0.33738 0.72124
vt 0.31578 0.6969
vt 0.3398 0.68868
vt 0.29487 0.67157
vt 0.35889 0.71386
vt 0.3707 0.73517
vt 0.41668 0.7196
vt 0.38313 0.70565
vt 0.2566 0.65724
vt 0.40137 0.74901
vt 0.41228 0.73676
vt 0.3909 0.74415
vt 0.4058 0.75111
vt 0.42302 0.74164
vt 0.4362 0.72852
vt 0.42745 0.74374
vt 0.44715 0.73342
vt 0.40713 0.75176
vt 0.42877 0.74439
vt 0.45158 0.73553
vt 0.45291 0.73617
vt 0.39249 0.72781
vt 0.45346 0.73644
vt 0.42932 0.74466
vt 0.40768 0.75203
vt 0.38859 0.75807
vt 0.33278 0.59926
vt 0.08967 0.67658
vt 0.50755 0.71874
vt 0.38108 0.66063
vt 0.39981 0.67172
vt 0.38134 0.66025
vt 0.30964 0.78681
vt 0.31977 0.80778
vt 0.29815 0.79779
vt 0.33143 0.79691
vt 0.33856 0.81644
vt 0.31432 0.81229
vt 0.29311 0.80254
vt 0.33212 0.82039
vt 0.30724 0.75595
vt 0.28708 0.77637
vt 0.32988 0.76649
vt 0.35193 0.7767
vt 0.35067 0.80581
vt 0.37149 0.78572
vt 0.36558 0.81272
vt 0.35297 0.82308
vt 0.34513 0.82631
vt 0.5016 0.63432
vt 0.49592 0.62503
vt 0.49375 0.6338
vt 0.49587 0.64876
vt 0.48727 0.64744
vt 0.47685 0.6635
vt 0.48579 0.66509
vt 0.4646 0.68008
vt 0.47375 0.68175
vt 0.27562 0.78736
vt 0.27064 0.79214
vt 0.36333 0.73644
vt 0.38596 0.73433
vt 0.36797 0.73
vt 0.37746 0.74534
vt 0.38119 0.74075
vt 0.39889 0.74467
vt 0.40405 0.73838
vt 0.39424 0.74884
vt 0.35324 0.7261
vt 0.37416 0.72167
vt 0.3595 0.71785
vt 0.34858 0.73251
vt 0.34524 0.73726
vt 0.34299 0.74053
vt 0.35996 0.74119
vt 0.37502 0.74847
vt 0.3912 0.75149
vt 0.40203 0.753
vt 0.40741 0.7515
vt 0.41341 0.74778
vt 0.41904 0.7416
vt 0.41016 0.72992
vt 0.42518 0.73307
vt 0.39209 0.72594
vt 0.43054 0.65452
vt 0.45895 0.64142
vt 0.44667 0.65753
vt 0.44318 0.63875
vt 0.46897 0.627
vt 0.47436 0.6447
vt 0.46298 0.66086
vt 0.48279 0.63072
vt 0.41723 0.65232
vt 0.41694 0.67037
vt 0.40355 0.66759
vt 0.4299 0.63698
vt 0.44056 0.6227
vt 0.44849 0.61111
vt 0.45383 0.62427
vt 0.47649 0.61566
vt 0.48883 0.62035
vt 0.45031 0.67738
vt 0.43335 0.67395
vt 0.41619 0.75122
vt 0.39772 0.75416
vt 0.40622 0.74475
vt 0.42064 0.754
vt 0.40794 0.76058
vt 0.38852 0.76342
vt 0.41263 0.76314
vt 0.39912 0.76959
vt 0.41273 0.73678
vt 0.38883 0.73279
vt 0.39581 0.72496
vt 0.42252 0.7432
vt 0.45336 0.60358
vt 0.46928 0.60122
vt 0.45582 0.59964
vt 0.46179 0.61263
vt 0.46674 0.60512
vt 0.48155 0.60847
vt 0.47649 0.61566
vt 0.49402 0.61423
vt 0.50131 0.62273
vt 0.35296 0.83003
vt 0.36199 0.82728
vt 0.37495 0.81705
vt 0.38663 0.79269
vt 0.39611 0.79706
vt 0.37014 0.75139
vt 0.37982 0.74212
vt 0.34835 0.75913
vt 0.37103 0.75643
vt 0.35294 0.75192
vt 0.36382 0.76659
vt 0.36621 0.76365
vt 0.38382 0.76788
vt 0.38915 0.76072
vt 0.38034 0.77056
vt 0.33809 0.74791
vt 0.36184 0.73862
vt 0.34702 0.7347
vt 0.33353 0.75509
vt 0.33166 0.75813
vt 0.34164 0.74253
vt 0.35769 0.74446
vt 0.35639 0.74648
vt 0.37403 0.75049
vt 0.39118 0.75347
vt 0.40531 0.75467
vt 0.39327 0.7736
vt 0.39821 0.77126
vt 0.40412 0.76416
vt 0.39813 0.74719
vt 0.41322 0.75051
vt 0.37993 0.74303
vt 0.31774 0.7496
vt 0.32406 0.74342
vt 0.32227 0.74254
vt 0.31589 0.75258
vt 0.31951 0.75052
vt 0.32877 0.7451
vt 0.31765 0.75352
vt 0.32422 0.75224
vt 0.36164 0.53672
vt 0.33302 0.56135
vt 0.33309 0.56187
vt 0.3827 0.51689
vt 0.36196 0.53573
vt 0.39082 0.5118
vt 0.38298 0.516
vt 0.39493 0.51186
vt 0.39096 0.51112
vt 0.32598 0.73702
vt 0.32906 0.73598
vt 0.32771 0.73795
vt 0.33372 0.73769
vt 0.33237 0.73968
vt 0.32235 0.75526
vt 0.33772 0.73197
vt 0.333 0.73038
vt 0.33119 0.72958
vt 0.4148 0.63573
vt 0.40422 0.65051
vt 0.40233 0.65036
vt 0.42523 0.62198
vt 0.41676 0.63573
vt 0.40871 0.65107
vt 0.42725 0.62185
vt 0.42132 0.63606
vt 0.46296 0.59559
vt 0.45204 0.58493
vt 0.45141 0.58535
vt 0.43296 0.61069
vt 0.43502 0.61048
vt 0.43189 0.62201
vt 0.43973 0.61053
vt 0.39504 0.66591
vt 0.3906 0.66508
vt 0.38878 0.66476
vt 0.42809 0.73353
vt 0.41823 0.72863
vt 0.41867 0.72729
vt 0.36853 0.82736
vt 0.35886 0.83067
vt 0.36853 0.82817
vt 0.42775 0.73492
vt 0.41653 0.73153
vt 0.44218 0.59914
vt 0.44453 0.60304
vt 0.44696 0.59912
vt 0.43767 0.60331
vt 0.43977 0.60304
vt 0.42617 0.73788
vt 0.39997 0.71984
vt 0.40195 0.71705
vt 0.40257 0.71579
vt 0.33292 0.72719
vt 0.33936 0.72174
vt 0.3376 0.72091
vt 0.32958 0.73184
vt 0.33467 0.72806
vt 0.34401 0.72337
vt 0.33132 0.73275
vt 0.33933 0.72973
vt 0.18487 0.75216
vt 0.19624 0.75818
vt 0.19705 0.75783
vt 0.17553 0.74767
vt 0.184 0.75248
vt 0.16886 0.74412
vt 0.17462 0.74797
vt 0.16467 0.7413
vt 0.16791 0.74441
vt 0.32733 0.73505
vt 0.33598 0.73444
vt 0.35031 0.71517
vt 0.34566 0.71361
vt 0.34389 0.71282
vt 0.31904 0.62241
vt 0.30895 0.61652
vt 0.3196 0.62211
vt 0.30836 0.6168
vt 0.30065 0.61231
vt 0.30002 0.61258
vt 0.29448 0.60927
vt 0.29381 0.60953
vt 0.29022 0.60722
vt 0.17784 0.7221
vt 0.16813 0.73319
vt 0.17869 0.72229
vt 0.16393 0.73836
vt 0.16727 0.73303
vt 0.1803 0.72296
vt 0.16478 0.73846
vt 0.16972 0.7338
vt 0.19752 0.70255
vt 0.19812 0.70253
vt 0.17719 0.72218
vt 0.16658 0.73314
vt 0.16323 0.7385
vt 0.19894 0.70276
vt 0.20053 0.70345
vt 0.26143 0.631
vt 0.29943 0.59263
vt 0.29886 0.59227
vt 0.22808 0.67116
vt 0.26208 0.6313
vt 0.30081 0.59332
vt 0.22958 0.67181
vt 0.26349 0.63195
vt 0.29863 0.59199
vt 0.33321 0.56224
vt 0.26108 0.63083
vt 0.22735 0.67091
vt 0.22688 0.67086
vt 0.33511 0.56339
vt 0.33374 0.56266
vt 0.32805 0.65534
vt 0.35341 0.67724
vt 0.3265 0.65629
vt 0.38022 0.69799
vt 0.3547 0.67624
vt 0.35026 0.6797
vt 0.32292 0.65881
vt 0.37931 0.69913
vt 0.37685 0.70176
vt 0.3719 0.70668
vt 0.34424 0.6845
vt 0.31631 0.66381
vt 0.29935 0.64288
vt 0.29251 0.64788
vt 0.30313 0.6404
vt 0.30484 0.63952
vt 0.42794 0.61814
vt 0.42753 0.62146
vt 0.43004 0.61788
vt 0.42544 0.62168
vt 0.42163 0.62948
vt 0.43224 0.62151
vt 0.43478 0.61789
vt 0.4263 0.62963
vt 0.1637 0.74157
vt 0.16563 0.73337
vt 0.16226 0.73875
vt 0.17628 0.72235
vt 0.19672 0.70263
vt 0.41958 0.62963
vt 0.41038 0.64346
vt 0.41498 0.64382
vt 0.42358 0.64482
vt 0.43498 0.63035
vt 0.44097 0.62212
vt 0.44353 0.61846
vt 0.4544 0.62355
vt 0.47247 0.622
vt 0.45693 0.61985
vt 0.46448 0.63428
vt 0.47033 0.62577
vt 0.48709 0.62452
vt 0.48596 0.62846
vt 0.44838 0.63192
vt 0.43694 0.64672
vt 0.45308 0.64944
vt 0.46935 0.65259
vt 0.48057 0.63713
vt 0.49403 0.63973
vt 0.49883 0.63097
vt 0.49857 0.62679
vt 0.37403 0.75049
vt 0.3063 0.67187
vt 0.32375 0.70202
vt 0.2946 0.68184
vt 0.36384 0.71431
vt 0.33489 0.69225
vt 0.31291 0.712
vt 0.28323 0.69198
vt 0.35364 0.72354
vt 0.2822 0.65599
vt 0.3434 0.73312
vt 0.41364 0.76151
vt 0.42368 0.76604
vt 0.44095 0.72442
vt 0.45117 0.72908
vt 0.47166 0.69098
vt 0.46138 0.68654
vt 0.4877 0.65882
vt 0.4775 0.65471
vt 0.27016 0.66601
vt 0.25843 0.67618
vt 0.42773 0.67004
vt 0.38417 0.69584
vt 0.40911 0.65912
vt 0.44594 0.67942
vt 0.40548 0.70714
vt 0.35541 0.73409
vt 0.39779 0.75423
vt 0.37767 0.74479
vt 0.4302 0.62897
vt 0.39145 0.64747
vt 0.41576 0.6178
vt 0.46274 0.64811
vt 0.44619 0.63933
vt 0.42512 0.71693
vt 0.33296 0.72309
vt 0.36275 0.68396
vt 0.47728 0.60466
vt 0.45886 0.5996
vt 0.46413 0.59535
vt 0.4906 0.6121
vt 0.47251 0.60917
vt 0.44751 0.60977
vt 0.48696 0.61706
vt 0.46191 0.61966
vt 0.50212 0.61738
vt 0.5002 0.62291
vt 0.47725 0.62795
vt 0.49135 0.63415
vt 0.43482 0.59899
vt 0.44682 0.58905
vt 0.4523 0.58492
vt 0.48443 0.60478
vt 0.25735 0.64092
vt 0.25395 0.65611
vt 0.24522 0.65076
vt 0.49763 0.61115
vt 0.24207 0.66618
vt 0.23359 0.66053
vt 0.26783 0.63285
vt 0.26614 0.64612
vt 0.27659 0.63802
vt 0.50135 0.63802
vt 0.50967 0.62656
vt 0.50565 0.62087
vt 0.44006 0.59944
vt 0.28069 0.62463
vt 0.28744 0.63059
vt 0.27881 0.62545
vt 0.28355 0.63303
vt 0.27486 0.62787
vt 0.28927 0.62974
vt 0.39077 0.5123
vt 0.38299 0.51805
vt 0.39109 0.51285
vt 0.36151 0.53737
vt 0.38259 0.51751
vt 0.38426 0.5189
vt 0.39206 0.51382
vt 0.36334 0.53866
vt 0.39477 0.51253
vt 0.39469 0.51303
vt 0.36194 0.53791
vt 0.39023 0.66328
vt 0.36929 0.68685
vt 0.39214 0.66349
vt 0.34627 0.70986
vt 0.36747 0.68635
vt 0.37379 0.68805
vt 0.39666 0.66421
vt 0.34812 0.71054
vt 0.22626 0.67084
vt 0.26064 0.63063
vt 0.29839 0.5916
vt 0.35283 0.712
vt 0.36206 0.71457
vt 0.38254 0.69032
vt 0.40523 0.66576
vt 0.40838 0.64347
vt 0.41866 0.66841
vt 0.41399 0.69767
vt 0.43503 0.67191
vt 0.37672 0.71832
vt 0.39655 0.69375
vt 0.43163 0.70133
vt 0.45192 0.67532
vt 0.39462 0.72253
vt 0.41266 0.72647
vt 0.42766 0.72958
vt 0.44633 0.7042
vt 0.46617 0.678
vt 0.48314 0.65519
vt 0.40201 0.52095
vt 0.39268 0.51766
vt 0.39834 0.5142
vt 0.40562 0.53215
vt 0.39664 0.5245
vt 0.37303 0.53576
vt 0.40021 0.53586
vt 0.37823 0.54101
vt 0.41531 0.75351
vt 0.42259 0.74983
vt 0.42859 0.74362
vt 0.41081 0.54534
vt 0.40518 0.54927
vt 0.38364 0.54983
vt 0.39111 0.5598
vt 0.35689 0.57153
vt 0.34843 0.56686
vt 0.34197 0.56355
vt 0.41363 0.76633
vt 0.40734 0.77343
vt 0.40122 0.77553
vt 0.31275 0.59736
vt 0.26786 0.63395
vt 0.30638 0.5942
vt 0.32128 0.60174
vt 0.27434 0.63701
vt 0.2331 0.67509
vt 0.28306 0.64123
vt 0.2399 0.6782
vt 0.42282 0.7526
vt 0.33217 0.60759
vt 0.29426 0.64682
vt 0.26085 0.68795
vt 0.24906 0.68243
vt 0.22005 0.71549
vt 0.21038 0.71103
vt 0.20321 0.70771
vt 0.49202 0.65681
vt 0.45572 0.70599
vt 0.364 0.64898
vt 0.36365 0.64932
vt 0.34759 0.63843
vt 0.34715 0.63875
vt 0.33265 0.62935
vt 0.33215 0.62965
vt 0.36276 0.69125
vt 0.37707 0.67886
vt 0.37531 0.67838
vt 0.35213 0.70283
vt 0.36449 0.69187
vt 0.38149 0.67999
vt 0.3539 0.70355
vt 0.36896 0.69322
vt 0.24938 0.78207
vt 0.27008 0.79238
vt 0.27054 0.79187
vt 0.22974 0.77297
vt 0.24882 0.78253
vt 0.21213 0.76482
vt 0.22909 0.77339
vt 0.21139 0.7652
vt 0.3585 0.70503
vt 0.36762 0.70762
vt 0.37776 0.69564
vt 0.39004 0.68214
vt 0.39876 0.51553
vt 0.39852 0.51626
vt 0.40251 0.52288
vt 0.40217 0.52366
vt 0.40603 0.53413
vt 0.40562 0.5349
vt 0.41142 0.54655
vt 0.34524 0.73726
vt 0.39198 0.6992
vt 0.42073 0.68931
vt 0.40369 0.68548
vt 0.38217 0.71135
vt 0.40956 0.70322
vt 0.4382 0.69288
vt 0.39995 0.7155
vt 0.4273 0.70695
vt 0.4179 0.71937
vt 0.43283 0.72242
vt 0.44208 0.70988
vt 0.45276 0.69569
vt 0.1823 0.72782
vt 0.17809 0.74215
vt 0.17111 0.73887
vt 0.18945 0.73114
vt 0.1877 0.74662
vt 0.1733 0.74697
vt 0.16674 0.74378
vt 0.18274 0.75141
vt 0.50271 0.64134
vt 0.19914 0.73563
vt 0.21166 0.74143
vt 0.2002 0.75242
vt 0.19522 0.7572
vt 0.41531 0.75351
vt 0.50582 0.62812
vt 0.50714 0.63252
vt 0.28952 0.60746
vt 0.42725 0.62185
vt 0.40871 0.65107
vt 0.29254 0.80204
vt 0.29218 0.8026
vt 0.43296 0.61069
vt 0.39965 0.67214
vt 0.42093 0.55459
vt 0.42575 0.56813
vt 0.41521 0.5586
vt 0.43145 0.5641
vt 0.43609 0.5784
vt 0.40197 0.56819
vt 0.41277 0.57778
vt 0.44235 0.72431
vt 0.43476 0.73504
vt 0.45151 0.71169
vt 0.46207 0.69743
vt 0.44171 0.57433
vt 0.42353 0.58816
vt 0.40282 0.60667
vt 0.39064 0.59606
vt 0.3787 0.58634
vt 0.36707 0.57797
vt 0.35977 0.62509
vt 0.30811 0.65396
vt 0.34515 0.61539
vt 0.37515 0.63596
vt 0.32433 0.6626
vt 0.27544 0.69491
vt 0.31183 0.71267
vt 0.29255 0.7032
vt 0.34262 0.67263
vt 0.28561 0.74587
vt 0.26565 0.73658
vt 0.24779 0.72829
vt 0.23247 0.72121
vt 0.3585 0.70503
vt 0.411 0.5472
vt 0.42143 0.55526
vt 0.42095 0.55582
vt 0.43165 0.56456
vt 0.43111 0.56507
vt 0.44167 0.57456
vt 0.44108 0.57503
vt 0.24521 0.75697
vt 0.21569 0.75959
vt 0.22714 0.7486
vt 0.26536 0.76631
vt 0.23376 0.76796
vt 0.22877 0.77274
vt 0.2107 0.76437
vt 0.25391 0.7773
vt 0.24892 0.78208
vt 0.43476 0.73504
vt 0.40437 0.77157
vt 0.34641 0.76217
vt 0.46363 0.59521
vt 0.35891 0.82984
vt 0.16628 0.73893
vt 0.16535 0.74114
vt 0.43722 0.73153
vt 0.4753 0.67966
usemtl mat0
f 1685/1688/1685 1686/1689/1686 1687/1690/1687
f 1688/1691/1688 1689/1692/1689 1686/1689/1686
f 1687/1690/1687 1690/1693/1690 1691/1694/1691
f 1686/1689/1686 1692/1695/1692 1690/1693/1690
f 1695/1696/1695 1688/1691/1688 1685/1688/1685
f 1696/1697/1696 1697/1698/1697 1688/1691/1688
f 1698/1699/1698 1699/1700/1699 1697/1698/1697
f 1697/1698/1697 1700/1701/1700 1689/1692/1689
f 1689/1692/1689 1701/1702/1701 1692/1695/1692
f 1692/1703/1692 1702/1704/1702 1703/1705/1703
f 1690/1706/1690 1703/1705/1703 1704/1707/1704
f 1691/1708/1691 1704/1707/1704 1705/1709/1705
f 1706/1710/1706 1705/1709/1705 1707/1711/1707
f 1708/1712/1708 1691/1694/1691 1706/1713/1706
f 1694/1714/1694 1687/1690/1687 1708/1712/1708
f 1855/1715/1855 1846/1716/1846 1852/1717/1852
f 1856/1718/1856 1844/1719/1844 1855/1715/1855
f 1857/1720/1857 1847/1721/1847 1856/1718/1856
f 1872/1722/1872 1873/1723/1873 1874/1724/1874
f 1875/1725/1875 1866/1726/1866 1872/1722/1872
f 1875/1725/1875 1876/1727/1876 1864/1728/1864
f 1877/1729/1877 1878/1730/1878 1876/1727/1876
f 1904/1731/1904 1905/1732/1905 1906/1733/1906
f 1907/1734/1907 1908/1735/1908 1905/1732/1905
f 1906/1733/1906 1909/1736/1909 1910/1737/1910
f 1905/1732/1905 1911/1738/1911 1909/1736/1909
f 1912/1739/1912 1904/1731/1904 1913/1740/1913
f 1914/1741/1914 1907/1734/1907 1904/1731/1904
f 1915/1742/1915 1916/1743/1916 1907/1734/1907
f 1917/1744/1917 1705/1709/1705 1916/1743/1916
f 1916/1743/1916 1704/1707/1704 1908/1735/1908
f 1908/1735/1908 1703/1705/1703 1911/1738/1911
f 1911/1738/1911 1702/1704/1702 1918/1745/1918
f 1909/1736/1909 1918/1745/1918 1919/1746/1919
f 1910/1737/1910 1919/1746/1919 1920/1747/1920
f 1921/1748/1921 1920/1747/1920 1922/1749/1922
f 1923/1750/1923 1910/1737/1910 1921/1748/1921
f 1913/1740/1913 1906/1733/1906 1923/1750/1923
f 1924/1751/1924 1925/1752/1925 1926/1753/1926
f 1927/1754/1927 1928/1755/1928 1925/1752/1925
f 1926/1753/1926 1929/1756/1929 1930/1757/1930
f 1925/1752/1925 1931/1758/1931 1929/1756/1929
f 1936/1759/1936 1939/1760/1939 1928/1755/1928
f 1928/1755/1928 1940/1761/1940 1931/1758/1931
f 1931/1762/1931 1941/1763/1941 1942/1764/1942
f 1929/1765/1929 1942/1764/1942 1943/1766/1943
f 1930/1767/1930 1943/1766/1943 1944/1768/1944
f 1945/1769/1945 1944/1768/1944 1946/1770/1946
f 1947/1771/1947 1930/1757/1930 1945/1772/1945
f 1933/1773/1933 1926/1753/1926 1947/1771/1947
f 1948/1774/1948 1949/1775/1949 1950/1776/1950
f 1951/1777/1951 1952/1778/1952 1948/1774/1948
f 1952/1778/1952 1953/1779/1953 1949/1775/1949
f 1954/1780/1954 1955/1781/1955 1952/1778/1952
f 1956/1782/1956 1950/1776/1950 1957/1783/1957
f 1958/1784/1958 1948/1774/1948 1950/1776/1950
f 1959/1785/1959 1948/1774/1948 1960/1786/1960
f 1857/1720/1857 1951/1777/1951 1959/1785/1959
f 1961/1700/1961 1954/1787/1954 1951/1788/1951
f 1962/1789/1962 1963/1790/1963 1954/1780/1954
f 1964/1791/1964 1965/1792/1965 1963/1790/1963
f 1963/1790/1963 1966/1793/1966 1955/1781/1955
f 1955/1781/1955 1967/1794/1967 1953/1779/1953
f 1953/1779/1953 1968/1795/1968 1969/1796/1969
f 1949/1775/1949 1969/1796/1969 1970/1797/1970
f 1957/1783/1957 1949/1775/1949 1970/1797/1970
f 1984/1798/1984 1977/1799/1977 1974/1800/1974
f 1985/1801/1985 1986/1802/1986 1977/1799/1977
f 1987/1803/1987 1988/1804/1988 1986/1802/1986
f 1986/1802/1986 1989/1805/1989 1978/1806/1978
f 1978/1806/1978 1990/1807/1990 1976/1808/1976
f 1976/1808/1976 1991/1809/1991 1992/1810/1992
f 2000/1811/2000 1991/1809/1991 2007/1812/2007
f 2001/1813/2001 2007/1812/2007 2008/1814/2008
f 2001/1813/2001 2009/1815/2009 1999/1816/1999
f 1999/1816/1999 2010/1817/2010 2011/1818/2011
f 2013/1819/2013 2014/1820/2014 2015/1821/2015
f 2016/1822/2016 2017/1823/2017 2014/1820/2014
f 2015/1821/2015 2018/1824/2018 2019/1825/2019
f 2014/1820/2014 2020/1826/2020 2018/1824/2018
f 2021/1827/2021 2013/1819/2013 1699/1828/1699
f 1877/1729/1877 2016/1822/2016 2013/1819/2013
f 1872/1722/1872 2016/1822/2016 1875/1725/1875
f 1874/1724/1874 2022/1829/2022 1872/1722/1872
f 2023/1830/2023 2017/1823/2017 2022/1829/2022
f 2017/1823/2017 2024/1831/2024 2020/1826/2020
f 2020/1826/2020 1922/1749/1922 1920/1747/1920
f 2018/1824/2018 1920/1747/1920 1919/1746/1919
f 2019/1825/2019 1919/1746/1919 1918/1745/1918
f 1701/1832/1701 1918/1745/1918 1702/1704/1702
f 1700/1833/1700 2019/1825/2019 1701/1832/1701
f 1699/1828/1699 2015/1821/2015 1700/1833/1700
f 2025/1834/2025 2026/1835/2026 2027/1836/2027
f 2028/1837/2028 2029/1838/2029 2025/1834/2025
f 2029/1838/2029 2030/1839/2030 2026/1835/2026
f 2031/1840/2031 2032/1841/2032 2029/1838/2029
f 2033/1842/2033 2034/1843/2034 2035/1844/2035
f 2036/1845/2036 2027/1836/2027 2033/1842/2033
f 2037/1846/2037 2025/1834/2025 2036/1845/2036
f 2037/1846/2037 1913/1740/1913 2028/1837/2028
f 1913/1740/1913 2031/1840/2031 2028/1837/2028
f 1923/1750/1923 2038/1847/2038 2031/1840/2031
f 1921/1748/1921 2039/1848/2039 2038/1847/2038
f 2038/1847/2038 2040/1849/2040 2032/1841/2032
f 2032/1841/2032 2041/1850/2041 2030/1839/2030
f 2042/1851/2042 2041/1850/2041 1968/1795/1968
f 2026/1835/2026 2042/1851/2042 2043/1852/2043
f 2034/1843/2034 2026/1835/2026 2043/1852/2043
f 1956/1782/1956 2044/1853/2044 2052/1854/2052
f 2053/1855/2053 2048/1856/2048 2044/1853/2044
f 2054/1857/2054 2048/1856/2048 2055/1858/2055
f 1874/1724/1874 2047/1859/2047 2054/1857/2054
f 1959/1785/1959 1858/1860/1858 1857/1720/1857
f 1960/1786/1960 2157/1861/2157 1959/1785/1959
f 1960/1786/1960 2163/1862/2163 2155/1863/2155
f 1958/1784/1958 2052/1854/2052 2163/1862/2163
f 2164/1864/2164 2165/1865/2165 2166/1866/2166
f 2167/1867/2167 2168/1868/2168 2164/1864/2164
f 2168/1868/2168 2169/1869/2169 2165/1865/2165
f 2170/1870/2170 2171/1871/2171 2168/1868/2168
f 2172/1872/2172 2173/1873/2173 2174/1874/2174
f 2175/1875/2175 2166/1866/2166 2172/1872/2172
f 2176/1876/2176 2164/1864/2164 2175/1875/2175
f 2035/1844/2035 2167/1867/2167 2176/1876/2176
f 2034/1843/2034 2170/1870/2170 2167/1867/2167
f 2043/1852/2043 2177/1877/2177 2170/1870/2170
f 2042/1851/2042 1967/1794/1967 2177/1877/2177
f 2177/1877/2177 1966/1793/1966 2171/1871/2171
f 2171/1871/2171 1965/1792/1965 2169/1869/2169
f 2169/1869/2169 2178/1878/2178 2179/1879/2179
f 2165/1865/2165 2179/1879/2179 2180/1880/2180
f 2166/1866/2166 2180/1880/2180 2173/1873/2173
f 2188/1881/2188 2010/1817/2010 2191/1882/2191
f 2186/1883/2186 2191/1882/2191 2192/1884/2192
f 2187/1885/2187 2192/1884/2192 2193/1886/2193
f 1940/1887/1940 2193/1886/2193 1941/1763/1941
f 1939/1888/1939 2187/1885/2187 1940/1887/1940
f 1938/1889/1938 2183/1890/2183 1939/1888/1939
f 2194/1891/2194 2195/1892/2195 2196/1893/2196
f 2194/1891/2194 2197/1894/2197 2198/1895/2198
f 2198/1895/2198 2199/1896/2199 2195/1892/2195
f 2198/1895/2198 2200/1897/2200 2201/1898/2201
f 2054/1857/2054 2023/1830/2023 1874/1724/1874
f 2055/1858/2055 2196/1893/2196 2054/1857/2054
f 2055/1858/2055 2202/1899/2202 2194/1891/2194
f 2053/1855/2053 1957/1783/1957 2202/1899/2202
f 2202/1899/2202 1970/1797/1970 2197/1894/2197
f 2197/1894/2197 1969/1796/1969 2200/1897/2200
f 2200/1897/2200 1968/1795/1968 2041/1850/2041
f 2201/1898/2201 2041/1850/2041 2040/1849/2040
f 2201/1898/2201 2039/1848/2039 2199/1896/2199
f 2199/1896/2199 1922/1749/1922 2024/1831/2024
f 2195/1892/2195 2024/1831/2024 2203/1900/2203
f 2196/1893/2196 2203/1900/2203 2023/1830/2023
f 2229/1901/2229 2230/1902/2230 2231/1903/2231
f 2232/1904/2232 2233/1905/2233 2230/1902/2230
f 2231/1903/2231 2234/1906/2234 2235/1907/2235
f 2230/1902/2230 2236/1908/2236 2234/1906/2234
f 1941/1763/1941 2229/1901/2229 1942/1764/1942
f 2193/1886/2193 2232/1904/2232 2229/1901/2229
f 2192/1884/2192 2237/1909/2237 2232/1904/2232
f 2191/1882/2191 2238/1910/2238 2237/1909/2237
f 2237/1909/2237 2239/1911/2239 2233/1905/2233
f 2233/1905/2233 2240/1912/2240 2236/1908/2236
f 2236/1908/2236 2241/1913/2241 2242/1914/2242
f 2234/1906/2234 2242/1914/2242 2243/1915/2243
f 2235/1907/2235 2243/1915/2243 2244/1916/2244
f 1944/1768/1944 2244/1916/2244 1946/1770/1946
f 1943/1766/1943 2235/1907/2235 1944/1768/1944
f 1942/1764/1942 2231/1903/2231 1943/1766/1943
f 2279/1917/2279 2280/1918/2280 2281/1919/2281
f 2282/1920/2282 2283/1921/2283 2279/1917/2279
f 2283/1921/2283 2284/1922/2284 2280/1918/2280
f 2285/1923/2285 2286/1924/2286 2283/1921/2283
f 2009/1815/2009 2238/1910/2238 2010/1817/2010
f 2008/1814/2008 2281/1919/2281 2009/1815/2009
f 2007/1812/2007 2279/1917/2279 2008/1814/2008
f 1991/1809/1991 2282/1920/2282 2007/1812/2007
f 2287/1925/2287 2285/1923/2285 2282/1920/2282
f 2288/1926/2288 2289/1927/2289 2285/1923/2285
f 2290/1928/2290 2291/1929/2291 2289/1927/2289
f 2286/1924/2286 2291/1929/2291 2292/1930/2292
f 2286/1924/2286 2293/1931/2293 2284/1922/2284
f 2240/1912/2240 2293/1931/2293 2241/1913/2241
f 2280/1918/2280 2240/1912/2240 2239/1911/2239
f 2238/1910/2238 2280/1918/2280 2239/1911/2239
f 2294/1932/2294 2295/1933/2295 2296/1934/2296
f 2297/1935/2297 2298/1936/2298 2295/1933/2295
f 2296/1934/2296 2299/1937/2299 2300/1938/2300
f 2295/1933/2295 2301/1939/2301 2299/1937/2299
f 2305/1940/2305 1947/1771/1947 2298/1936/2298
f 2298/1936/2298 1945/1772/1945 2301/1939/2301
f 2301/1941/2301 1946/1770/1946 2307/1942/2307
f 2299/1943/2299 2307/1942/2307 2308/1944/2308
f 2300/1945/2300 2308/1944/2308 2309/1946/2309
f 2310/1947/2310 2309/1946/2309 2174/1874/2174
f 2311/1712/2311 2300/1938/2300 2310/1713/2310
f 2302/1714/2302 2296/1934/2296 2311/1712/2311
f 2312/1948/2312 2313/1949/2313 2314/1950/2314
f 2315/1951/2315 2316/1952/2316 2312/1948/2312
f 2316/1952/2316 2317/1953/2317 2313/1949/2313
f 2318/1954/2318 2319/1955/2319 2316/1952/2316
f 1990/1807/1990 2287/1925/2287 1991/1809/1991
f 1989/1805/1989 2314/1950/2314 1990/1807/1990
f 1988/1804/1988 2312/1948/2312 1989/1805/1989
f 2320/1956/2320 2315/1951/2315 1988/1804/1988
f 2321/1957/2321 2318/1954/2318 2315/1951/2315
f 2322/1958/2322 2323/1959/2323 2318/1954/2318
f 2324/1960/2324 2325/1961/2325 2323/1959/2323
f 2323/1959/2323 2326/1962/2326 2319/1955/2319
f 2319/1955/2319 2327/1963/2327 2317/1953/2317
f 2317/1953/2317 2328/1964/2328 2290/1928/2290
f 2313/1949/2313 2290/1928/2290 2288/1926/2288
f 2314/1950/2314 2288/1926/2288 2287/1925/2287
f 2404/1754/2404 2405/1755/2405 2406/1759/2406
f 2407/1751/2407 2408/1752/2408 2404/1754/2404
f 2408/1752/2408 2409/1965/2409 2405/1755/2405
f 2410/1753/2410 2411/1756/2411 2408/1752/2408
f 2412/1773/2412 2410/1753/2410 2407/1751/2407
f 2413/1771/2413 2414/1757/2414 2410/1753/2410
f 2415/1966/2415 2324/1960/2324 2414/1967/2414
f 2414/1967/2414 2322/1958/2322 2411/1968/2411
f 2411/1968/2411 2321/1957/2321 2409/1969/2409
f 2409/1969/2409 2320/1956/2320 1987/1803/1987
f 2405/1755/2405 1987/1761/1987 1985/1760/1985
f 2406/1759/2406 1985/1760/1985 1984/1970/1984
f 2021/1827/2021 2428/1971/2428 1878/1730/1878
f 1698/1972/1698 2431/1973/2431 2428/1971/2428
f 1696/1974/1696 2436/1975/2436 2431/1973/2431
f 2437/1691/2437 2438/1692/2438 2439/1698/2439
f 2440/1688/2440 2441/1689/2441 2437/1691/2437
f 2441/1689/2441 2442/1695/2442 2438/1692/2438
f 2443/1690/2443 2444/1693/2444 2441/1689/2441
f 1856/1699/1856 1961/1700/1961 1857/1976/1857
f 1855/1697/1855 2439/1698/2439 1856/1699/1856
f 1852/1696/1852 2437/1691/2437 1855/1697/1855
f 2302/1714/2302 2443/1690/2443 2440/1688/2440
f 2311/1712/2311 2445/1694/2445 2443/1690/2443
f 2310/1947/2310 2173/1873/2173 2445/1977/2445
f 2445/1977/2445 2180/1880/2180 2444/1978/2444
f 2444/1978/2444 2179/1879/2179 2442/1979/2442
f 2442/1979/2442 2178/1878/2178 1964/1791/1964
f 2438/1692/2438 1964/1702/1964 1962/1701/1962
f 2439/1698/2439 1962/1701/1962 1961/1700/1961
f 2446/1980/2446 2447/1981/2447 2448/1982/2448
f 2449/1983/2449 2450/1984/2450 2447/1981/2447
f 2448/1982/2448 2451/1985/2451 2452/1986/2452
f 2450/1984/2450 2451/1985/2451 2447/1981/2447
f 1946/1770/1946 2446/1980/2446 2307/1942/2307
f 2244/1916/2244 2449/1983/2449 2446/1980/2446
f 2243/1915/2243 2453/1987/2453 2449/1983/2449
f 2242/1914/2242 2454/1988/2454 2453/1987/2453
f 2453/1987/2453 2455/1989/2455 2450/1984/2450
f 2455/1989/2455 2456/1990/2456 2450/1984/2450
f 2456/1990/2456 2035/1844/2035 2176/1876/2176
f 2456/1990/2456 2175/1875/2175 2451/1985/2451
f 2451/1985/2451 2172/1872/2172 2452/1986/2452
f 2309/1946/2309 2172/1872/2172 2174/1874/2174
f 2308/1944/2308 2452/1986/2452 2309/1946/2309
f 2446/1980/2446 2308/1944/2308 2307/1942/2307
f 2486/1991/2486 2487/1992/2487 2488/1993/2488
f 2489/1994/2489 2490/1995/2490 2486/1991/2486
f 2487/1992/2487 2491/1996/2491 2492/1997/2492
f 2493/1998/2493 2491/1996/2491 2490/1995/2490
f 2293/1931/2293 2454/1988/2454 2241/1913/2241
f 2292/1930/2292 2488/1993/2488 2293/1931/2293
f 2292/1930/2292 2489/1994/2489 2486/1991/2486
f 2291/1929/2291 2494/1999/2494 2489/1994/2489
f 2494/1999/2494 2493/1998/2493 2489/1994/2489
f 2493/1998/2493 2495/2000/2495 2496/2001/2496
f 2495/2000/2495 2037/1846/2037 2496/2001/2496
f 2496/2001/2496 2036/1845/2036 2491/1996/2491
f 2491/1996/2491 2033/1842/2033 2492/1997/2492
f 2492/1997/2492 2035/1844/2035 2497/2002/2497
f 2487/1992/2487 2497/2002/2497 2455/1989/2455
f 2488/1993/2488 2455/1989/2455 2454/1988/2454
f 2498/2003/2498 2499/2004/2499 2500/2005/2500
f 2501/2006/2501 2502/2007/2502 2498/2003/2498
f 2502/2007/2502 2503/2008/2503 2499/2004/2499
f 2504/2009/2504 2505/2010/2505 2502/2007/2502
f 2327/1963/2327 2494/1999/2494 2328/1964/2328
f 2327/1963/2327 2498/2003/2498 2500/2005/2500
f 2325/1961/2325 2498/2003/2498 2326/1962/2326
f 2325/1961/2325 2506/2011/2506 2501/2006/2501
f 2506/2011/2506 2504/2009/2504 2501/2006/2501
f 2507/2012/2507 2508/2013/2508 2504/2009/2504
f 2509/2014/2509 1917/1744/1917 2508/2013/2508
f 2508/2013/2508 1915/1742/1915 2505/2010/2505
f 2505/2010/2505 1914/1741/1914 2503/2008/2503
f 2495/2000/2495 1914/1741/1914 1912/1739/1912
f 2510/2015/2510 2503/2008/2503 2495/2000/2495
f 2500/2005/2500 2510/2015/2510 2494/1999/2494
f 2541/1935/2541 2542/1936/2542 2543/1940/2543
f 2544/1932/2544 2545/1933/2545 2541/1935/2541
f 2545/1933/2545 2546/1939/2546 2542/1936/2542
f 2547/1934/2547 2548/1937/2548 2545/1933/2545
f 1694/1714/1694 2547/1934/2547 2544/1932/2544
f 1708/1712/1708 2549/1938/2549 2547/1934/2547
f 1706/1710/1706 2509/2014/2509 2549/2016/2549
f 2549/2016/2549 2507/2012/2507 2548/2017/2548
f 2548/2017/2548 2506/2011/2506 2546/2018/2546
f 2546/2018/2546 2550/2019/2550 2415/1966/2415
f 2542/1936/2542 2415/1772/2415 2413/1771/2413
f 2543/1940/2543 2413/1771/2413 2412/1773/2412
f 1685/1688/1685 1688/1691/1688 1686/1689/1686
f 1688/1691/1688 1697/1698/1697 1689/1692/1689
f 1687/1690/1687 1686/1689/1686 1690/1693/1690
f 1686/1689/1686 1689/1692/1689 1692/1695/1692
f 1695/1696/1695 1696/1697/1696 1688/1691/1688
f 1696/1697/1696 1698/1699/1698 1697/1698/1697
f 1698/1699/1698 2021/1976/2021 1699/1700/1699
f 1697/1698/1697 1699/1700/1699 1700/1701/1700
f 1689/1692/1689 1700/1701/1700 1701/1702/1701
f 1692/1703/1692 1701/1832/1701 1702/1704/1702
f 1690/1706/1690 1692/1703/1692 1703/1705/1703
f 1691/1708/1691 1690/1706/1690 1704/1707/1704
f 1706/1710/1706 1691/1708/1691 1705/1709/1705
f 1708/1712/1708 1687/1690/1687 1691/1694/1691
f 1694/1714/1694 1685/1688/1685 1687/1690/1687
f 1855/1715/1855 1844/1719/1844 1846/1716/1846
f 1856/1718/1856 1847/1721/1847 1844/1719/1844
f 1857/1720/1857 1858/1860/1858 1847/1721/1847
f 1872/1722/1872 1866/1726/1866 1873/1723/1873
f 1875/1725/1875 1864/1728/1864 1866/1726/1866
f 1875/1725/1875 1877/1729/1877 1876/1727/1876
f 1877/1729/1877 2021/1827/2021 1878/1730/1878
f 1904/1731/1904 1907/1734/1907 1905/1732/1905
f 1907/1734/1907 1916/1743/1916 1908/1735/1908
f 1906/1733/1906 1905/1732/1905 1909/1736/1909
f 1905/1732/1905 1908/1735/1908 1911/1738/1911
f 1912/1739/1912 1914/1741/1914 1904/1731/1904
f 1914/1741/1914 1915/1742/1915 1907/1734/1907
f 1915/1742/1915 1917/1744/1917 1916/1743/1916
f 1917/1744/1917 1707/1711/1707 1705/1709/1705
f 1916/1743/1916 1705/1709/1705 1704/1707/1704
f 1908/1735/1908 1704/1707/1704 1703/1705/1703
f 1911/1738/1911 1703/1705/1703 1702/1704/1702
f 1909/1736/1909 1911/1738/1911 1918/1745/1918
f 1910/1737/1910 1909/1736/1909 1919/1746/1919
f 1921/1748/1921 1910/1737/1910 1920/1747/1920
f 1923/1750/1923 1906/1733/1906 1910/1737/1910
f 1913/1740/1913 1904/1731/1904 1906/1733/1906
f 1924/1751/1924 1927/1754/1927 1925/1752/1925
f 1927/1754/1927 1936/1759/1936 1928/1755/1928
f 1926/1753/1926 1925/1752/1925 1929/1756/1929
f 1925/1752/1925 1928/1755/1928 1931/1758/1931
f 1936/1759/1936 1938/1970/1938 1939/1760/1939
f 1928/1755/1928 1939/1760/1939 1940/1761/1940
f 1931/1762/1931 1940/1887/1940 1941/1763/1941
f 1929/1765/1929 1931/1762/1931 1942/1764/1942
f 1930/1767/1930 1929/1765/1929 1943/1766/1943
f 1945/1769/1945 1930/1767/1930 1944/1768/1944
f 1947/1771/1947 1926/1753/1926 1930/1757/1930
f 1933/1773/1933 1924/1751/1924 1926/1753/1926
f 1948/1774/1948 1952/1778/1952 1949/1775/1949
f 1951/1777/1951 1954/1780/1954 1952/1778/1952
f 1952/1778/1952 1955/1781/1955 1953/1779/1953
f 1954/1780/1954 1963/1790/1963 1955/1781/1955
f 1956/1782/1956 1958/1784/1958 1950/1776/1950
f 1958/1784/1958 1960/1786/1960 1948/1774/1948
f 1959/1785/1959 1951/1777/1951 1948/1774/1948
f 1857/1720/1857 1961/2020/1961 1951/1777/1951
f 1961/1700/1961 1962/1701/1962 1954/1787/1954
f 1962/1789/1962 1964/1791/1964 1963/1790/1963
f 1964/1791/1964 2178/1878/2178 1965/1792/1965
f 1963/1790/1963 1965/1792/1965 1966/1793/1966
f 1955/1781/1955 1966/1793/1966 1967/1794/1967
f 1953/1779/1953 1967/1794/1967 1968/1795/1968
f 1949/1775/1949 1953/1779/1953 1969/1796/1969
f 1957/1783/1957 1950/1776/1950 1949/1775/1949
f 1984/1798/1984 1985/1801/1985 1977/1799/1977
f 1985/1801/1985 1987/1803/1987 1986/1802/1986
f 1987/1803/1987 2320/1956/2320 1988/1804/1988
f 1986/1802/1986 1988/1804/1988 1989/1805/1989
f 1978/1806/1978 1989/1805/1989 1990/1807/1990
f 1976/1808/1976 1990/1807/1990 1991/1809/1991
f 2000/1811/2000 1992/1810/1992 1991/1809/1991
f 2001/1813/2001 2000/1811/2000 2007/1812/2007
f 2001/1813/2001 2008/1814/2008 2009/1815/2009
f 1999/1816/1999 2009/1815/2009 2010/1817/2010
f 2013/1819/2013 2016/1822/2016 2014/1820/2014
f 2016/1822/2016 2022/1829/2022 2017/1823/2017
f 2015/1821/2015 2014/1820/2014 2018/1824/2018
f 2014/1820/2014 2017/1823/2017 2020/1826/2020
f 2021/1827/2021 1877/1729/1877 2013/1819/2013
f 1877/1729/1877 1875/1725/1875 2016/1822/2016
f 1872/1722/1872 2022/1829/2022 2016/1822/2016
f 1874/1724/1874 2023/1830/2023 2022/1829/2022
f 2023/1830/2023 2203/1900/2203 2017/1823/2017
f 2017/1823/2017 2203/1900/2203 2024/1831/2024
f 2020/1826/2020 2024/1831/2024 1922/1749/1922
f 2018/1824/2018 2020/1826/2020 1920/1747/1920
f 2019/1825/2019 2018/1824/2018 1919/1746/1919
f 1701/1832/1701 2019/1825/2019 1918/1745/1918
f 1700/1833/1700 2015/1821/2015 2019/1825/2019
f 1699/1828/1699 2013/1819/2013 2015/1821/2015
f 2025/1834/2025 2029/1838/2029 2026/1835/2026
f 2028/1837/2028 2031/1840/2031 2029/1838/2029
f 2029/1838/2029 2032/1841/2032 2030/1839/2030
f 2031/1840/2031 2038/1847/2038 2032/1841/2032
f 2033/1842/2033 2027/1836/2027 2034/1843/2034
f 2036/1845/2036 2025/1834/2025 2027/1836/2027
f 2037/1846/2037 2028/1837/2028 2025/1834/2025
f 2037/1846/2037 1912/1739/1912 1913/1740/1913
f 1913/1740/1913 1923/1750/1923 2031/1840/2031
f 1923/1750/1923 1921/1748/1921 2038/1847/2038
f 1921/1748/1921 1922/1749/1922 2039/1848/2039
f 2038/1847/2038 2039/1848/2039 2040/1849/2040
f 2032/1841/2032 2040/1849/2040 2041/1850/2041
f 2042/1851/2042 2030/1839/2030 2041/1850/2041
f 2026/1835/2026 2030/1839/2030 2042/1851/2042
f 2034/1843/2034 2027/1836/2027 2026/1835/2026
f 1956/1782/1956 2053/1855/2053 2044/1853/2044
f 2053/1855/2053 2055/1858/2055 2048/1856/2048
f 2054/1857/2054 2047/1859/2047 2048/1856/2048
f 1874/1724/1874 1873/1723/1873 2047/1859/2047
f 1959/1785/1959 2157/1861/2157 1858/1860/1858
f 1960/1786/1960 2155/1863/2155 2157/1861/2157
f 1960/1786/1960 1958/1784/1958 2163/1862/2163
f 1958/1784/1958 1956/1782/1956 2052/1854/2052
f 2164/1864/2164 2168/1868/2168 2165/1865/2165
f 2167/1867/2167 2170/1870/2170 2168/1868/2168
f 2168/1868/2168 2171/1871/2171 2169/1869/2169
f 2170/1870/2170 2177/1877/2177 2171/1871/2171
f 2172/1872/2172 2166/1866/2166 2173/1873/2173
f 2175/1875/2175 2164/1864/2164 2166/1866/2166
f 2176/1876/2176 2167/1867/2167 2164/1864/2164
f 2035/1844/2035 2034/1843/2034 2167/1867/2167
f 2034/1843/2034 2043/1852/2043 2170/1870/2170
f 2043/1852/2043 2042/1851/2042 2177/1877/2177
f 2042/1851/2042 1968/1795/1968 1967/1794/1967
f 2177/1877/2177 1967/1794/1967 1966/1793/1966
f 2171/1871/2171 1966/1793/1966 1965/1792/1965
f 2169/1869/2169 1965/1792/1965 2178/1878/2178
f 2165/1865/2165 2169/1869/2169 2179/1879/2179
f 2166/1866/2166 2165/1865/2165 2180/1880/2180
f 2188/1881/2188 2011/1818/2011 2010/1817/2010
f 2186/1883/2186 2188/1881/2188 2191/1882/2191
f 2187/1885/2187 2186/1883/2186 2192/1884/2192
f 1940/1887/1940 2187/1885/2187 2193/1886/2193
f 1939/1888/1939 2183/1890/2183 2187/1885/2187
f 1938/1889/1938 2181/2021/2181 2183/1890/2183
f 2194/1891/2194 2198/1895/2198 2195/1892/2195
f 2194/1891/2194 2202/1899/2202 2197/1894/2197
f 2198/1895/2198 2201/1898/2201 2199/1896/2199
f 2198/1895/2198 2197/1894/2197 2200/1897/2200
f 2054/1857/2054 2196/1893/2196 2023/1830/2023
f 2055/1858/2055 2194/1891/2194 2196/1893/2196
f 2055/1858/2055 2053/1855/2053 2202/1899/2202
f 2053/1855/2053 1956/1782/1956 1957/1783/1957
f 2202/1899/2202 1957/1783/1957 1970/1797/1970
f 2197/1894/2197 1970/1797/1970 1969/1796/1969
f 2200/1897/2200 1969/1796/1969 1968/1795/1968
f 2201/1898/2201 2200/1897/2200 2041/1850/2041
f 2201/1898/2201 2040/1849/2040 2039/1848/2039
f 2199/1896/2199 2039/1848/2039 1922/1749/1922
f 2195/1892/2195 2199/1896/2199 2024/1831/2024
f 2196/1893/2196 2195/1892/2195 2203/1900/2203
f 2229/1901/2229 2232/1904/2232 2230/1902/2230
f 2232/1904/2232 2237/1909/2237 2233/1905/2233
f 2231/1903/2231 2230/1902/2230 2234/1906/2234
f 2230/1902/2230 2233/1905/2233 2236/1908/2236
f 1941/1763/1941 2193/1886/2193 2229/1901/2229
f 2193/1886/2193 2192/1884/2192 2232/1904/2232
f 2192/1884/2192 2191/1882/2191 2237/1909/2237
f 2191/1882/2191 2010/1817/2010 2238/1910/2238
f 2237/1909/2237 2238/1910/2238 2239/1911/2239
f 2233/1905/2233 2239/1911/2239 2240/1912/2240
f 2236/1908/2236 2240/1912/2240 2241/1913/2241
f 2234/1906/2234 2236/1908/2236 2242/1914/2242
f 2235/1907/2235 2234/1906/2234 2243/1915/2243
f 1944/1768/1944 2235/1907/2235 2244/1916/2244
f 1943/1766/1943 2231/1903/2231 2235/1907/2235
f 1942/1764/1942 2229/1901/2229 2231/1903/2231
f 2279/1917/2279 2283/1921/2283 2280/1918/2280
f 2282/1920/2282 2285/1923/2285 2283/1921/2283
f 2283/1921/2283 2286/1924/2286 2284/1922/2284
f 2285/1923/2285 2289/1927/2289 2286/1924/2286
f 2009/1815/2009 2281/1919/2281 2238/1910/2238
f 2008/1814/2008 2279/1917/2279 2281/1919/2281
f 2007/1812/2007 2282/1920/2282 2279/1917/2279
f 1991/1809/1991 2287/1925/2287 2282/1920/2282
f 2287/1925/2287 2288/1926/2288 2285/1923/2285
f 2288/1926/2288 2290/1928/2290 2289/1927/2289
f 2290/1928/2290 2328/1964/2328 2291/1929/2291
f 2286/1924/2286 2289/1927/2289 2291/1929/2291
f 2286/1924/2286 2292/1930/2292 2293/1931/2293
f 2240/1912/2240 2284/1922/2284 2293/1931/2293
f 2280/1918/2280 2284/1922/2284 2240/1912/2240
f 2238/1910/2238 2281/1919/2281 2280/1918/2280
f 2294/1932/2294 2297/1935/2297 2295/1933/2295
f 2297/1935/2297 2305/1940/2305 2298/1936/2298
f 2296/1934/2296 2295/1933/2295 2299/1937/2299
f 2295/1933/2295 2298/1936/2298 2301/1939/2301
f 2305/1940/2305 1933/1773/1933 1947/1771/1947
f 2298/1936/2298 1947/1771/1947 1945/1772/1945
f 2301/1941/2301 1945/1769/1945 1946/1770/1946
f 2299/1943/2299 2301/1941/2301 2307/1942/2307
f 2300/1945/2300 2299/1943/2299 2308/1944/2308
f 2310/1947/2310 2300/1945/2300 2309/1946/2309
f 2311/1712/2311 2296/1934/2296 2300/1938/2300
f 2302/1714/2302 2294/1932/2294 2296/1934/2296
f 2312/1948/2312 2316/1952/2316 2313/1949/2313
f 2315/1951/2315 2318/1954/2318 2316/1952/2316
f 2316/1952/2316 2319/1955/2319 2317/1953/2317
f 2318/1954/2318 2323/1959/2323 2319/1955/2319
f 1990/1807/1990 2314/1950/2314 2287/1925/2287
f 1989/1805/1989 2312/1948/2312 2314/1950/2314
f 1988/1804/1988 2315/1951/2315 2312/1948/2312
f 2320/1956/2320 2321/1957/2321 2315/1951/2315
f 2321/1957/2321 2322/1958/2322 2318/1954/2318
f 2322/1958/2322 2324/1960/2324 2323/1959/2323
f 2324/1960/2324 2550/2019/2550 2325/1961/2325
f 2323/1959/2323 2325/1961/2325 2326/1962/2326
f 2319/1955/2319 2326/1962/2326 2327/1963/2327
f 2317/1953/2317 2327/1963/2327 2328/1964/2328
f 2313/1949/2313 2317/1953/2317 2290/1928/2290
f 2314/1950/2314 2313/1949/2313 2288/1926/2288
f 2404/1754/2404 2408/1752/2408 2405/1755/2405
f 2407/1751/2407 2410/1753/2410 2408/1752/2408
f 2408/1752/2408 2411/1756/2411 2409/1965/2409
f 2410/1753/2410 2414/1757/2414 2411/1756/2411
f 2412/1773/2412 2413/1771/2413 2410/1753/2410
f 2413/1771/2413 2415/1772/2415 2414/1757/2414
f 2415/1966/2415 2550/2019/2550 2324/1960/2324
f 2414/1967/2414 2324/1960/2324 2322/1958/2322
f 2411/1968/2411 2322/1958/2322 2321/1957/2321
f 2409/1969/2409 2321/1957/2321 2320/1956/2320
f 2405/1755/2405 2409/1965/2409 1987/1761/1987
f 2406/1759/2406 2405/1755/2405 1985/1760/1985
f 2021/1827/2021 1698/1972/1698 2428/1971/2428
f 1698/1972/1698 1696/1974/1696 2431/1973/2431
f 1696/1974/1696 1695/2022/1695 2436/1975/2436
f 2437/1691/2437 2441/1689/2441 2438/1692/2438
f 2440/1688/2440 2443/1690/2443 2441/1689/2441
f 2441/1689/2441 2444/1693/2444 2442/1695/2442
f 2443/1690/2443 2445/1694/2445 2444/1693/2444
f 1856/1699/1856 2439/1698/2439 1961/1700/1961
f 1855/1697/1855 2437/1691/2437 2439/1698/2439
f 1852/1696/1852 2440/1688/2440 2437/1691/2437
f 2302/1714/2302 2311/1712/2311 2443/1690/2443
f 2311/1712/2311 2310/1713/2310 2445/1694/2445
f 2310/1947/2310 2174/1874/2174 2173/1873/2173
f 2445/1977/2445 2173/1873/2173 2180/1880/2180
f 2444/1978/2444 2180/1880/2180 2179/1879/2179
f 2442/1979/2442 2179/1879/2179 2178/1878/2178
f 2438/1692/2438 2442/1695/2442 1964/1702/1964
f 2439/1698/2439 2438/1692/2438 1962/1701/1962
f 2446/1980/2446 2449/1983/2449 2447/1981/2447
f 2449/1983/2449 2453/1987/2453 2450/1984/2450
f 2448/1982/2448 2447/1981/2447 2451/1985/2451
f 2450/1984/2450 2456/1990/2456 2451/1985/2451
f 1946/1770/1946 2244/1916/2244 2446/1980/2446
f 2244/1916/2244 2243/1915/2243 2449/1983/2449
f 2243/1915/2243 2242/1914/2242 2453/1987/2453
f 2242/1914/2242 2241/1913/2241 2454/1988/2454
f 2453/1987/2453 2454/1988/2454 2455/1989/2455
f 2455/1989/2455 2497/2002/2497 2456/1990/2456
f 2456/1990/2456 2497/2002/2497 2035/1844/2035
f 2456/1990/2456 2176/1876/2176 2175/1875/2175
f 2451/1985/2451 2175/1875/2175 2172/1872/2172
f 2309/1946/2309 2452/1986/2452 2172/1872/2172
f 2308/1944/2308 2448/1982/2448 2452/1986/2452
f 2446/1980/2446 2448/1982/2448 2308/1944/2308
f 2486/1991/2486 2490/1995/2490 2487/1992/2487
f 2489/1994/2489 2493/1998/2493 2490/1995/2490
f 2487/1992/2487 2490/1995/2490 2491/1996/2491
f 2493/1998/2493 2496/2001/2496 2491/1996/2491
f 2293/1931/2293 2488/1993/2488 2454/1988/2454
f 2292/1930/2292 2486/1991/2486 2488/1993/2488
f 2292/1930/2292 2291/1929/2291 2489/1994/2489
f 2291/1929/2291 2328/1964/2328 2494/1999/2494
f 2494/1999/2494 2510/2015/2510 2493/1998/2493
f 2493/1998/2493 2510/2015/2510 2495/2000/2495
f 2495/2000/2495 1912/1739/1912 2037/1846/2037
f 2496/2001/2496 2037/1846/2037 2036/1845/2036
f 2491/1996/2491 2036/1845/2036 2033/1842/2033
f 2492/1997/2492 2033/1842/2033 2035/1844/2035
f 2487/1992/2487 2492/1997/2492 2497/2002/2497
f 2488/1993/2488 2487/1992/2487 2455/1989/2455
f 2498/2003/2498 2502/2007/2502 2499/2004/2499
f 2501/2006/2501 2504/2009/2504 2502/2007/2502
f 2502/2007/2502 2505/2010/2505 2503/2008/2503
f 2504/2009/2504 2508/2013/2508 2505/2010/2505
f 2327/1963/2327 2500/2005/2500 2494/1999/2494
f 2327/1963/2327 2326/1962/2326 2498/2003/2498
f 2325/1961/2325 2501/2006/2501 2498/2003/2498
f 2325/1961/2325 2550/2019/2550 2506/2011/2506
f 2506/2011/2506 2507/2012/2507 2504/2009/2504
f 2507/2012/2507 2509/2014/2509 2508/2013/2508
f 2509/2014/2509 1707/1711/1707 1917/1744/1917
f 2508/2013/2508 1917/1744/1917 1915/1742/1915
f 2505/2010/2505 1915/1742/1915 1914/1741/1914
f 2495/2000/2495 2503/2008/2503 1914/1741/1914
f 2510/2015/2510 2499/2004/2499 2503/2008/2503
f 2500/2005/2500 2499/2004/2499 2510/2015/2510
f 2541/1935/2541 2545/1933/2545 2542/1936/2542
f 2544/1932/2544 2547/1934/2547 2545/1933/2545
f 2545/1933/2545 2548/1937/2548 2546/1939/2546
f 2547/1934/2547 2549/1938/2549 2548/1937/2548
f 1694/1714/1694 1708/1712/1708 2547/1934/2547
f 1708/1712/1708 1706/1713/1706 2549/1938/2549
f 1706/1710/1706 1707/1711/1707 2509/2014/2509
f 2549/2016/2549 2509/2014/2509 2507/2012/2507
f 2548/2017/2548 2507/2012/2507 2506/2011/2506
f 2546/2018/2546 2506/2011/2506 2550/2019/2550
f 2542/1936/2542 2546/1939/2546 2415/1772/2415
f 2543/1940/2543 2542/1936/2542 2413/1771/2413
usemtl mat2
f 1693/2023/1693 1685/2024/1685 1694/2025/1694
f 1709/2026/1709 1710/2027/1710 1711/2028/1711
f 1712/2029/1712 1713/2030/1713 1710/2027/1710
f 1711/2028/1711 1714/2031/1714 1715/2032/1715
f 1710/2027/1710 1716/2033/1716 1714/2031/1714
f 1717/2034/1717 1709/2026/1709 1718/2035/1718
f 1719/2036/1719 1712/2029/1712 1709/2026/1709
f 1720/2037/1720 1721/2038/1721 1712/2029/1712
f 1722/2039/1722 1723/2040/1723 1721/2038/1721
f 1721/2038/1721 1724/2041/1724 1713/2030/1713
f 1713/2030/1713 1725/2042/1725 1716/2033/1716
f 1716/2043/1716 1726/2044/1726 1727/2045/1727
f 1714/2046/1714 1727/2045/1727 1728/2047/1728
f 1714/2046/1714 1729/2048/1729 1715/2049/1715
f 1715/2049/1715 1730/2050/1730 1731/2051/1731
f 1732/2052/1732 1715/2032/1715 1731/2053/1731
f 1718/2035/1718 1711/2028/1711 1732/2052/1732
f 1733/2054/1733 1734/2055/1734 1735/2056/1735
f 1733/2054/1733 1736/2057/1736 1737/2058/1737
f 1734/2055/1734 1738/2059/1738 1739/2060/1739
f 1737/2058/1737 1740/2061/1740 1738/2059/1738
f 1741/2062/1741 1742/2063/1742 1743/2064/1743
f 1744/2065/1744 1735/2056/1735 1741/2062/1741
f 1745/2066/1745 1733/2054/1733 1744/2065/1744
f 1746/2067/1746 1747/2068/1747 1745/2066/1745
f 1747/2068/1747 1748/2069/1748 1736/2057/1736
f 1736/2057/1736 1749/2070/1749 1740/2061/1740
f 1740/2061/1740 1750/2071/1750 1751/2072/1751
f 1738/2059/1738 1751/2072/1751 1752/2073/1752
f 1739/2060/1739 1752/2073/1752 1753/2074/1753
f 1754/2075/1754 1753/2074/1753 1755/2076/1755
f 1734/2055/1734 1754/2075/1754 1756/2077/1756
f 1735/2056/1735 1756/2077/1756 1742/2063/1742
f 1757/2078/1757 1758/2079/1758 1759/2080/1759
f 1760/2081/1760 1761/2082/1761 1758/2079/1758
f 1759/2080/1759 1762/2083/1762 1763/2084/1763
f 1758/2079/1758 1764/2085/1764 1762/2083/1762
f 1765/2086/1765 1766/2087/1766 1767/2088/1767
f 1768/2089/1768 1757/2078/1757 1765/2086/1765
f 1769/2090/1769 1760/2081/1760 1768/2089/1768
f 1770/2091/1770 1771/2092/1771 1769/2090/1769
f 1771/2092/1771 1772/2093/1772 1761/2082/1761
f 1761/2082/1761 1773/2094/1773 1764/2085/1764
f 1764/2085/1764 1774/2044/1774 1775/2045/1775
f 1762/2083/1762 1775/2045/1775 1776/2047/1776
f 1763/2084/1763 1776/2047/1776 1777/2048/1777
f 1778/2095/1778 1777/2048/1777 1779/2050/1779
f 1780/2096/1780 1763/2084/1763 1778/2095/1778
f 1757/2078/1757 1780/2096/1780 1766/2087/1766
f 1781/2097/1781 1782/2098/1782 1783/2099/1783
f 1784/2100/1784 1785/2101/1785 1781/2097/1781
f 1785/2101/1785 1786/2102/1786 1782/2098/1782
f 1787/2103/1787 1788/2104/1788 1785/2101/1785
f 1789/2105/1789 1790/2106/1790 1791/2107/1791
f 1792/2108/1792 1783/2099/1783 1789/2105/1789
f 1793/2109/1793 1781/2110/1781 1792/2111/1792
f 1793/2109/1793 1794/2112/1794 1784/2113/1784
f 1794/2112/1794 1787/2114/1787 1784/2113/1784
f 1795/2115/1795 1796/2116/1796 1787/2114/1787
f 1797/2094/1797 1725/2117/1725 1796/2116/1796
f 1796/2118/1796 1724/2041/1724 1788/2119/1788
f 1788/2119/1788 1723/2040/1723 1786/2120/1786
f 1786/2120/1786 1798/2121/1798 1799/2122/1799
f 1782/2098/1782 1799/2123/1799 1800/2124/1800
f 1783/2099/1783 1800/2124/1800 1790/2106/1790
f 1801/2125/1801 1802/2126/1802 1803/2127/1803
f 1801/2125/1801 1804/2128/1804 1805/2129/1805
f 1802/2126/1802 1806/2130/1806 1807/2131/1807
f 1805/2129/1805 1808/2132/1808 1806/2130/1806
f 1809/2133/1809 1810/2134/1810 1811/2135/1811
f 1812/2136/1812 1803/2127/1803 1809/2133/1809
f 1813/2137/1813 1801/2125/1801 1812/2136/1812
f 1813/2138/1813 1814/2139/1814 1815/2140/1815
f 1814/2139/1814 1804/2141/1804 1815/2140/1815
f 1804/2141/1804 1816/2070/1816 1808/2142/1808
f 1808/2142/1808 1817/2071/1817 1818/2143/1818
f 1806/2130/1806 1818/2144/1818 1819/2145/1819
f 1807/2131/1807 1819/2145/1819 1820/2146/1820
f 1821/2147/1821 1820/2146/1820 1822/2148/1822
f 1802/2126/1802 1821/2147/1821 1823/2149/1823
f 1803/2127/1803 1823/2149/1823 1810/2134/1810
f 1824/2150/1824 1825/2151/1825 1826/2152/1826
f 1827/2153/1827 1828/2154/1828 1824/2150/1824
f 1828/2154/1828 1829/2155/1829 1825/2151/1825
f 1830/2156/1830 1831/2157/1831 1828/2154/1828
f 1832/2158/1832 1833/2159/1833 1834/2160/1834
f 1835/2161/1835 1826/2162/1826 1832/2158/1832
f 1836/2163/1836 1824/2164/1824 1835/2161/1835
f 1836/2163/1836 1837/2165/1837 1827/2166/1827
f 1827/2167/1827 1838/2168/1838 1830/2169/1830
f 1830/2169/1830 1839/2170/1839 1840/2171/1840
f 1840/2171/1840 1841/2067/1841 1813/2138/1813
f 1840/2172/1840 1812/2136/1812 1831/2157/1831
f 1831/2157/1831 1809/2133/1809 1829/2155/1829
f 1829/2155/1829 1811/2135/1811 1842/2173/1842
f 1825/2151/1825 1842/2173/1842 1843/2174/1843
f 1826/2152/1826 1843/2174/1843 1833/2175/1833
f 1844/2176/1844 1845/2177/1845 1846/2178/1846
f 1847/2179/1847 1848/2180/1848 1844/2176/1844
f 1848/2180/1848 1849/2181/1849 1845/2177/1845
f 1850/2182/1850 1851/2183/1851 1848/2180/1848
f 1852/2184/1852 1853/2185/1853 1854/2186/1854
f 1858/2187/1858 1850/2182/1850 1847/2179/1847
f 1859/2188/1859 1860/2189/1860 1850/2182/1850
f 1861/2190/1861 1769/2090/1769 1860/2189/1860
f 1860/2189/1860 1768/2089/1768 1851/2183/1851
f 1851/2183/1851 1765/2086/1765 1849/2181/1849
f 1849/2181/1849 1767/2088/1767 1862/2191/1862
f 1845/2177/1845 1862/2191/1862 1863/2192/1863
f 1846/2178/1846 1863/2192/1863 1853/2193/1853
f 1864/2194/1864 1865/2195/1865 1866/2196/1866
f 1864/2197/1864 1867/2198/1867 1868/2199/1868
f 1868/2200/1868 1869/2201/1869 1865/2195/1865
f 1868/2202/1868 1870/2203/1870 1871/2204/1871
f 1876/2205/1876 1879/2188/1879 1867/2206/1867
f 1867/2206/1867 1880/2190/1880 1870/2203/1870
f 1870/2203/1870 1881/2091/1881 1793/2109/1793
f 1871/2204/1871 1793/2109/1793 1792/2111/1792
f 1871/2207/1871 1789/2105/1789 1869/2201/1869
f 1869/2201/1869 1791/2107/1791 1882/2208/1882
f 1865/2195/1865 1882/2208/1882 1883/2209/1883
f 1866/2196/1866 1883/2209/1883 1873/2210/1873
f 1884/2211/1884 1885/2212/1885 1886/2213/1886
f 1887/2214/1887 1888/2215/1888 1884/2211/1884
f 1888/2215/1888 1889/2216/1889 1885/2212/1885
f 1890/2217/1890 1891/2218/1891 1888/2215/1888
f 1892/2219/1892 1893/2220/1893 1894/2221/1894
f 1895/2222/1895 1886/2223/1886 1892/2219/1892
f 1896/2224/1896 1884/2225/1884 1895/2222/1895
f 1897/2226/1897 1887/2227/1887 1896/2224/1896
f 1898/2228/1898 1890/2217/1890 1887/2214/1887
f 1899/2168/1899 1900/2229/1900 1890/2217/1890
f 1901/2170/1901 1745/2066/1745 1900/2229/1900
f 1900/2229/1900 1744/2065/1744 1891/2218/1891
f 1891/2218/1891 1741/2062/1741 1889/2216/1889
f 1889/2216/1889 1743/2064/1743 1902/2230/1902
f 1885/2212/1885 1902/2230/1902 1903/2231/1903
f 1886/2213/1886 1903/2231/1903 1893/2232/1893
f 1932/2233/1932 1924/2234/1924 1933/2235/1933
f 1934/2236/1934 1927/2237/1927 1924/2234/1924
f 1935/2238/1935 1936/2239/1936 1927/2237/1927
f 1937/2240/1937 1938/2241/1938 1936/2239/1936
f 1971/2242/1971 1972/2243/1972 1973/2244/1973
f 1974/2245/1974 1972/2243/1972 1975/2246/1975
f 1972/2243/1972 1976/2247/1976 1973/2244/1973
f 1977/2248/1977 1978/2249/1978 1972/2243/1972
f 1979/2250/1979 1971/2242/1971 1980/2251/1980
f 1981/2252/1981 1975/2246/1975 1971/2242/1971
f 1982/2253/1982 1974/2245/1974 1975/2246/1975
f 1897/2226/1897 1974/2245/1974 1983/2254/1983
f 1993/2255/1993 1976/2247/1976 1992/2256/1992
f 1980/2251/1980 1973/2244/1973 1993/2255/1993
f 1994/2257/1994 1995/2258/1995 1996/2259/1996
f 1994/2257/1994 1997/2260/1997 1998/2261/1998
f 1998/2261/1998 1999/2262/1999 1995/2258/1995
f 1998/2261/1998 2000/2263/2000 2001/2264/2001
f 2002/2265/2002 2003/2266/2003 1834/2160/1834
f 2004/2267/2004 1996/2259/1996 2002/2265/2002
f 2004/2267/2004 2005/2268/2005 1994/2257/1994
f 2006/2269/2006 1980/2251/1980 2005/2268/2005
f 2005/2268/2005 1993/2255/1993 1997/2260/1997
f 1997/2260/1997 1992/2256/1992 2000/2263/2000
f 1995/2258/1995 2011/2270/2011 2012/2271/2012
f 1996/2259/1996 2012/2271/2012 2003/2266/2003
f 2044/2272/2044 2045/2273/2045 2046/2274/2046
f 2047/2275/2047 2045/2273/2045 2048/2276/2048
f 2046/2274/2046 2049/2277/2049 2050/2278/2050
f 2051/2279/2051 2049/2277/2049 2045/2273/2045
f 1873/2210/1873 2051/2279/2051 2047/2275/2047
f 1883/2209/1883 2056/2280/2056 2051/2279/2051
f 1882/2208/1882 2057/2281/2057 2056/2280/2056
f 2056/2280/2056 2058/2282/2058 2049/2277/2049
f 2050/2278/2050 2058/2282/2058 2059/2283/2059
f 2060/2284/2060 2059/2283/2059 2061/2285/2061
f 2062/2286/2062 2050/2278/2050 2060/2284/2060
f 2052/2287/2052 2046/2274/2046 2062/2286/2062
f 2063/2288/2063 2064/2289/2064 2065/2290/2065
f 2066/2291/2066 2067/2292/2067 2064/2289/2064
f 2065/2290/2065 2068/2293/2068 2069/2294/2069
f 2064/2289/2064 2070/2295/2070 2068/2293/2068
f 1983/2254/1983 1898/2296/1898 1897/2226/1897
f 1983/2254/1983 2066/2297/2066 2063/2298/2063
f 1982/2253/1982 2071/2299/2071 2066/2297/2066
f 1981/2252/1981 2072/2300/2072 2071/2299/2071
f 2071/2301/2071 2073/2302/2073 2067/2292/2067
f 2067/2292/2067 2074/2303/2074 2070/2295/2070
f 2070/2295/2070 2075/2304/2075 2076/2305/2076
f 2068/2293/2068 2076/2305/2076 2077/2306/2077
f 2069/2294/2069 2077/2306/2077 2078/2307/2078
f 2069/2171/2069 1746/2067/1746 1901/2170/1901
f 2065/2169/2065 1901/2170/1901 1899/2168/1899
f 2063/2167/2063 1899/2168/1899 1898/2228/1898
f 2079/2308/2079 2080/2309/2080 2081/2310/2081
f 2079/2308/2079 2082/2311/2082 2083/2312/2083
f 2083/2312/2083 2084/2313/2084 2080/2309/2080
f 2082/2311/2082 2085/2314/2085 2083/2312/2083
f 2078/2138/2078 2086/2139/2086 1746/2067/1746
f 2078/2307/2078 2079/2308/2079 2081/2310/2081
f 2077/2306/2077 2087/2315/2087 2079/2308/2079
f 2076/2305/2076 2088/2316/2088 2087/2315/2087
f 2087/2315/2087 2089/2317/2089 2082/2311/2082
f 2082/2311/2082 2090/2318/2090 2091/2319/2091
f 2090/2318/2090 2092/2320/2092 2091/2319/2091
f 2091/2319/2091 2093/2321/2093 2085/2314/2085
f 2085/2314/2085 2094/2322/2094 2084/2313/2084
f 2084/2142/2084 1750/2071/1750 1749/2070/1749
f 2080/2323/2080 1749/2070/1749 1748/2069/1748
f 2086/2139/2086 2080/2323/2080 1748/2069/1748
f 2095/2324/2095 2096/2325/2096 2097/2326/2097
f 2098/2327/2098 2096/2325/2096 2099/2328/2099
f 2097/2326/2097 2100/2329/2100 2101/2330/2101
f 2102/2331/2102 2100/2329/2100 2096/2325/2096
f 2061/2285/2061 2095/2324/2095 2103/2332/2103
f 2059/2283/2059 2099/2328/2099 2095/2324/2095
f 2057/2281/2057 2099/2328/2099 2058/2282/2058
f 1791/2107/1791 2098/2327/2098 2057/2281/2057
f 1790/2106/1790 2102/2331/2102 2098/2327/2098
f 1800/2124/1800 2104/2333/2104 2102/2331/2102
f 1799/2122/1799 2105/2334/2105 2104/2335/2104
f 2104/2335/2104 2106/2336/2106 2100/2337/2100
f 2101/2338/2101 2106/2336/2106 2107/2339/2107
f 2108/2340/2108 2107/2339/2107 2109/2341/2109
f 2110/2342/2110 2101/2330/2101 2108/2343/2108
f 2103/2332/2103 2097/2326/2097 2110/2342/2110
f 2111/2344/2111 2112/2345/2112 2113/2346/2113
f 2114/2347/2114 2115/2348/2115 2111/2344/2111
f 2115/2348/2115 2116/2349/2116 2112/2345/2112
f 2115/2348/2115 2117/2350/2117 2118/2351/2118
f 2119/2352/2119 2120/2353/2120 2121/2354/2121
f 2119/2352/2119 2111/2344/2111 2113/2346/2113
f 2122/2355/2122 2111/2344/2111 2123/2356/2123
f 2122/2355/2122 2107/2339/2107 2114/2347/2114
f 2107/2339/2107 2124/2357/2124 2114/2347/2114
f 2106/2336/2106 2117/2350/2117 2124/2357/2124
f 2105/2334/2105 1722/2039/1722 2117/2350/2117
f 2117/2350/2117 1720/2037/1720 2118/2351/2118
f 2118/2351/2118 1719/2036/1719 2116/2349/2116
f 2116/2349/2116 1717/2034/1717 2125/2358/2125
f 2112/2345/2112 2125/2358/2125 2126/2359/2126
f 2113/2346/2113 2126/2359/2126 2120/2353/2120
f 2127/2360/2127 2128/2361/2128 2129/2362/2129
f 2130/2363/2130 2131/2364/2131 2127/2360/2127
f 2131/2364/2131 2132/2365/2132 2128/2361/2128
f 2133/2366/2133 2134/2367/2134 2131/2364/2131
f 1779/2050/1779 2129/2049/2129 2135/2051/2135
f 1777/2048/1777 2127/2046/2127 2129/2049/2129
f 1775/2045/1775 2127/2046/2127 1776/2047/1776
f 1774/2044/1774 2130/2043/2130 1775/2045/1775
f 2136/2368/2136 2133/2366/2133 2130/2363/2130
f 2137/2369/2137 2138/2370/2138 2133/2366/2133
f 2139/2371/2139 2122/2355/2122 2138/2370/2138
f 2138/2370/2138 2123/2356/2123 2134/2367/2134
f 2134/2367/2134 2119/2352/2119 2132/2365/2132
f 2132/2365/2132 2121/2354/2121 2140/2372/2140
f 2128/2361/2128 2140/2372/2140 2141/2373/2141
f 2129/2362/2129 2141/2373/2141 2135/2374/2135
f 2142/2113/2142 2143/2375/2143 2144/2114/2144
f 2145/2376/2145 2146/2377/2146 2143/2378/2143
f 2144/2114/2144 2147/2379/2147 2148/2116/2148
f 2143/2378/2143 2149/2380/2149 2147/2381/2147
f 2150/2109/2150 2151/2112/2151 1770/2091/1770
f 2150/2109/2150 2145/2110/2145 2142/2113/2142
f 2152/2382/2152 2153/2383/2153 2145/2376/2145
f 2154/2384/2154 2103/2332/2103 2153/2383/2153
f 2153/2383/2153 2110/2342/2110 2146/2377/2146
f 2146/2377/2146 2108/2343/2108 2149/2380/2149
f 2149/2385/2149 2109/2341/2109 2139/2371/2139
f 2147/2386/2147 2139/2371/2139 2137/2369/2137
f 2148/2116/2148 2137/2387/2137 2136/2117/2136
f 1773/2094/1773 2136/2117/2136 1774/2044/1774
f 1772/2093/1772 2148/2116/2148 1773/2094/1773
f 2151/2112/2151 2144/2114/2144 1772/2093/1772
f 2155/2388/2155 2156/2206/2156 2157/2205/2157
f 2155/2389/2155 2158/2390/2158 2159/2391/2159
f 2159/2202/2159 2160/2203/2160 2156/2206/2156
f 2159/2391/2159 2161/2392/2161 2162/2393/2162
f 2163/2394/2163 2062/2286/2062 2158/2390/2158
f 2158/2390/2158 2060/2284/2060 2161/2392/2161
f 2161/2392/2161 2061/2285/2061 2154/2384/2154
f 2162/2393/2162 2154/2384/2154 2152/2382/2152
f 2162/2204/2162 2150/2109/2150 2160/2203/2160
f 2160/2203/2160 1770/2091/1770 1861/2190/1861
f 2156/2206/2156 1861/2190/1861 1859/2188/1859
f 2157/2205/2157 1859/2188/1859 1858/2187/1858
f 2181/2395/2181 2182/2396/2182 2183/2397/2183
f 2184/2398/2184 2182/2396/2182 2185/2399/2185
f 2183/2397/2183 2186/2400/2186 2187/2401/2187
f 2182/2396/2182 2188/2402/2188 2186/2400/2186
f 2189/2403/2189 2181/2395/2181 1938/2404/1938
f 1835/2161/1835 2181/2395/2181 1836/2163/1836
f 1832/2158/1832 2185/2399/2185 1835/2161/1835
f 1834/2160/1834 2184/2398/2184 1832/2158/1832
f 2003/2266/2003 2190/2405/2190 2184/2398/2184
f 2012/2271/2012 2188/2402/2188 2190/2405/2190
f 2204/2406/2204 2205/2407/2205 2206/2408/2206
f 2207/2409/2207 2205/2407/2205 2208/2410/2208
f 2206/2408/2206 2209/2411/2209 2210/2412/2210
f 2211/2413/2211 2209/2411/2209 2205/2407/2205
f 1979/2250/1979 2204/2414/2204 2072/2300/2072
f 2006/2269/2006 2208/2415/2208 2204/2414/2204
f 2002/2265/2002 2208/2415/2208 2004/2267/2004
f 1834/2160/1834 2207/2416/2207 2002/2265/2002
f 1833/2175/1833 2211/2413/2211 2207/2409/2207
f 1843/2174/1843 2212/2417/2212 2211/2413/2211
f 1842/2173/1842 2213/2418/2213 2212/2417/2212
f 2212/2417/2212 2214/2419/2214 2209/2411/2209
f 2210/2412/2210 2214/2419/2214 2215/2420/2215
f 2074/2303/2074 2215/2420/2215 2075/2304/2075
f 2073/2302/2073 2210/2412/2210 2074/2303/2074
f 2072/2421/2072 2206/2408/2206 2073/2302/2073
f 2216/2422/2216 2217/2423/2217 2218/2424/2218
f 2219/2425/2219 2217/2423/2217 2220/2426/2220
f 2218/2424/2218 2221/2427/2221 2222/2428/2222
f 2223/2429/2223 2221/2427/2221 2217/2423/2217
f 2075/2304/2075 2216/2422/2216 2088/2316/2088
f 2215/2420/2215 2220/2426/2220 2216/2422/2216
f 2213/2418/2213 2220/2426/2220 2214/2419/2214
f 1811/2135/1811 2219/2425/2219 2213/2418/2213
f 1810/2134/1810 2223/2429/2223 2219/2425/2219
f 1823/2149/1823 2224/2430/2224 2223/2429/2223
f 1821/2147/1821 2225/2431/2225 2224/2430/2224
f 2224/2430/2224 2226/2432/2226 2221/2427/2221
f 2222/2428/2222 2226/2432/2226 2227/2433/2227
f 2090/2318/2090 2227/2433/2227 2228/2434/2228
f 2089/2317/2089 2222/2428/2222 2090/2318/2090
f 2088/2316/2088 2218/2424/2218 2089/2317/2089
f 2245/2435/2245 2246/2436/2246 2247/2437/2247
f 2248/2438/2248 2249/2439/2249 2245/2435/2245
f 2249/2439/2249 2250/2440/2250 2246/2436/2246
f 2251/2441/2251 2252/2442/2252 2249/2439/2249
f 2253/2072/2253 1818/2143/1818 1817/2071/1817
f 2254/2073/2254 2247/2443/2247 2253/2072/2253
f 2255/2074/2255 2245/2444/2245 2254/2073/2254
f 2256/2076/2256 2248/2445/2248 2255/2074/2255
f 2257/2446/2257 2251/2441/2251 2248/2438/2248
f 2258/2447/2258 2259/2448/2259 2251/2441/2251
f 2260/2449/2260 2261/2450/2261 2259/2448/2259
f 2259/2448/2259 2262/2451/2262 2252/2442/2252
f 2252/2442/2252 2263/2452/2263 2250/2440/2250
f 2250/2453/2250 1822/2148/1822 1820/2146/1820
f 2246/2454/2246 1820/2146/1820 1819/2145/1819
f 2247/2455/2247 1819/2145/1819 1818/2144/1818
f 2264/2456/2264 2265/2457/2265 2266/2458/2266
f 2267/2459/2267 2268/2460/2268 2264/2456/2264
f 2268/2460/2268 2269/2461/2269 2265/2457/2265
f 2270/2462/2270 2271/2463/2271 2268/2460/2268
f 2263/2464/2263 2225/2431/2225 1822/2148/1822
f 2263/2452/2263 2264/2456/2264 2266/2458/2266
f 2261/2450/2261 2264/2456/2264 2262/2451/2262
f 2261/2450/2261 2272/2465/2272 2267/2459/2267
f 2267/2459/2267 2273/2466/2273 2270/2462/2270
f 2270/2462/2270 2274/2467/2274 2275/2468/2275
f 2274/2467/2274 2276/2469/2276 2275/2468/2275
f 2275/2468/2275 2277/2470/2277 2271/2463/2271
f 2271/2463/2271 2278/2471/2278 2269/2461/2269
f 2227/2433/2227 2278/2472/2278 2228/2434/2228
f 2265/2473/2265 2227/2433/2227 2226/2432/2226
f 2225/2431/2225 2265/2473/2265 2226/2432/2226
f 1854/2023/1854 2294/2474/2294 2302/2025/2302
f 2303/2475/2303 2297/2476/2297 2294/2474/2294
f 2304/2477/2304 2305/2478/2305 2297/2476/2297
f 2306/2479/2306 1933/2235/1933 2305/2478/2305
f 2329/2480/2329 2330/2481/2330 2331/2482/2331
f 2332/2483/2332 2333/2484/2333 2329/2480/2329
f 2333/2484/2333 2334/2485/2334 2330/2481/2330
f 2335/2486/2335 2336/2487/2336 2333/2484/2333
f 2337/2488/2337 2338/2489/2338 1693/2490/1693
f 2339/2491/2339 2331/2492/2331 2337/2488/2337
f 2340/2493/2340 2329/2494/2329 2339/2491/2339
f 1894/2221/1894 2332/2495/2332 2340/2493/2340
f 1893/2232/1893 2335/2486/2335 2332/2483/2332
f 1903/2231/1903 2341/2496/2341 2335/2486/2335
f 1902/2230/1902 2342/2497/2342 2341/2496/2341
f 2341/2496/2341 2343/2498/2343 2336/2487/2336
f 2336/2487/2336 2344/2499/2344 2334/2485/2334
f 2334/2485/2334 2345/2088/2345 2346/2191/2346
f 2330/2481/2330 2346/2191/2346 2347/2192/2347
f 2331/2482/2331 2347/2192/2347 2338/2193/2338
f 2348/2214/2348 2349/2215/2349 2350/2217/2350
f 2351/2211/2351 2352/2212/2352 2349/2215/2349
f 2350/2217/2350 2353/2218/2353 2354/2229/2354
f 2349/2215/2349 2355/2216/2355 2353/2218/2353
f 2189/2403/2189 2348/2500/2348 1837/2165/1837
f 1937/2501/1937 2351/2502/2351 2348/2500/2348
f 1935/2503/1935 2356/2504/2356 2351/2502/2351
f 1934/2505/1934 2357/2506/2357 2356/2504/2356
f 2356/2213/2356 2358/2231/2358 2352/2212/2352
f 2352/2212/2352 2359/2230/2359 2355/2216/2355
f 2355/2216/2355 2360/2064/2360 2361/2062/2361
f 2353/2218/2353 2361/2062/2361 2362/2065/2362
f 2354/2229/2354 2362/2065/2362 2363/2507/2363
f 1839/2170/1839 2363/2507/2363 1841/2067/1841
f 1838/2168/1838 2354/2229/2354 1839/2170/1839
f 1837/2228/1837 2350/2217/2350 1838/2168/1838
f 2364/2054/2364 2365/2057/2365 2366/2068/2366
f 2364/2054/2364 2367/2055/2367 2368/2058/2368
f 2368/2058/2368 2369/2061/2369 2365/2057/2365
f 2367/2055/2367 2370/2059/2370 2368/2058/2368
f 1841/2067/1841 2366/2068/2366 1814/2139/1814
f 2363/2507/2363 2364/2054/2364 2366/2068/2366
f 2362/2065/2362 2371/2056/2371 2364/2054/2364
f 2361/2062/2361 2372/2063/2372 2371/2056/2371
f 2371/2056/2371 2373/2077/2373 2367/2055/2367
f 2367/2055/2367 2374/2075/2374 2375/2060/2375
f 2374/2075/2374 2255/2074/2255 2375/2060/2375
f 2375/2060/2375 2254/2073/2254 2370/2059/2370
f 2370/2059/2370 2253/2072/2253 2369/2061/2369
f 2369/2061/2369 1817/2071/1817 1816/2070/1816
f 2365/2057/2365 1816/2070/1816 2376/2069/2376
f 2366/2068/2366 2376/2069/2376 1814/2139/1814
f 2377/2508/2377 2378/2509/2378 2379/2510/2379
f 2380/2511/2380 2381/2512/2381 2377/2508/2377
f 2381/2512/2381 2382/2513/2382 2378/2509/2378
f 2383/2514/2383 2384/2515/2384 2381/2512/2381
f 2344/2499/2344 2385/2087/2385 2345/2088/2345
f 2343/2498/2343 2379/2510/2379 2344/2499/2344
f 2342/2497/2342 2377/2508/2377 2343/2498/2343
f 1743/2064/1743 2380/2511/2380 2342/2497/2342
f 1742/2063/1742 2383/2514/2383 2380/2511/2380
f 1756/2077/1756 2386/2516/2386 2383/2514/2383
f 1754/2075/1754 2387/2517/2387 2386/2516/2386
f 2386/2516/2386 2388/2518/2388 2384/2515/2384
f 2384/2515/2384 2389/2519/2389 2382/2513/2382
f 2382/2513/2382 1730/2050/1730 2390/2095/2390
f 2378/2509/2378 2390/2095/2390 2391/2096/2391
f 2379/2510/2379 2391/2096/2391 2385/2087/2385
f 2392/2520/2392 2393/2521/2393 2394/2522/2394
f 2395/2523/2395 2396/2524/2396 2393/2521/2393
f 2394/2522/2394 2397/2525/2397 2398/2526/2398
f 2393/2521/2393 2399/2527/2399 2397/2525/2397
f 2228/2434/2228 2392/2528/2392 2092/2320/2092
f 2278/2471/2278 2395/2523/2395 2392/2520/2392
f 2277/2470/2277 2400/2529/2400 2395/2523/2395
f 2276/2469/2276 2401/2530/2401 2400/2529/2400
f 2400/2529/2400 2402/2531/2402 2396/2524/2396
f 2396/2524/2396 2403/2532/2403 2399/2527/2399
f 2399/2445/2399 1755/2076/1755 1753/2074/1753
f 2397/2444/2397 1753/2074/1753 1752/2073/1752
f 2398/2533/2398 1752/2073/1752 1751/2072/1751
f 2094/2143/2094 1751/2072/1751 1750/2071/1750
f 2093/2321/2093 2398/2534/2398 2094/2322/2094
f 2092/2320/2092 2394/2535/2394 2093/2321/2093
f 1896/2240/1896 1984/2241/1984 1897/2536/1897
f 1895/2238/1895 2406/2239/2406 1896/2240/1896
f 1892/2236/1892 2404/2237/2404 1895/2238/1895
f 1894/2233/1894 2407/2234/2407 1892/2236/1892
f 2416/2081/2416 2417/2082/2417 2418/2092/2418
f 2419/2078/2419 2420/2079/2420 2416/2081/2416
f 2420/2079/2420 2421/2085/2421 2417/2082/2417
f 2422/2080/2422 2423/2083/2423 2420/2079/2420
f 1881/2091/1881 2418/2092/2418 1794/2112/1794
f 2424/2090/2424 2416/2081/2416 2418/2092/2418
f 2425/2089/2425 2419/2078/2419 2416/2081/2416
f 2426/2086/2426 2385/2087/2385 2419/2078/2419
f 2419/2078/2419 2391/2096/2391 2422/2080/2422
f 2391/2096/2391 2427/2084/2427 2422/2080/2422
f 2390/2095/2390 1729/2048/1729 2427/2084/2427
f 2427/2084/2427 1728/2047/1728 2423/2083/2423
f 2423/2083/2423 1727/2045/1727 2421/2085/2421
f 2421/2085/2421 1726/2044/1726 1797/2094/1797
f 2417/2082/2417 1797/2094/1797 1795/2115/1795
f 2418/2092/2418 1795/2115/1795 1794/2112/1794
f 2428/2179/2428 2429/2180/2429 2430/2537/2430
f 2431/2176/2431 2432/2177/2432 2429/2180/2429
f 2430/2537/2430 2433/2183/2433 2434/2189/2434
f 2429/2180/2429 2435/2538/2435 2433/2183/2433
f 1695/2539/1695 2338/2489/2338 2436/2540/2436
f 2436/2178/2436 2347/2192/2347 2432/2177/2432
f 2432/2177/2432 2346/2191/2346 2435/2538/2435
f 2435/2538/2435 2345/2088/2345 2426/2086/2426
f 2433/2183/2433 2426/2086/2426 2425/2089/2425
f 2434/2189/2434 2425/2089/2425 2424/2090/2424
f 1880/2190/1880 2424/2090/2424 1881/2091/1881
f 1879/2188/1879 2434/2189/2434 1880/2190/1880
f 1878/2541/1878 2430/2537/2430 1879/2188/1879
f 1854/2023/1854 2440/2024/2440 1852/2542/1852
f 2457/2543/2457 2458/2544/2458 2459/2545/2459
f 2460/2546/2460 2461/2547/2461 2458/2544/2458
f 2458/2544/2458 2462/2548/2462 2459/2545/2459
f 2461/2547/2461 2463/2549/2463 2458/2544/2458
f 2256/2076/2256 2457/2550/2457 2257/2551/2257
f 2464/2517/2464 2460/2552/2460 2457/2550/2457
f 2465/2519/2465 2460/2552/2460 2466/2518/2466
f 2465/2519/2465 2135/2051/2135 2467/2553/2467
f 2135/2374/2135 2461/2547/2461 2467/2554/2467
f 2461/2547/2461 2140/2372/2140 2468/2555/2468
f 2140/2372/2140 2469/2556/2469 2468/2555/2468
f 2468/2555/2468 2470/2557/2470 2463/2549/2463
f 2462/2548/2462 2470/2557/2470 2471/2558/2471
f 2462/2548/2462 2472/2559/2472 2260/2449/2260
f 2459/2545/2459 2260/2449/2260 2258/2447/2258
f 2257/2446/2257 2459/2545/2459 2258/2447/2258
f 2473/2560/2473 2474/2561/2474 2475/2562/2475
f 2476/2563/2476 2477/2564/2477 2473/2560/2473
f 2477/2564/2477 2478/2565/2478 2474/2561/2474
f 2477/2564/2477 2479/2566/2479 2480/2567/2480
f 2471/2558/2471 2272/2465/2272 2472/2559/2472
f 2471/2558/2471 2473/2560/2473 2475/2562/2475
f 2469/2556/2469 2473/2560/2473 2470/2557/2470
f 2469/2556/2469 2120/2353/2120 2476/2563/2476
f 2476/2563/2476 2126/2359/2126 2481/2568/2481
f 2126/2359/2126 2479/2566/2479 2481/2568/2481
f 2125/2358/2125 2482/2569/2482 2479/2566/2479
f 2479/2566/2479 2483/2570/2483 2480/2567/2480
f 2480/2567/2480 2484/2571/2484 2478/2565/2478
f 2478/2565/2478 2485/2572/2485 2274/2467/2274
f 2474/2561/2474 2274/2467/2274 2273/2466/2273
f 2272/2465/2272 2474/2561/2474 2273/2466/2273
f 2511/2483/2511 2512/2484/2512 2513/2486/2513
f 2514/2480/2514 2515/2481/2515 2512/2484/2512
f 2513/2486/2513 2516/2487/2516 2517/2573/2517
f 2512/2484/2512 2518/2485/2518 2516/2487/2516
f 1932/2574/1932 2511/2575/2511 2357/2506/2357
f 2306/2576/2306 2514/2577/2514 2511/2575/2511
f 2304/2578/2304 2519/2579/2519 2514/2577/2514
f 2303/2580/2303 1853/2185/1853 2519/2579/2519
f 2519/2482/2519 1863/2192/1863 2515/2481/2515
f 2515/2481/2515 1862/2191/1862 2518/2485/2518
f 2518/2485/2518 1767/2088/1767 2520/2499/2520
f 2516/2487/2516 2520/2499/2520 2521/2498/2521
f 2517/2573/2517 2521/2498/2521 2522/2497/2522
f 2359/2230/2359 2522/2497/2522 2360/2064/2360
f 2358/2231/2358 2517/2573/2517 2359/2230/2359
f 2357/2232/2357 2513/2486/2513 2358/2231/2358
f 2523/2511/2523 2524/2512/2524 2525/2514/2525
f 2526/2508/2526 2527/2509/2527 2524/2512/2524
f 2525/2514/2525 2528/2515/2528 2529/2516/2529
f 2524/2512/2524 2530/2513/2530 2528/2515/2528
f 2360/2064/2360 2523/2511/2523 2372/2063/2372
f 2522/2497/2522 2526/2508/2526 2523/2511/2523
f 2521/2498/2521 2531/2510/2531 2526/2508/2526
f 2520/2499/2520 1766/2087/1766 2531/2510/2531
f 2531/2510/2531 1780/2096/1780 2527/2509/2527
f 2527/2509/2527 1778/2095/1778 2530/2513/2530
f 2530/2513/2530 1779/2050/1779 2465/2519/2465
f 2528/2515/2528 2465/2519/2465 2466/2518/2466
f 2529/2516/2529 2466/2518/2466 2464/2517/2464
f 2374/2075/2374 2464/2517/2464 2256/2076/2256
f 2373/2077/2373 2529/2516/2529 2374/2075/2374
f 2372/2063/2372 2525/2514/2525 2373/2077/2373
f 2532/2581/2532 2533/2582/2533 2534/2583/2534
f 2535/2584/2535 2536/2585/2536 2532/2581/2532
f 2533/2582/2533 2537/2586/2537 2538/2587/2538
f 2539/2588/2539 2537/2586/2537 2536/2585/2536
f 2484/2571/2484 2401/2530/2401 2485/2572/2485
f 2484/2571/2484 2532/2581/2532 2534/2583/2534
f 2482/2569/2482 2532/2581/2532 2483/2570/2483
f 2482/2569/2482 1718/2035/1718 2535/2584/2535
f 1718/2035/1718 2539/2588/2539 2535/2584/2535
f 2539/2588/2539 1731/2053/1731 2540/2589/2540
f 1731/2051/1731 2389/2519/2389 2540/2553/2540
f 2540/2553/2540 2388/2518/2388 2537/2552/2537
f 2538/2550/2538 2388/2518/2388 2387/2517/2387
f 2403/2590/2403 2387/2517/2387 1755/2076/1755
f 2402/2531/2402 2538/2587/2538 2403/2532/2403
f 2401/2530/2401 2533/2582/2533 2402/2531/2402
f 2340/2479/2340 2412/2235/2412 1894/2233/1894
f 2339/2477/2339 2543/2478/2543 2340/2479/2340
f 2337/2475/2337 2541/2476/2541 2339/2477/2339
f 1693/2023/1693 2544/2474/2544 2337/2475/2337
f 1693/2023/1693 1695/2542/1695 1685/2024/1685
f 1709/2026/1709 1712/2029/1712 1710/2027/1710
f 1712/2029/1712 1721/2038/1721 1713/2030/1713
f 1711/2028/1711 1710/2027/1710 1714/2031/1714
f 1710/2027/1710 1713/2030/1713 1716/2033/1716
f 1717/2034/1717 1719/2036/1719 1709/2026/1709
f 1719/2036/1719 1720/2037/1720 1712/2029/1712
f 1720/2037/1720 1722/2039/1722 1721/2038/1721
f 1722/2039/1722 1798/2121/1798 1723/2040/1723
f 1721/2038/1721 1723/2040/1723 1724/2041/1724
f 1713/2030/1713 1724/2041/1724 1725/2042/1725
f 1716/2043/1716 1725/2117/1725 1726/2044/1726
f 1714/2046/1714 1716/2043/1716 1727/2045/1727
f 1714/2046/1714 1728/2047/1728 1729/2048/1729
f 1715/2049/1715 1729/2048/1729 1730/2050/1730
f 1732/2052/1732 1711/2028/1711 1715/2032/1715
f 1718/2035/1718 1709/2026/1709 1711/2028/1711
f 1733/2054/1733 1737/2058/1737 1734/2055/1734
f 1733/2054/1733 1747/2068/1747 1736/2057/1736
f 1734/2055/1734 1737/2058/1737 1738/2059/1738
f 1737/2058/1737 1736/2057/1736 1740/2061/1740
f 1741/2062/1741 1735/2056/1735 1742/2063/1742
f 1744/2065/1744 1733/2054/1733 1735/2056/1735
f 1745/2066/1745 1747/2068/1747 1733/2054/1733
f 1746/2067/1746 2086/2139/2086 1747/2068/1747
f 1747/2068/1747 2086/2139/2086 1748/2069/1748
f 1736/2057/1736 1748/2069/1748 1749/2070/1749
f 1740/2061/1740 1749/2070/1749 1750/2071/1750
f 1738/2059/1738 1740/2061/1740 1751/2072/1751
f 1739/2060/1739 1738/2059/1738 1752/2073/1752
f 1754/2075/1754 1739/2060/1739 1753/2074/1753
f 1734/2055/1734 1739/2060/1739 1754/2075/1754
f 1735/2056/1735 1734/2055/1734 1756/2077/1756
f 1757/2078/1757 1760/2081/1760 1758/2079/1758
f 1760/2081/1760 1771/2092/1771 1761/2082/1761
f 1759/2080/1759 1758/2079/1758 1762/2083/1762
f 1758/2079/1758 1761/2082/1761 1764/2085/1764
f 1765/2086/1765 1757/2078/1757 1766/2087/1766
f 1768/2089/1768 1760/2081/1760 1757/2078/1757
f 1769/2090/1769 1771/2092/1771 1760/2081/1760
f 1770/2091/1770 2151/2112/2151 1771/2092/1771
f 1771/2092/1771 2151/2112/2151 1772/2093/1772
f 1761/2082/1761 1772/2093/1772 1773/2094/1773
f 1764/2085/1764 1773/2094/1773 1774/2044/1774
f 1762/2083/1762 1764/2085/1764 1775/2045/1775
f 1763/2084/1763 1762/2083/1762 1776/2047/1776
f 1778/2095/1778 1763/2084/1763 1777/2048/1777
f 1780/2096/1780 1759/2080/1759 1763/2084/1763
f 1757/2078/1757 1759/2080/1759 1780/2096/1780
f 1781/2097/1781 1785/2101/1785 1782/2098/1782
f 1784/2100/1784 1787/2103/1787 1785/2101/1785
f 1785/2101/1785 1788/2104/1788 1786/2102/1786
f 1787/2103/1787 1796/2591/1796 1788/2104/1788
f 1789/2105/1789 1783/2099/1783 1790/2106/1790
f 1792/2108/1792 1781/2097/1781 1783/2099/1783
f 1793/2109/1793 1784/2113/1784 1781/2110/1781
f 1793/2109/1793 1881/2091/1881 1794/2112/1794
f 1794/2112/1794 1795/2115/1795 1787/2114/1787
f 1795/2115/1795 1797/2094/1797 1796/2116/1796
f 1797/2094/1797 1726/2044/1726 1725/2117/1725
f 1796/2118/1796 1725/2042/1725 1724/2041/1724
f 1788/2119/1788 1724/2041/1724 1723/2040/1723
f 1786/2120/1786 1723/2040/1723 1798/2121/1798
f 1782/2098/1782 1786/2102/1786 1799/2123/1799
f 1783/2099/1783 1782/2098/1782 1800/2124/1800
f 1801/2125/1801 1805/2129/1805 1802/2126/1802
f 1801/2125/1801 1815/2592/1815 1804/2128/1804
f 1802/2126/1802 1805/2129/1805 1806/2130/1806
f 1805/2129/1805 1804/2128/1804 1808/2132/1808
f 1809/2133/1809 1803/2127/1803 1810/2134/1810
f 1812/2136/1812 1801/2125/1801 1803/2127/1803
f 1813/2137/1813 1815/2592/1815 1801/2125/1801
f 1813/2138/1813 1841/2067/1841 1814/2139/1814
f 1814/2139/1814 2376/2069/2376 1804/2141/1804
f 1804/2141/1804 2376/2069/2376 1816/2070/1816
f 1808/2142/1808 1816/2070/1816 1817/2071/1817
f 1806/2130/1806 1808/2132/1808 1818/2144/1818
f 1807/2131/1807 1806/2130/1806 1819/2145/1819
f 1821/2147/1821 1807/2131/1807 1820/2146/1820
f 1802/2126/1802 1807/2131/1807 1821/2147/1821
f 1803/2127/1803 1802/2126/1802 1823/2149/1823
f 1824/2150/1824 1828/2154/1828 1825/2151/1825
f 1827/2153/1827 1830/2156/1830 1828/2154/1828
f 1828/2154/1828 1831/2157/1831 1829/2155/1829
f 1830/2156/1830 1840/2172/1840 1831/2157/1831
f 1832/2158/1832 1826/2162/1826 1833/2159/1833
f 1835/2161/1835 1824/2164/1824 1826/2162/1826
f 1836/2163/1836 1827/2166/1827 1824/2164/1824
f 1836/2163/1836 2189/2403/2189 1837/2165/1837
f 1827/2167/1827 1837/2228/1837 1838/2168/1838
f 1830/2169/1830 1838/2168/1838 1839/2170/1839
f 1840/2171/1840 1839/2170/1839 1841/2067/1841
f 1840/2172/1840 1813/2137/1813 1812/2136/1812
f 1831/2157/1831 1812/2136/1812 1809/2133/1809
f 1829/2155/1829 1809/2133/1809 1811/2135/1811
f 1825/2151/1825 1829/2155/1829 1842/2173/1842
f 1826/2152/1826 1825/2151/1825 1843/2174/1843
f 1844/2176/1844 1848/2180/1848 1845/2177/1845
f 1847/2179/1847 1850/2182/1850 1848/2180/1848
f 1848/2180/1848 1851/2183/1851 1849/2181/1849
f 1850/2182/1850 1860/2189/1860 1851/2183/1851
f 1852/2184/1852 1846/2593/1846 1853/2185/1853
f 1858/2187/1858 1859/2188/1859 1850/2182/1850
f 1859/2188/1859 1861/2190/1861 1860/2189/1860
f 1861/2190/1861 1770/2091/1770 1769/2090/1769
f 1860/2189/1860 1769/2090/1769 1768/2089/1768
f 1851/2183/1851 1768/2089/1768 1765/2086/1765
f 1849/2181/1849 1765/2086/1765 1767/2088/1767
f 1845/2177/1845 1849/2181/1849 1862/2191/1862
f 1846/2178/1846 1845/2177/1845 1863/2192/1863
f 1864/2194/1864 1868/2200/1868 1865/2195/1865
f 1864/2197/1864 1876/2594/1876 1867/2198/1867
f 1868/2200/1868 1871/2207/1871 1869/2201/1869
f 1868/2202/1868 1867/2206/1867 1870/2203/1870
f 1876/2205/1876 1878/2541/1878 1879/2188/1879
f 1867/2206/1867 1879/2188/1879 1880/2190/1880
f 1870/2203/1870 1880/2190/1880 1881/2091/1881
f 1871/2204/1871 1870/2203/1870 1793/2109/1793
f 1871/2207/1871 1792/2108/1792 1789/2105/1789
f 1869/2201/1869 1789/2105/1789 1791/2107/1791
f 1865/2195/1865 1869/2201/1869 1882/2208/1882
f 1866/2196/1866 1865/2195/1865 1883/2209/1883
f 1884/2211/1884 1888/2215/1888 1885/2212/1885
f 1887/2214/1887 1890/2217/1890 1888/2215/1888
f 1888/2215/1888 1891/2218/1891 1889/2216/1889
f 1890/2217/1890 1900/2229/1900 1891/2218/1891
f 1892/2219/1892 1886/2223/1886 1893/2220/1893
f 1895/2222/1895 1884/2225/1884 1886/2223/1886
f 1896/2224/1896 1887/2227/1887 1884/2225/1884
f 1897/2226/1897 1898/2296/1898 1887/2227/1887
f 1898/2228/1898 1899/2168/1899 1890/2217/1890
f 1899/2168/1899 1901/2170/1901 1900/2229/1900
f 1901/2170/1901 1746/2067/1746 1745/2066/1745
f 1900/2229/1900 1745/2066/1745 1744/2065/1744
f 1891/2218/1891 1744/2065/1744 1741/2062/1741
f 1889/2216/1889 1741/2062/1741 1743/2064/1743
f 1885/2212/1885 1889/2216/1889 1902/2230/1902
f 1886/2213/1886 1885/2212/1885 1903/2231/1903
f 1932/2233/1932 1934/2236/1934 1924/2234/1924
f 1934/2236/1934 1935/2238/1935 1927/2237/1927
f 1935/2238/1935 1937/2240/1937 1936/2239/1936
f 1937/2240/1937 2189/2536/2189 1938/2241/1938
f 1971/2242/1971 1975/2246/1975 1972/2243/1972
f 1974/2245/1974 1977/2248/1977 1972/2243/1972
f 1972/2243/1972 1978/2249/1978 1976/2247/1976
f 1977/2248/1977 1986/2595/1986 1978/2249/1978
f 1979/2250/1979 1981/2252/1981 1971/2242/1971
f 1981/2252/1981 1982/2253/1982 1975/2246/1975
f 1982/2253/1982 1983/2254/1983 1974/2245/1974
f 1897/2226/1897 1984/2596/1984 1974/2245/1974
f 1993/2255/1993 1973/2244/1973 1976/2247/1976
f 1980/2251/1980 1971/2242/1971 1973/2244/1973
f 1994/2257/1994 1998/2261/1998 1995/2258/1995
f 1994/2257/1994 2005/2268/2005 1997/2260/1997
f 1998/2261/1998 2001/2264/2001 1999/2262/1999
f 1998/2261/1998 1997/2260/1997 2000/2263/2000
f 2002/2265/2002 1996/2259/1996 2003/2266/2003
f 2004/2267/2004 1994/2257/1994 1996/2259/1996
f 2004/2267/2004 2006/2269/2006 2005/2268/2005
f 2006/2269/2006 1979/2250/1979 1980/2251/1980
f 2005/2268/2005 1980/2251/1980 1993/2255/1993
f 1997/2260/1997 1993/2255/1993 1992/2256/1992
f 1995/2258/1995 1999/2262/1999 2011/2270/2011
f 1996/2259/1996 1995/2258/1995 2012/2271/2012
f 2044/2272/2044 2048/2276/2048 2045/2273/2045
f 2047/2275/2047 2051/2279/2051 2045/2273/2045
f 2046/2274/2046 2045/2273/2045 2049/2277/2049
f 2051/2279/2051 2056/2280/2056 2049/2277/2049
f 1873/2210/1873 1883/2209/1883 2051/2279/2051
f 1883/2209/1883 1882/2208/1882 2056/2280/2056
f 1882/2208/1882 1791/2107/1791 2057/2281/2057
f 2056/2280/2056 2057/2281/2057 2058/2282/2058
f 2050/2278/2050 2049/2277/2049 2058/2282/2058
f 2060/2284/2060 2050/2278/2050 2059/2283/2059
f 2062/2286/2062 2046/2274/2046 2050/2278/2050
f 2052/2287/2052 2044/2272/2044 2046/2274/2046
f 2063/2288/2063 2066/2291/2066 2064/2289/2064
f 2066/2291/2066 2071/2301/2071 2067/2292/2067
f 2065/2290/2065 2064/2289/2064 2068/2293/2068
f 2064/2289/2064 2067/2292/2067 2070/2295/2070
f 1983/2254/1983 2063/2298/2063 1898/2296/1898
f 1983/2254/1983 1982/2253/1982 2066/2297/2066
f 1982/2253/1982 1981/2252/1981 2071/2299/2071
f 1981/2252/1981 1979/2250/1979 2072/2300/2072
f 2071/2301/2071 2072/2421/2072 2073/2302/2073
f 2067/2292/2067 2073/2302/2073 2074/2303/2074
f 2070/2295/2070 2074/2303/2074 2075/2304/2075
f 2068/2293/2068 2070/2295/2070 2076/2305/2076
f 2069/2294/2069 2068/2293/2068 2077/2306/2077
f 2069/2171/2069 2078/2138/2078 1746/2067/1746
f 2065/2169/2065 2069/2171/2069 1901/2170/1901
f 2063/2167/2063 2065/2169/2065 1899/2168/1899
f 2079/2308/2079 2083/2312/2083 2080/2309/2080
f 2079/2308/2079 2087/2315/2087 2082/2311/2082
f 2083/2312/2083 2085/2314/2085 2084/2313/2084
f 2082/2311/2082 2091/2319/2091 2085/2314/2085
f 2078/2138/2078 2081/2140/2081 2086/2139/2086
f 2078/2307/2078 2077/2306/2077 2079/2308/2079
f 2077/2306/2077 2076/2305/2076 2087/2315/2087
f 2076/2305/2076 2075/2304/2075 2088/2316/2088
f 2087/2315/2087 2088/2316/2088 2089/2317/2089
f 2082/2311/2082 2089/2317/2089 2090/2318/2090
f 2090/2318/2090 2228/2434/2228 2092/2320/2092
f 2091/2319/2091 2092/2320/2092 2093/2321/2093
f 2085/2314/2085 2093/2321/2093 2094/2322/2094
f 2084/2142/2084 2094/2143/2094 1750/2071/1750
f 2080/2323/2080 2084/2142/2084 1749/2070/1749
f 2086/2139/2086 2081/2140/2081 2080/2323/2080
f 2095/2324/2095 2099/2328/2099 2096/2325/2096
f 2098/2327/2098 2102/2331/2102 2096/2325/2096
f 2097/2326/2097 2096/2325/2096 2100/2329/2100
f 2102/2331/2102 2104/2333/2104 2100/2329/2100
f 2061/2285/2061 2059/2283/2059 2095/2324/2095
f 2059/2283/2059 2058/2282/2058 2099/2328/2099
f 2057/2281/2057 2098/2327/2098 2099/2328/2099
f 1791/2107/1791 1790/2106/1790 2098/2327/2098
f 1790/2106/1790 1800/2124/1800 2102/2331/2102
f 1800/2124/1800 1799/2123/1799 2104/2333/2104
f 1799/2122/1799 1798/2121/1798 2105/2334/2105
f 2104/2335/2104 2105/2334/2105 2106/2336/2106
f 2101/2338/2101 2100/2337/2100 2106/2336/2106
f 2108/2340/2108 2101/2338/2101 2107/2339/2107
f 2110/2342/2110 2097/2326/2097 2101/2330/2101
f 2103/2332/2103 2095/2324/2095 2097/2326/2097
f 2111/2344/2111 2115/2348/2115 2112/2345/2112
f 2114/2347/2114 2124/2357/2124 2115/2348/2115
f 2115/2348/2115 2118/2351/2118 2116/2349/2116
f 2115/2348/2115 2124/2357/2124 2117/2350/2117
f 2119/2352/2119 2113/2346/2113 2120/2353/2120
f 2119/2352/2119 2123/2356/2123 2111/2344/2111
f 2122/2355/2122 2114/2347/2114 2111/2344/2111
f 2122/2355/2122 2109/2341/2109 2107/2339/2107
f 2107/2339/2107 2106/2336/2106 2124/2357/2124
f 2106/2336/2106 2105/2334/2105 2117/2350/2117
f 2105/2334/2105 1798/2121/1798 1722/2039/1722
f 2117/2350/2117 1722/2039/1722 1720/2037/1720
f 2118/2351/2118 1720/2037/1720 1719/2036/1719
f 2116/2349/2116 1719/2036/1719 1717/2034/1717
f 2112/2345/2112 2116/2349/2116 2125/2358/2125
f 2113/2346/2113 2112/2345/2112 2126/2359/2126
f 2127/2360/2127 2131/2364/2131 2128/2361/2128
f 2130/2363/2130 2133/2366/2133 2131/2364/2131
f 2131/2364/2131 2134/2367/2134 2132/2365/2132
f 2133/2366/2133 2138/2370/2138 2134/2367/2134
f 1779/2050/1779 1777/2048/1777 2129/2049/2129
f 1777/2048/1777 1776/2047/1776 2127/2046/2127
f 1775/2045/1775 2130/2043/2130 2127/2046/2127
f 1774/2044/1774 2136/2117/2136 2130/2043/2130
f 2136/2368/2136 2137/2369/2137 2133/2366/2133
f 2137/2369/2137 2139/2371/2139 2138/2370/2138
f 2139/2371/2139 2109/2341/2109 2122/2355/2122
f 2138/2370/2138 2122/2355/2122 2123/2356/2123
f 2134/2367/2134 2123/2356/2123 2119/2352/2119
f 2132/2365/2132 2119/2352/2119 2121/2354/2121
f 2128/2361/2128 2132/2365/2132 2140/2372/2140
f 2129/2362/2129 2128/2361/2128 2141/2373/2141
f 2142/2113/2142 2145/2110/2145 2143/2375/2143
f 2145/2376/2145 2153/2383/2153 2146/2377/2146
f 2144/2114/2144 2143/2375/2143 2147/2379/2147
f 2143/2378/2143 2146/2377/2146 2149/2380/2149
f 2150/2109/2150 2142/2113/2142 2151/2112/2151
f 2150/2109/2150 2152/2111/2152 2145/2110/2145
f 2152/2382/2152 2154/2384/2154 2153/2383/2153
f 2154/2384/2154 2061/2285/2061 2103/2332/2103
f 2153/2383/2153 2103/2332/2103 2110/2342/2110
f 2146/2377/2146 2110/2342/2110 2108/2343/2108
f 2149/2385/2149 2108/2340/2108 2109/2341/2109
f 2147/2386/2147 2149/2385/2149 2139/2371/2139
f 2148/2116/2148 2147/2379/2147 2137/2387/2137
f 1773/2094/1773 2148/2116/2148 2136/2117/2136
f 1772/2093/1772 2144/2114/2144 2148/2116/2148
f 2151/2112/2151 2142/2113/2142 2144/2114/2144
f 2155/2388/2155 2159/2202/2159 2156/2206/2156
f 2155/2389/2155 2163/2394/2163 2158/2390/2158
f 2159/2202/2159 2162/2204/2162 2160/2203/2160
f 2159/2391/2159 2158/2390/2158 2161/2392/2161
f 2163/2394/2163 2052/2287/2052 2062/2286/2062
f 2158/2390/2158 2062/2286/2062 2060/2284/2060
f 2161/2392/2161 2060/2284/2060 2061/2285/2061
f 2162/2393/2162 2161/2392/2161 2154/2384/2154
f 2162/2204/2162 2152/2111/2152 2150/2109/2150
f 2160/2203/2160 2150/2109/2150 1770/2091/1770
f 2156/2206/2156 2160/2203/2160 1861/2190/1861
f 2157/2205/2157 2156/2206/2156 1859/2188/1859
f 2181/2395/2181 2185/2399/2185 2182/2396/2182
f 2184/2398/2184 2190/2405/2190 2182/2396/2182
f 2183/2397/2183 2182/2396/2182 2186/2400/2186
f 2182/2396/2182 2190/2405/2190 2188/2402/2188
f 2189/2403/2189 1836/2163/1836 2181/2395/2181
f 1835/2161/1835 2185/2399/2185 2181/2395/2181
f 1832/2158/1832 2184/2398/2184 2185/2399/2185
f 1834/2160/1834 2003/2266/2003 2184/2398/2184
f 2003/2266/2003 2012/2271/2012 2190/2405/2190
f 2012/2271/2012 2011/2270/2011 2188/2402/2188
f 2204/2406/2204 2208/2410/2208 2205/2407/2205
f 2207/2409/2207 2211/2413/2211 2205/2407/2205
f 2206/2408/2206 2205/2407/2205 2209/2411/2209
f 2211/2413/2211 2212/2417/2212 2209/2411/2209
f 1979/2250/1979 2006/2269/2006 2204/2414/2204
f 2006/2269/2006 2004/2267/2004 2208/2415/2208
f 2002/2265/2002 2207/2416/2207 2208/2415/2208
f 1834/2160/1834 1833/2159/1833 2207/2416/2207
f 1833/2175/1833 1843/2174/1843 2211/2413/2211
f 1843/2174/1843 1842/2173/1842 2212/2417/2212
f 1842/2173/1842 1811/2135/1811 2213/2418/2213
f 2212/2417/2212 2213/2418/2213 2214/2419/2214
f 2210/2412/2210 2209/2411/2209 2214/2419/2214
f 2074/2303/2074 2210/2412/2210 2215/2420/2215
f 2073/2302/2073 2206/2408/2206 2210/2412/2210
f 2072/2421/2072 2204/2406/2204 2206/2408/2206
f 2216/2422/2216 2220/2426/2220 2217/2423/2217
f 2219/2425/2219 2223/2429/2223 2217/2423/2217
f 2218/2424/2218 2217/2423/2217 2221/2427/2221
f 2223/2429/2223 2224/2430/2224 2221/2427/2221
f 2075/2304/2075 2215/2420/2215 2216/2422/2216
f 2215/2420/2215 2214/2419/2214 2220/2426/2220
f 2213/2418/2213 2219/2425/2219 2220/2426/2220
f 1811/2135/1811 1810/2134/1810 2219/2425/2219
f 1810/2134/1810 1823/2149/1823 2223/2429/2223
f 1823/2149/1823 1821/2147/1821 2224/2430/2224
f 1821/2147/1821 1822/2148/1822 2225/2431/2225
f 2224/2430/2224 2225/2431/2225 2226/2432/2226
f 2222/2428/2222 2221/2427/2221 2226/2432/2226
f 2090/2318/2090 2222/2428/2222 2227/2433/2227
f 2089/2317/2089 2218/2424/2218 2222/2428/2222
f 2088/2316/2088 2216/2422/2216 2218/2424/2218
f 2245/2435/2245 2249/2439/2249 2246/2436/2246
f 2248/2438/2248 2251/2441/2251 2249/2439/2249
f 2249/2439/2249 2252/2442/2252 2250/2440/2250
f 2251/2441/2251 2259/2448/2259 2252/2442/2252
f 2253/2072/2253 2247/2443/2247 1818/2143/1818
f 2254/2073/2254 2245/2444/2245 2247/2443/2247
f 2255/2074/2255 2248/2445/2248 2245/2444/2245
f 2256/2076/2256 2257/2551/2257 2248/2445/2248
f 2257/2446/2257 2258/2447/2258 2251/2441/2251
f 2258/2447/2258 2260/2449/2260 2259/2448/2259
f 2260/2449/2260 2472/2559/2472 2261/2450/2261
f 2259/2448/2259 2261/2450/2261 2262/2451/2262
f 2252/2442/2252 2262/2451/2262 2263/2452/2263
f 2250/2453/2250 2263/2464/2263 1822/2148/1822
f 2246/2454/2246 2250/2453/2250 1820/2146/1820
f 2247/2455/2247 2246/2454/2246 1819/2145/1819
f 2264/2456/2264 2268/2460/2268 2265/2457/2265
f 2267/2459/2267 2270/2462/2270 2268/2460/2268
f 2268/2460/2268 2271/2463/2271 2269/2461/2269
f 2270/2462/2270 2275/2468/2275 2271/2463/2271
f 2263/2464/2263 2266/2597/2266 2225/2431/2225
f 2263/2452/2263 2262/2451/2262 2264/2456/2264
f 2261/2450/2261 2267/2459/2267 2264/2456/2264
f 2261/2450/2261 2472/2559/2472 2272/2465/2272
f 2267/2459/2267 2272/2465/2272 2273/2466/2273
f 2270/2462/2270 2273/2466/2273 2274/2467/2274
f 2274/2467/2274 2485/2572/2485 2276/2469/2276
f 2275/2468/2275 2276/2469/2276 2277/2470/2277
f 2271/2463/2271 2277/2470/2277 2278/2471/2278
f 2227/2433/2227 2269/2598/2269 2278/2472/2278
f 2265/2473/2265 2269/2598/2269 2227/2433/2227
f 2225/2431/2225 2266/2597/2266 2265/2473/2265
f 1854/2023/1854 2303/2475/2303 2294/2474/2294
f 2303/2475/2303 2304/2477/2304 2297/2476/2297
f 2304/2477/2304 2306/2479/2306 2305/2478/2305
f 2306/2479/2306 1932/2233/1932 1933/2235/1933
f 2329/2480/2329 2333/2484/2333 2330/2481/2330
f 2332/2483/2332 2335/2486/2335 2333/2484/2333
f 2333/2484/2333 2336/2487/2336 2334/2485/2334
f 2335/2486/2335 2341/2496/2341 2336/2487/2336
f 2337/2488/2337 2331/2492/2331 2338/2489/2338
f 2339/2491/2339 2329/2494/2329 2331/2492/2331
f 2340/2493/2340 2332/2495/2332 2329/2494/2329
f 1894/2221/1894 1893/2220/1893 2332/2495/2332
f 1893/2232/1893 1903/2231/1903 2335/2486/2335
f 1903/2231/1903 1902/2230/1902 2341/2496/2341
f 1902/2230/1902 1743/2064/1743 2342/2497/2342
f 2341/2496/2341 2342/2497/2342 2343/2498/2343
f 2336/2487/2336 2343/2498/2343 2344/2499/2344
f 2334/2485/2334 2344/2499/2344 2345/2088/2345
f 2330/2481/2330 2334/2485/2334 2346/2191/2346
f 2331/2482/2331 2330/2481/2330 2347/2192/2347
f 2348/2214/2348 2351/2211/2351 2349/2215/2349
f 2351/2211/2351 2356/2213/2356 2352/2212/2352
f 2350/2217/2350 2349/2215/2349 2353/2218/2353
f 2349/2215/2349 2352/2212/2352 2355/2216/2355
f 2189/2403/2189 1937/2501/1937 2348/2500/2348
f 1937/2501/1937 1935/2503/1935 2351/2502/2351
f 1935/2503/1935 1934/2505/1934 2356/2504/2356
f 1934/2505/1934 1932/2574/1932 2357/2506/2357
f 2356/2213/2356 2357/2232/2357 2358/2231/2358
f 2352/2212/2352 2358/2231/2358 2359/2230/2359
f 2355/2216/2355 2359/2230/2359 2360/2064/2360
f 2353/2218/2353 2355/2216/2355 2361/2062/2361
f 2354/2229/2354 2353/2218/2353 2362/2065/2362
f 1839/2170/1839 2354/2229/2354 2363/2507/2363
f 1838/2168/1838 2350/2217/2350 2354/2229/2354
f 1837/2228/1837 2348/2214/2348 2350/2217/2350
f 2364/2054/2364 2368/2058/2368 2365/2057/2365
f 2364/2054/2364 2371/2056/2371 2367/2055/2367
f 2368/2058/2368 2370/2059/2370 2369/2061/2369
f 2367/2055/2367 2375/2060/2375 2370/2059/2370
f 1841/2067/1841 2363/2507/2363 2366/2068/2366
f 2363/2507/2363 2362/2065/2362 2364/2054/2364
f 2362/2065/2362 2361/2062/2361 2371/2056/2371
f 2361/2062/2361 2360/2064/2360 2372/2063/2372
f 2371/2056/2371 2372/2063/2372 2373/2077/2373
f 2367/2055/2367 2373/2077/2373 2374/2075/2374
f 2374/2075/2374 2256/2076/2256 2255/2074/2255
f 2375/2060/2375 2255/2074/2255 2254/2073/2254
f 2370/2059/2370 2254/2073/2254 2253/2072/2253
f 2369/2061/2369 2253/2072/2253 1817/2071/1817
f 2365/2057/2365 2369/2061/2369 1816/2070/1816
f 2366/2068/2366 2365/2057/2365 2376/2069/2376
f 2377/2508/2377 2381/2512/2381 2378/2509/2378
f 2380/2511/2380 2383/2514/2383 2381/2512/2381
f 2381/2512/2381 2384/2515/2384 2382/2513/2382
f 2383/2514/2383 2386/2516/2386 2384/2515/2384
f 2344/2499/2344 2379/2510/2379 2385/2087/2385
f 2343/2498/2343 2377/2508/2377 2379/2510/2379
f 2342/2497/2342 2380/2511/2380 2377/2508/2377
f 1743/2064/1743 1742/2063/1742 2380/2511/2380
f 1742/2063/1742 1756/2077/1756 2383/2514/2383
f 1756/2077/1756 1754/2075/1754 2386/2516/2386
f 1754/2075/1754 1755/2076/1755 2387/2517/2387
f 2386/2516/2386 2387/2517/2387 2388/2518/2388
f 2384/2515/2384 2388/2518/2388 2389/2519/2389
f 2382/2513/2382 2389/2519/2389 1730/2050/1730
f 2378/2509/2378 2382/2513/2382 2390/2095/2390
f 2379/2510/2379 2378/2509/2378 2391/2096/2391
f 2392/2520/2392 2395/2523/2395 2393/2521/2393
f 2395/2523/2395 2400/2529/2400 2396/2524/2396
f 2394/2522/2394 2393/2521/2393 2397/2525/2397
f 2393/2521/2393 2396/2524/2396 2399/2527/2399
f 2228/2434/2228 2278/2472/2278 2392/2528/2392
f 2278/2471/2278 2277/2470/2277 2395/2523/2395
f 2277/2470/2277 2276/2469/2276 2400/2529/2400
f 2276/2469/2276 2485/2572/2485 2401/2530/2401
f 2400/2529/2400 2401/2530/2401 2402/2531/2402
f 2396/2524/2396 2402/2531/2402 2403/2532/2403
f 2399/2445/2399 2403/2590/2403 1755/2076/1755
f 2397/2444/2397 2399/2445/2399 1753/2074/1753
f 2398/2533/2398 2397/2444/2397 1752/2073/1752
f 2094/2143/2094 2398/2533/2398 1751/2072/1751
f 2093/2321/2093 2394/2535/2394 2398/2534/2398
f 2092/2320/2092 2392/2528/2392 2394/2535/2394
f 1896/2240/1896 2406/2239/2406 1984/2241/1984
f 1895/2238/1895 2404/2237/2404 2406/2239/2406
f 1892/2236/1892 2407/2234/2407 2404/2237/2404
f 1894/2233/1894 2412/2235/2412 2407/2234/2407
f 2416/2081/2416 2420/2079/2420 2417/2082/2417
f 2419/2078/2419 2422/2080/2422 2420/2079/2420
f 2420/2079/2420 2423/2083/2423 2421/2085/2421
f 2422/2080/2422 2427/2084/2427 2423/2083/2423
f 1881/2091/1881 2424/2090/2424 2418/2092/2418
f 2424/2090/2424 2425/2089/2425 2416/2081/2416
f 2425/2089/2425 2426/2086/2426 2419/2078/2419
f 2426/2086/2426 2345/2088/2345 2385/2087/2385
f 2419/2078/2419 2385/2087/2385 2391/2096/2391
f 2391/2096/2391 2390/2095/2390 2427/2084/2427
f 2390/2095/2390 1730/2050/1730 1729/2048/1729
f 2427/2084/2427 1729/2048/1729 1728/2047/1728
f 2423/2083/2423 1728/2047/1728 1727/2045/1727
f 2421/2085/2421 1727/2045/1727 1726/2044/1726
f 2417/2082/2417 2421/2085/2421 1797/2094/1797
f 2418/2092/2418 2417/2082/2417 1795/2115/1795
f 2428/2179/2428 2431/2176/2431 2429/2180/2429
f 2431/2176/2431 2436/2178/2436 2432/2177/2432
f 2430/2537/2430 2429/2180/2429 2433/2183/2433
f 2429/2180/2429 2432/2177/2432 2435/2538/2435
f 1695/2539/1695 1693/2490/1693 2338/2489/2338
f 2436/2178/2436 2338/2193/2338 2347/2192/2347
f 2432/2177/2432 2347/2192/2347 2346/2191/2346
f 2435/2538/2435 2346/2191/2346 2345/2088/2345
f 2433/2183/2433 2435/2538/2435 2426/2086/2426
f 2434/2189/2434 2433/2183/2433 2425/2089/2425
f 1880/2190/1880 2434/2189/2434 2424/2090/2424
f 1879/2188/1879 2430/2537/2430 2434/2189/2434
f 1878/2541/1878 2428/2179/2428 2430/2537/2430
f 1854/2023/1854 2302/2025/2302 2440/2024/2440
f 2457/2543/2457 2460/2546/2460 2458/2544/2458
f 2460/2546/2460 2467/2554/2467 2461/2547/2461
f 2458/2544/2458 2463/2549/2463 2462/2548/2462
f 2461/2547/2461 2468/2555/2468 2463/2549/2463
f 2256/2076/2256 2464/2517/2464 2457/2550/2457
f 2464/2517/2464 2466/2518/2466 2460/2552/2460
f 2465/2519/2465 2467/2553/2467 2460/2552/2460
f 2465/2519/2465 1779/2050/1779 2135/2051/2135
f 2135/2374/2135 2141/2373/2141 2461/2547/2461
f 2461/2547/2461 2141/2373/2141 2140/2372/2140
f 2140/2372/2140 2121/2354/2121 2469/2556/2469
f 2468/2555/2468 2469/2556/2469 2470/2557/2470
f 2462/2548/2462 2463/2549/2463 2470/2557/2470
f 2462/2548/2462 2471/2558/2471 2472/2559/2472
f 2459/2545/2459 2462/2548/2462 2260/2449/2260
f 2257/2446/2257 2457/2543/2457 2459/2545/2459
f 2473/2560/2473 2477/2564/2477 2474/2561/2474
f 2476/2563/2476 2481/2568/2481 2477/2564/2477
f 2477/2564/2477 2480/2567/2480 2478/2565/2478
f 2477/2564/2477 2481/2568/2481 2479/2566/2479
f 2471/2558/2471 2475/2562/2475 2272/2465/2272
f 2471/2558/2471 2470/2557/2470 2473/2560/2473
f 2469/2556/2469 2476/2563/2476 2473/2560/2473
f 2469/2556/2469 2121/2354/2121 2120/2353/2120
f 2476/2563/2476 2120/2353/2120 2126/2359/2126
f 2126/2359/2126 2125/2358/2125 2479/2566/2479
f 2125/2358/2125 1717/2034/1717 2482/2569/2482
f 2479/2566/2479 2482/2569/2482 2483/2570/2483
f 2480/2567/2480 2483/2570/2483 2484/2571/2484
f 2478/2565/2478 2484/2571/2484 2485/2572/2485
f 2474/2561/2474 2478/2565/2478 2274/2467/2274
f 2272/2465/2272 2475/2562/2475 2474/2561/2474
f 2511/2483/2511 2514/2480/2514 2512/2484/2512
f 2514/2480/2514 2519/2482/2519 2515/2481/2515
f 2513/2486/2513 2512/2484/2512 2516/2487/2516
f 2512/2484/2512 2515/2481/2515 2518/2485/2518
f 1932/2574/1932 2306/2576/2306 2511/2575/2511
f 2306/2576/2306 2304/2578/2304 2514/2577/2514
f 2304/2578/2304 2303/2580/2303 2519/2579/2519
f 2303/2580/2303 1854/2186/1854 1853/2185/1853
f 2519/2482/2519 1853/2193/1853 1863/2192/1863
f 2515/2481/2515 1863/2192/1863 1862/2191/1862
f 2518/2485/2518 1862/2191/1862 1767/2088/1767
f 2516/2487/2516 2518/2485/2518 2520/2499/2520
f 2517/2573/2517 2516/2487/2516 2521/2498/2521
f 2359/2230/2359 2517/2573/2517 2522/2497/2522
f 2358/2231/2358 2513/2486/2513 2517/2573/2517
f 2357/2232/2357 2511/2483/2511 2513/2486/2513
f 2523/2511/2523 2526/2508/2526 2524/2512/2524
f 2526/2508/2526 2531/2510/2531 2527/2509/2527
f 2525/2514/2525 2524/2512/2524 2528/2515/2528
f 2524/2512/2524 2527/2509/2527 2530/2513/2530
f 2360/2064/2360 2522/2497/2522 2523/2511/2523
f 2522/2497/2522 2521/2498/2521 2526/2508/2526
f 2521/2498/2521 2520/2499/2520 2531/2510/2531
f 2520/2499/2520 1767/2088/1767 1766/2087/1766
f 2531/2510/2531 1766/2087/1766 1780/2096/1780
f 2527/2509/2527 1780/2096/1780 1778/2095/1778
f 2530/2513/2530 1778/2095/1778 1779/2050/1779
f 2528/2515/2528 2530/2513/2530 2465/2519/2465
f 2529/2516/2529 2528/2515/2528 2466/2518/2466
f 2374/2075/2374 2529/2516/2529 2464/2517/2464
f 2373/2077/2373 2525/2514/2525 2529/2516/2529
f 2372/2063/2372 2523/2511/2523 2525/2514/2525
f 2532/2581/2532 2536/2585/2536 2533/2582/2533
f 2535/2584/2535 2539/2588/2539 2536/2585/2536
f 2533/2582/2533 2536/2585/2536 2537/2586/2537
f 2539/2588/2539 2540/2589/2540 2537/2586/2537
f 2484/2571/2484 2534/2583/2534 2401/2530/2401
f 2484/2571/2484 2483/2570/2483 2532/2581/2532
f 2482/2569/2482 2535/2584/2535 2532/2581/2532
f 2482/2569/2482 1717/2034/1717 1718/2035/1718
f 1718/2035/1718 1732/2052/1732 2539/2588/2539
f 2539/2588/2539 1732/2052/1732 1731/2053/1731
f 1731/2051/1731 1730/2050/1730 2389/2519/2389
f 2540/2553/2540 2389/2519/2389 2388/2518/2388
f 2538/2550/2538 2537/2552/2537 2388/2518/2388
f 2403/2590/2403 2538/2550/2538 2387/2517/2387
f 2402/2531/2402 2533/2582/2533 2538/2587/2538
f 2401/2530/2401 2534/2583/2534 2533/2582/2533
f 2340/2479/2340 2543/2478/2543 2412/2235/2412
f 2339/2477/2339 2541/2476/2541 2543/2478/2543
f 2337/2475/2337 2544/2474/2544 2541/2476/2541
f 1693/2023/1693 1694/2025/1694 2544/2474/2544
# Vertices: 866, normals: 866, texture coordinates: 911, faces: 1728

